/*
SQLyog Ultimate v12.5.1 (64 bit)
MySQL - 10.3.25-MariaDB : Database - kprmfisi_pemilu
*********************************************************************
*/

/*!40101 SET NAMES utf8 */;

/*!40101 SET SQL_MODE=''*/;

/*!40014 SET @OLD_UNIQUE_CHECKS=@@UNIQUE_CHECKS, UNIQUE_CHECKS=0 */;
/*!40014 SET @OLD_FOREIGN_KEY_CHECKS=@@FOREIGN_KEY_CHECKS, FOREIGN_KEY_CHECKS=0 */;
/*!40101 SET @OLD_SQL_MODE=@@SQL_MODE, SQL_MODE='NO_AUTO_VALUE_ON_ZERO' */;
/*!40111 SET @OLD_SQL_NOTES=@@SQL_NOTES, SQL_NOTES=0 */;
CREATE DATABASE /*!32312 IF NOT EXISTS*/`kprmfisi_pemilu` /*!40100 DEFAULT CHARACTER SET latin1 */;

USE `kprmfisi_pemilu`;

/*Table structure for table `angkatans` */

DROP TABLE IF EXISTS `angkatans`;

CREATE TABLE `angkatans` (
  `id` int(11) NOT NULL AUTO_INCREMENT,
  `angkatan` int(11) DEFAULT NULL,
  `created_at` timestamp NULL DEFAULT NULL,
  `updated_at` timestamp NULL DEFAULT NULL,
  PRIMARY KEY (`id`)
) ENGINE=InnoDB AUTO_INCREMENT=10 DEFAULT CHARSET=utf8mb4 COLLATE=utf8mb4_unicode_ci;

/*Data for the table `angkatans` */

insert  into `angkatans`(`id`,`angkatan`,`created_at`,`updated_at`) values 
(1,2012,'2020-09-29 00:50:23','2020-09-29 00:50:24'),
(2,2013,'2020-09-29 00:50:26','2020-09-29 00:50:28'),
(3,2014,'2020-09-29 00:50:30','2020-09-29 00:50:32'),
(4,2015,'2020-09-29 00:50:35','2020-09-29 00:50:37'),
(5,2016,'2020-09-29 00:50:39','2020-09-29 00:50:41'),
(6,2017,'2020-09-29 00:50:43','2020-09-29 00:50:46'),
(7,2018,'2020-09-29 00:50:48','2020-09-29 00:50:50'),
(8,2019,'2020-09-29 00:50:52','2020-09-29 00:50:54'),
(9,2020,'2020-09-29 00:50:56','2020-09-29 00:50:57');

/*Table structure for table `calons` */

DROP TABLE IF EXISTS `calons`;

CREATE TABLE `calons` (
  `id` int(11) NOT NULL AUTO_INCREMENT,
  `nama` varchar(100) COLLATE utf8mb4_unicode_ci DEFAULT NULL,
  `nim` varchar(12) COLLATE utf8mb4_unicode_ci DEFAULT NULL,
  `angkatan` varchar(100) COLLATE utf8mb4_unicode_ci DEFAULT NULL,
  `prodi` varchar(100) COLLATE utf8mb4_unicode_ci DEFAULT NULL,
  `deskripsi` text COLLATE utf8mb4_unicode_ci DEFAULT NULL,
  `visi` text COLLATE utf8mb4_unicode_ci DEFAULT NULL,
  `misi` text COLLATE utf8mb4_unicode_ci DEFAULT NULL,
  `foto` text COLLATE utf8mb4_unicode_ci DEFAULT NULL,
  `created_at` timestamp NULL DEFAULT NULL,
  `updated_at` timestamp NULL DEFAULT NULL,
  PRIMARY KEY (`id`)
) ENGINE=InnoDB AUTO_INCREMENT=7 DEFAULT CHARSET=utf8mb4 COLLATE=utf8mb4_unicode_ci;

/*Data for the table `calons` */

insert  into `calons`(`id`,`nama`,`nim`,`angkatan`,`prodi`,`deskripsi`,`visi`,`misi`,`foto`,`created_at`,`updated_at`) values 
(5,'Komang Gelen Stalin & I Dewa Gede Taksu Septa Reksa','1812541001','2018','Ilmu Politik&Administrasi Negara','<p>Riwayat Organisasi</p><p><strong>Komang Gelen Stalin</strong></p><p>1. Bem Fisip Universitas Udayana 2019-sekarang</p><p><strong>&nbsp;I Dewa Gede Taksu Septa Reksa</strong></p><p>1. Bem Fisip Universitas Udayana 2019-sekarang</p>','<p>Terwujudnya BEM FISIP Universitas Udayana yang berjiwa sosial, berani, gigih, bertanggung jawab, dan berkeinginan belajar yang tinggi, serta mampu menciptakan suasana yang hangat dan kekeluargaan baik di lingkungan FISIP Udayana ataupun sekitarnya.</p>','<p>1. Menjadikan BEM FISIP UNUD sebagai wadah untuk mengembangkan kompetensi diri,</p><p>2. Menjadikan BEM FISIP UNUD berani dan bertanggung jawab dalam melihat permasalahan sosial dan politik dari berbagai sisi,</p><p>3. Mewujudkan BEM FISIP UNUD yang mempunyai jiwa gigih untuk mengabdi serta peduli terhadap lingkungan,</p><p>4. Menjadikan BEM FISIP UNUD contoh dan panutan yang baik untuk orang lain dengan menciptakan suasana yang hangat dan kekeluargaan baik di internal maupun eksternal,</p><p>5. Menjadikan Tri Dharma Perguruan Tinggi sebagai dasar seluruh kegiatan yang dilaksanakan BEM FISIP UNUD.</p>','1604246744_1602492720147-min-removebg-preview.png','2020-11-01 15:17:50','2020-11-01 16:05:44'),
(6,'Surat Suara Kosong','-','0000','-','<p>-</p>','<p>-</p>','<p>-</p>','1604248157_siloete.png','2020-11-01 16:02:27','2020-11-01 16:29:17');

/*Table structure for table `migrations` */

DROP TABLE IF EXISTS `migrations`;

CREATE TABLE `migrations` (
  `id` int(10) unsigned NOT NULL AUTO_INCREMENT,
  `migration` varchar(255) COLLATE utf8mb4_unicode_ci NOT NULL,
  `batch` int(11) NOT NULL,
  PRIMARY KEY (`id`)
) ENGINE=InnoDB AUTO_INCREMENT=8 DEFAULT CHARSET=utf8mb4 COLLATE=utf8mb4_unicode_ci;

/*Data for the table `migrations` */

insert  into `migrations`(`id`,`migration`,`batch`) values 
(1,'2014_10_12_000000_create_users_table',1),
(2,'2020_01_02_153744_create_calons_table',1),
(3,'2020_01_02_235207_create_pemilihs_table',1),
(4,'2020_01_05_130002_create_pemilihans_table',2),
(5,'2020_01_05_130308_setting_waktu',2),
(6,'2014_10_12_100000_create_password_resets_table',3),
(7,'2019_08_19_000000_create_failed_jobs_table',3);

/*Table structure for table `pemilihans` */

DROP TABLE IF EXISTS `pemilihans`;

CREATE TABLE `pemilihans` (
  `id` bigint(20) unsigned NOT NULL AUTO_INCREMENT,
  `id_calon` int(10) unsigned NOT NULL,
  `id_pemilih` int(10) unsigned NOT NULL,
  `created_at` timestamp NULL DEFAULT NULL,
  `updated_at` timestamp NULL DEFAULT NULL,
  PRIMARY KEY (`id`)
) ENGINE=InnoDB AUTO_INCREMENT=716 DEFAULT CHARSET=utf8mb4 COLLATE=utf8mb4_unicode_ci;

/*Data for the table `pemilihans` */

insert  into `pemilihans`(`id`,`id_calon`,`id_pemilih`,`created_at`,`updated_at`) values 
(1,5,709,'2020-11-02 00:35:22','2020-11-02 00:35:22'),
(2,5,52,'2020-11-02 00:36:02','2020-11-02 00:36:02'),
(3,5,705,'2020-11-02 00:36:02','2020-11-02 00:36:02'),
(4,6,554,'2020-11-02 00:36:33','2020-11-02 00:36:33'),
(5,5,742,'2020-11-02 00:37:28','2020-11-02 00:37:28'),
(6,5,377,'2020-11-02 00:37:34','2020-11-02 00:37:34'),
(7,6,51,'2020-11-02 00:38:47','2020-11-02 00:38:47'),
(8,5,447,'2020-11-02 00:38:56','2020-11-02 00:38:56'),
(9,5,844,'2020-11-02 00:39:28','2020-11-02 00:39:28'),
(10,5,640,'2020-11-02 00:40:06','2020-11-02 00:40:06'),
(11,5,346,'2020-11-02 00:40:22','2020-11-02 00:40:22'),
(12,5,389,'2020-11-02 00:40:28','2020-11-02 00:40:28'),
(13,5,312,'2020-11-02 00:40:59','2020-11-02 00:40:59'),
(14,5,217,'2020-11-02 00:41:10','2020-11-02 00:41:10'),
(15,5,187,'2020-11-02 00:41:13','2020-11-02 00:41:13'),
(16,5,310,'2020-11-02 00:41:16','2020-11-02 00:41:16'),
(17,5,759,'2020-11-02 00:41:19','2020-11-02 00:41:19'),
(18,5,917,'2020-11-02 00:41:25','2020-11-02 00:41:25'),
(19,5,911,'2020-11-02 00:41:28','2020-11-02 00:41:28'),
(20,5,923,'2020-11-02 00:41:35','2020-11-02 00:41:35'),
(21,5,273,'2020-11-02 00:41:41','2020-11-02 00:41:41'),
(22,5,54,'2020-11-02 00:41:46','2020-11-02 00:41:46'),
(23,5,228,'2020-11-02 00:41:47','2020-11-02 00:41:47'),
(24,5,183,'2020-11-02 00:42:09','2020-11-02 00:42:09'),
(25,5,546,'2020-11-02 00:42:14','2020-11-02 00:42:14'),
(26,5,887,'2020-11-02 00:42:29','2020-11-02 00:42:29'),
(27,5,831,'2020-11-02 00:42:31','2020-11-02 00:42:31'),
(28,5,932,'2020-11-02 00:42:35','2020-11-02 00:42:35'),
(29,5,407,'2020-11-02 00:42:40','2020-11-02 00:42:40'),
(30,5,213,'2020-11-02 00:42:47','2020-11-02 00:42:47'),
(31,5,883,'2020-11-02 00:42:47','2020-11-02 00:42:47'),
(32,5,199,'2020-11-02 00:42:54','2020-11-02 00:42:54'),
(33,5,797,'2020-11-02 00:42:55','2020-11-02 00:42:55'),
(34,6,130,'2020-11-02 00:43:13','2020-11-02 00:43:13'),
(35,6,912,'2020-11-02 00:43:15','2020-11-02 00:43:15'),
(36,5,959,'2020-11-02 00:43:19','2020-11-02 00:43:19'),
(37,6,130,'2020-11-02 00:43:23','2020-11-02 00:43:23'),
(38,5,382,'2020-11-02 00:43:33','2020-11-02 00:43:33'),
(39,5,372,'2020-11-02 00:43:38','2020-11-02 00:43:38'),
(40,5,208,'2020-11-02 00:43:42','2020-11-02 00:43:42'),
(41,5,919,'2020-11-02 00:43:49','2020-11-02 00:43:49'),
(42,5,249,'2020-11-02 00:43:53','2020-11-02 00:43:53'),
(43,6,342,'2020-11-02 00:43:55','2020-11-02 00:43:55'),
(44,5,953,'2020-11-02 00:44:00','2020-11-02 00:44:00'),
(45,5,359,'2020-11-02 00:44:12','2020-11-02 00:44:12'),
(46,5,779,'2020-11-02 00:44:24','2020-11-02 00:44:24'),
(47,5,239,'2020-11-02 00:44:28','2020-11-02 00:44:28'),
(48,5,708,'2020-11-02 00:44:30','2020-11-02 00:44:30'),
(49,5,322,'2020-11-02 00:44:40','2020-11-02 00:44:40'),
(50,5,216,'2020-11-02 00:44:46','2020-11-02 00:44:46'),
(51,5,178,'2020-11-02 00:44:48','2020-11-02 00:44:48'),
(52,5,230,'2020-11-02 00:44:50','2020-11-02 00:44:50'),
(53,5,457,'2020-11-02 00:44:50','2020-11-02 00:44:50'),
(54,5,215,'2020-11-02 00:45:09','2020-11-02 00:45:09'),
(55,5,604,'2020-11-02 00:45:13','2020-11-02 00:45:13'),
(56,6,808,'2020-11-02 00:45:14','2020-11-02 00:45:14'),
(57,5,262,'2020-11-02 00:45:20','2020-11-02 00:45:20'),
(58,5,191,'2020-11-02 00:45:21','2020-11-02 00:45:21'),
(59,5,569,'2020-11-02 00:45:22','2020-11-02 00:45:22'),
(60,5,403,'2020-11-02 00:45:25','2020-11-02 00:45:25'),
(61,5,733,'2020-11-02 00:45:36','2020-11-02 00:45:36'),
(62,5,244,'2020-11-02 00:45:36','2020-11-02 00:45:36'),
(63,5,191,'2020-11-02 00:45:46','2020-11-02 00:45:46'),
(64,5,246,'2020-11-02 00:45:56','2020-11-02 00:45:56'),
(65,5,890,'2020-11-02 00:46:01','2020-11-02 00:46:01'),
(66,5,512,'2020-11-02 00:46:03','2020-11-02 00:46:03'),
(67,5,807,'2020-11-02 00:46:13','2020-11-02 00:46:13'),
(68,5,198,'2020-11-02 00:46:19','2020-11-02 00:46:19'),
(70,5,195,'2020-11-02 00:46:27','2020-11-02 00:46:27'),
(71,5,958,'2020-11-02 00:46:31','2020-11-02 00:46:31'),
(72,5,754,'2020-11-02 00:46:46','2020-11-02 00:46:46'),
(73,5,268,'2020-11-02 00:46:51','2020-11-02 00:46:51'),
(74,5,916,'2020-11-02 00:46:52','2020-11-02 00:46:52'),
(75,5,232,'2020-11-02 00:47:01','2020-11-02 00:47:01'),
(76,5,397,'2020-11-02 00:47:04','2020-11-02 00:47:04'),
(77,5,318,'2020-11-02 00:47:06','2020-11-02 00:47:06'),
(78,5,186,'2020-11-02 00:47:10','2020-11-02 00:47:10'),
(79,5,802,'2020-11-02 00:47:15','2020-11-02 00:47:15'),
(80,5,419,'2020-11-02 00:47:17','2020-11-02 00:47:17'),
(81,5,265,'2020-11-02 00:47:37','2020-11-02 00:47:37'),
(82,5,929,'2020-11-02 00:47:45','2020-11-02 00:47:45'),
(83,5,284,'2020-11-02 00:47:46','2020-11-02 00:47:46'),
(84,5,307,'2020-11-02 00:47:58','2020-11-02 00:47:58'),
(85,5,768,'2020-11-02 00:48:00','2020-11-02 00:48:00'),
(86,5,224,'2020-11-02 00:48:08','2020-11-02 00:48:08'),
(87,5,366,'2020-11-02 00:48:50','2020-11-02 00:48:50'),
(88,5,866,'2020-11-02 00:48:55','2020-11-02 00:48:55'),
(89,5,223,'2020-11-02 00:48:59','2020-11-02 00:48:59'),
(90,5,719,'2020-11-02 00:49:02','2020-11-02 00:49:02'),
(91,5,222,'2020-11-02 00:49:02','2020-11-02 00:49:02'),
(92,5,906,'2020-11-02 00:49:07','2020-11-02 00:49:07'),
(93,5,966,'2020-11-02 00:49:09','2020-11-02 00:49:09'),
(94,5,375,'2020-11-02 00:49:10','2020-11-02 00:49:10'),
(95,5,193,'2020-11-02 00:49:15','2020-11-02 00:49:15'),
(96,5,245,'2020-11-02 00:49:16','2020-11-02 00:49:16'),
(97,5,226,'2020-11-02 00:49:16','2020-11-02 00:49:16'),
(98,5,498,'2020-11-02 00:49:19','2020-11-02 00:49:19'),
(99,5,805,'2020-11-02 00:49:23','2020-11-02 00:49:23'),
(100,5,862,'2020-11-02 00:49:25','2020-11-02 00:49:25'),
(101,5,210,'2020-11-02 00:49:30','2020-11-02 00:49:30'),
(102,5,261,'2020-11-02 00:49:37','2020-11-02 00:49:37'),
(103,5,406,'2020-11-02 00:49:47','2020-11-02 00:49:47'),
(104,5,387,'2020-11-02 00:49:47','2020-11-02 00:49:47'),
(105,5,736,'2020-11-02 00:49:48','2020-11-02 00:49:48'),
(106,5,206,'2020-11-02 00:50:03','2020-11-02 00:50:03'),
(108,5,314,'2020-11-02 00:50:05','2020-11-02 00:50:05'),
(109,5,570,'2020-11-02 00:50:08','2020-11-02 00:50:08'),
(110,5,405,'2020-11-02 00:50:25','2020-11-02 00:50:25'),
(111,6,565,'2020-11-02 00:50:26','2020-11-02 00:50:26'),
(112,5,229,'2020-11-02 00:50:28','2020-11-02 00:50:28'),
(113,5,257,'2020-11-02 00:50:33','2020-11-02 00:50:33'),
(114,5,559,'2020-11-02 00:50:37','2020-11-02 00:50:37'),
(115,5,544,'2020-11-02 00:50:45','2020-11-02 00:50:45'),
(116,5,727,'2020-11-02 00:50:50','2020-11-02 00:50:50'),
(117,5,192,'2020-11-02 00:51:09','2020-11-02 00:51:09'),
(118,5,738,'2020-11-02 00:51:15','2020-11-02 00:51:15'),
(119,5,251,'2020-11-02 00:51:22','2020-11-02 00:51:22'),
(120,5,683,'2020-11-02 00:52:05','2020-11-02 00:52:05'),
(121,5,591,'2020-11-02 00:52:14','2020-11-02 00:52:14'),
(122,5,399,'2020-11-02 00:52:15','2020-11-02 00:52:15'),
(123,5,676,'2020-11-02 00:52:35','2020-11-02 00:52:35'),
(124,5,697,'2020-11-02 00:52:48','2020-11-02 00:52:48'),
(125,5,413,'2020-11-02 00:52:52','2020-11-02 00:52:52'),
(126,5,747,'2020-11-02 00:53:14','2020-11-02 00:53:14'),
(127,5,360,'2020-11-02 00:53:30','2020-11-02 00:53:30'),
(128,5,555,'2020-11-02 00:53:33','2020-11-02 00:53:33'),
(129,5,553,'2020-11-02 00:53:34','2020-11-02 00:53:34'),
(130,5,943,'2020-11-02 00:53:36','2020-11-02 00:53:36'),
(131,5,889,'2020-11-02 00:53:41','2020-11-02 00:53:41'),
(132,5,209,'2020-11-02 00:53:53','2020-11-02 00:53:53'),
(133,5,285,'2020-11-02 00:54:14','2020-11-02 00:54:14'),
(134,5,965,'2020-11-02 00:54:27','2020-11-02 00:54:27'),
(135,5,528,'2020-11-02 00:54:31','2020-11-02 00:54:31'),
(136,5,575,'2020-11-02 00:54:55','2020-11-02 00:54:55'),
(137,5,448,'2020-11-02 00:54:58','2020-11-02 00:54:58'),
(138,5,196,'2020-11-02 00:55:03','2020-11-02 00:55:03'),
(139,5,66,'2020-11-02 00:55:04','2020-11-02 00:55:04'),
(140,5,726,'2020-11-02 00:55:40','2020-11-02 00:55:40'),
(141,5,624,'2020-11-02 00:56:01','2020-11-02 00:56:01'),
(142,5,353,'2020-11-02 00:56:20','2020-11-02 00:56:20'),
(143,5,248,'2020-11-02 00:56:27','2020-11-02 00:56:27'),
(144,5,266,'2020-11-02 00:56:30','2020-11-02 00:56:30'),
(145,5,751,'2020-11-02 00:56:38','2020-11-02 00:56:38'),
(146,5,365,'2020-11-02 00:56:41','2020-11-02 00:56:41'),
(147,5,814,'2020-11-02 00:57:14','2020-11-02 00:57:14'),
(148,5,392,'2020-11-02 00:57:20','2020-11-02 00:57:20'),
(149,5,207,'2020-11-02 00:57:24','2020-11-02 00:57:24'),
(150,5,388,'2020-11-02 00:57:34','2020-11-02 00:57:34'),
(151,5,488,'2020-11-02 00:57:36','2020-11-02 00:57:36'),
(152,5,488,'2020-11-02 00:57:47','2020-11-02 00:57:47'),
(153,5,319,'2020-11-02 00:57:55','2020-11-02 00:57:55'),
(154,5,888,'2020-11-02 00:58:11','2020-11-02 00:58:11'),
(155,5,181,'2020-11-02 00:58:39','2020-11-02 00:58:39'),
(156,5,231,'2020-11-02 00:58:50','2020-11-02 00:58:50'),
(157,5,446,'2020-11-02 00:58:59','2020-11-02 00:58:59'),
(158,5,313,'2020-11-02 01:00:42','2020-11-02 01:00:42'),
(159,5,343,'2020-11-02 01:00:45','2020-11-02 01:00:45'),
(160,5,179,'2020-11-02 01:00:46','2020-11-02 01:00:46'),
(161,5,338,'2020-11-02 01:00:55','2020-11-02 01:00:55'),
(162,6,818,'2020-11-02 01:02:12','2020-11-02 01:02:12'),
(163,5,221,'2020-11-02 01:02:18','2020-11-02 01:02:18'),
(164,5,722,'2020-11-02 01:02:27','2020-11-02 01:02:27'),
(165,5,408,'2020-11-02 01:02:41','2020-11-02 01:02:41'),
(166,5,409,'2020-11-02 01:02:52','2020-11-02 01:02:52'),
(167,5,455,'2020-11-02 01:02:55','2020-11-02 01:02:55'),
(168,5,850,'2020-11-02 01:03:18','2020-11-02 01:03:18'),
(169,5,647,'2020-11-02 01:03:23','2020-11-02 01:03:23'),
(170,5,720,'2020-11-02 01:04:34','2020-11-02 01:04:34'),
(171,5,401,'2020-11-02 01:04:42','2020-11-02 01:04:42'),
(172,5,432,'2020-11-02 01:05:47','2020-11-02 01:05:47'),
(173,5,336,'2020-11-02 01:05:54','2020-11-02 01:05:54'),
(174,5,384,'2020-11-02 01:05:55','2020-11-02 01:05:55'),
(175,5,734,'2020-11-02 01:06:12','2020-11-02 01:06:12'),
(176,5,275,'2020-11-02 01:06:57','2020-11-02 01:06:57'),
(177,5,724,'2020-11-02 01:07:13','2020-11-02 01:07:13'),
(178,5,361,'2020-11-02 01:07:16','2020-11-02 01:07:16'),
(179,5,188,'2020-11-02 01:08:24','2020-11-02 01:08:24'),
(180,5,960,'2020-11-02 01:09:01','2020-11-02 01:09:01'),
(181,5,586,'2020-11-02 01:09:41','2020-11-02 01:09:41'),
(182,5,395,'2020-11-02 01:09:43','2020-11-02 01:09:43'),
(183,5,469,'2020-11-02 01:10:25','2020-11-02 01:10:25'),
(184,5,776,'2020-11-02 01:11:11','2020-11-02 01:11:11'),
(185,5,699,'2020-11-02 01:12:22','2020-11-02 01:12:22'),
(186,5,700,'2020-11-02 01:12:25','2020-11-02 01:12:25'),
(187,5,629,'2020-11-02 01:12:28','2020-11-02 01:12:28'),
(188,5,606,'2020-11-02 01:13:50','2020-11-02 01:13:50'),
(189,5,718,'2020-11-02 01:13:51','2020-11-02 01:13:51'),
(190,5,625,'2020-11-02 01:13:53','2020-11-02 01:13:53'),
(191,5,599,'2020-11-02 01:14:19','2020-11-02 01:14:19'),
(192,6,304,'2020-11-02 01:14:36','2020-11-02 01:14:36'),
(193,5,462,'2020-11-02 01:14:39','2020-11-02 01:14:39'),
(194,5,723,'2020-11-02 01:14:58','2020-11-02 01:14:58'),
(195,5,386,'2020-11-02 01:15:12','2020-11-02 01:15:12'),
(196,5,612,'2020-11-02 01:16:00','2020-11-02 01:16:00'),
(197,6,816,'2020-11-02 01:16:14','2020-11-02 01:16:14'),
(198,5,347,'2020-11-02 01:16:34','2020-11-02 01:16:34'),
(199,5,968,'2020-11-02 01:16:35','2020-11-02 01:16:35'),
(200,5,955,'2020-11-02 01:16:49','2020-11-02 01:16:49'),
(201,5,632,'2020-11-02 01:17:09','2020-11-02 01:17:09'),
(202,5,886,'2020-11-02 01:17:12','2020-11-02 01:17:12'),
(203,5,799,'2020-11-02 01:17:35','2020-11-02 01:17:35'),
(204,5,124,'2020-11-02 01:18:26','2020-11-02 01:18:26'),
(205,5,476,'2020-11-02 01:18:33','2020-11-02 01:18:33'),
(206,5,184,'2020-11-02 01:18:40','2020-11-02 01:18:40'),
(207,5,820,'2020-11-02 01:19:51','2020-11-02 01:19:51'),
(208,5,794,'2020-11-02 01:19:55','2020-11-02 01:19:55'),
(209,5,185,'2020-11-02 01:20:24','2020-11-02 01:20:24'),
(220,5,561,'2020-11-02 01:20:46','2020-11-02 01:20:46'),
(222,5,50,'2020-11-02 01:21:29','2020-11-02 01:21:29'),
(223,5,470,'2020-11-02 01:21:30','2020-11-02 01:21:30'),
(226,5,617,'2020-11-02 01:22:02','2020-11-02 01:22:02'),
(227,5,323,'2020-11-02 01:22:40','2020-11-02 01:22:40'),
(228,5,613,'2020-11-02 01:22:46','2020-11-02 01:22:46'),
(229,5,622,'2020-11-02 01:22:52','2020-11-02 01:22:52'),
(230,5,777,'2020-11-02 01:22:54','2020-11-02 01:22:54'),
(231,5,334,'2020-11-02 01:23:26','2020-11-02 01:23:26'),
(232,5,621,'2020-11-02 01:24:11','2020-11-02 01:24:11'),
(233,5,635,'2020-11-02 01:24:22','2020-11-02 01:24:22'),
(234,6,414,'2020-11-02 01:24:28','2020-11-02 01:24:28'),
(235,5,53,'2020-11-02 01:24:53','2020-11-02 01:24:53'),
(236,5,180,'2020-11-02 01:25:37','2020-11-02 01:25:37'),
(237,5,950,'2020-11-02 01:25:38','2020-11-02 01:25:38'),
(238,5,331,'2020-11-02 01:25:48','2020-11-02 01:25:48'),
(239,5,504,'2020-11-02 01:26:05','2020-11-02 01:26:05'),
(240,5,60,'2020-11-02 01:26:26','2020-11-02 01:26:26'),
(241,5,400,'2020-11-02 01:26:30','2020-11-02 01:26:30'),
(242,5,345,'2020-11-02 01:27:21','2020-11-02 01:27:21'),
(243,5,87,'2020-11-02 01:27:26','2020-11-02 01:27:26'),
(244,6,765,'2020-11-02 01:28:01','2020-11-02 01:28:01'),
(245,5,320,'2020-11-02 01:30:05','2020-11-02 01:30:05'),
(246,5,674,'2020-11-02 01:30:19','2020-11-02 01:30:19'),
(247,5,49,'2020-11-02 01:31:11','2020-11-02 01:31:11'),
(248,5,58,'2020-11-02 01:31:21','2020-11-02 01:31:21'),
(249,5,790,'2020-11-02 01:32:26','2020-11-02 01:32:26'),
(250,5,351,'2020-11-02 01:33:14','2020-11-02 01:33:14'),
(251,5,761,'2020-11-02 01:33:27','2020-11-02 01:33:27'),
(252,5,800,'2020-11-02 01:35:39','2020-11-02 01:35:39'),
(253,5,658,'2020-11-02 01:36:11','2020-11-02 01:36:11'),
(254,5,379,'2020-11-02 01:36:38','2020-11-02 01:36:38'),
(255,5,933,'2020-11-02 01:36:49','2020-11-02 01:36:49'),
(256,5,789,'2020-11-02 01:37:14','2020-11-02 01:37:14'),
(257,5,961,'2020-11-02 01:37:15','2020-11-02 01:37:15'),
(258,6,773,'2020-11-02 01:38:01','2020-11-02 01:38:01'),
(259,5,344,'2020-11-02 01:38:18','2020-11-02 01:38:18'),
(260,5,38,'2020-11-02 01:38:57','2020-11-02 01:38:57'),
(261,5,308,'2020-11-02 01:39:06','2020-11-02 01:39:06'),
(262,5,940,'2020-11-02 01:39:06','2020-11-02 01:39:06'),
(263,5,461,'2020-11-02 01:40:01','2020-11-02 01:40:01'),
(264,5,396,'2020-11-02 01:40:24','2020-11-02 01:40:24'),
(265,5,73,'2020-11-02 01:40:57','2020-11-02 01:40:57'),
(266,5,335,'2020-11-02 01:41:09','2020-11-02 01:41:09'),
(267,5,31,'2020-11-02 01:41:37','2020-11-02 01:41:37'),
(268,5,315,'2020-11-02 01:41:51','2020-11-02 01:41:51'),
(269,6,132,'2020-11-02 01:42:04','2020-11-02 01:42:04'),
(270,5,370,'2020-11-02 01:42:17','2020-11-02 01:42:17'),
(271,5,410,'2020-11-02 01:42:53','2020-11-02 01:42:53'),
(272,5,93,'2020-11-02 01:42:54','2020-11-02 01:42:54'),
(273,5,421,'2020-11-02 01:43:11','2020-11-02 01:43:11'),
(282,5,793,'2020-11-02 01:43:42','2020-11-02 01:43:42'),
(283,5,468,'2020-11-02 01:43:43','2020-11-02 01:43:43'),
(284,5,394,'2020-11-02 01:44:27','2020-11-02 01:44:27'),
(285,5,758,'2020-11-02 01:44:28','2020-11-02 01:44:28'),
(286,5,946,'2020-11-02 01:44:37','2020-11-02 01:44:37'),
(288,5,72,'2020-11-02 01:44:39','2020-11-02 01:44:39'),
(289,5,200,'2020-11-02 01:45:08','2020-11-02 01:45:08'),
(290,5,194,'2020-11-02 01:45:19','2020-11-02 01:45:19'),
(291,5,907,'2020-11-02 01:45:19','2020-11-02 01:45:19'),
(292,5,45,'2020-11-02 01:45:32','2020-11-02 01:45:32'),
(293,5,784,'2020-11-02 01:45:36','2020-11-02 01:45:36'),
(294,5,848,'2020-11-02 01:45:53','2020-11-02 01:45:53'),
(295,5,205,'2020-11-02 01:46:03','2020-11-02 01:46:03'),
(296,5,466,'2020-11-02 01:47:07','2020-11-02 01:47:07'),
(297,5,134,'2020-11-02 01:47:35','2020-11-02 01:47:35'),
(298,6,746,'2020-11-02 01:47:41','2020-11-02 01:47:41'),
(299,5,113,'2020-11-02 01:47:44','2020-11-02 01:47:44'),
(300,5,368,'2020-11-02 01:47:47','2020-11-02 01:47:47'),
(301,5,904,'2020-11-02 01:48:11','2020-11-02 01:48:11'),
(302,5,519,'2020-11-02 01:48:50','2020-11-02 01:48:50'),
(303,5,809,'2020-11-02 01:50:16','2020-11-02 01:50:16'),
(304,5,523,'2020-11-02 01:50:41','2020-11-02 01:50:41'),
(305,5,949,'2020-11-02 01:50:44','2020-11-02 01:50:44'),
(306,5,333,'2020-11-02 01:50:57','2020-11-02 01:50:57'),
(307,5,309,'2020-11-02 01:51:37','2020-11-02 01:51:37'),
(308,5,465,'2020-11-02 01:52:13','2020-11-02 01:52:13'),
(309,5,812,'2020-11-02 01:52:42','2020-11-02 01:52:42'),
(310,5,824,'2020-11-02 01:52:44','2020-11-02 01:52:44'),
(311,5,840,'2020-11-02 01:53:46','2020-11-02 01:53:46'),
(312,5,902,'2020-11-02 01:54:14','2020-11-02 01:54:14'),
(313,5,61,'2020-11-02 01:55:33','2020-11-02 01:55:33'),
(314,5,459,'2020-11-02 01:56:01','2020-11-02 01:56:01'),
(315,5,298,'2020-11-02 01:56:51','2020-11-02 01:56:51'),
(316,5,745,'2020-11-02 01:57:20','2020-11-02 01:57:20'),
(317,5,154,'2020-11-02 01:57:30','2020-11-02 01:57:30'),
(318,5,154,'2020-11-02 01:57:30','2020-11-02 01:57:30'),
(319,5,787,'2020-11-02 01:58:50','2020-11-02 01:58:50'),
(320,5,383,'2020-11-02 01:58:56','2020-11-02 01:58:56'),
(321,5,496,'2020-11-02 01:59:20','2020-11-02 01:59:20'),
(322,5,65,'2020-11-02 01:59:28','2020-11-02 01:59:28'),
(323,5,827,'2020-11-02 02:00:26','2020-11-02 02:00:26'),
(324,5,582,'2020-11-02 02:01:32','2020-11-02 02:01:32'),
(325,5,55,'2020-11-02 02:02:09','2020-11-02 02:02:09'),
(326,5,615,'2020-11-02 02:03:10','2020-11-02 02:03:10'),
(327,5,128,'2020-11-02 02:03:12','2020-11-02 02:03:12'),
(328,5,452,'2020-11-02 02:04:18','2020-11-02 02:04:18'),
(329,5,429,'2020-11-02 02:04:44','2020-11-02 02:04:44'),
(330,5,767,'2020-11-02 02:05:43','2020-11-02 02:05:43'),
(331,5,767,'2020-11-02 02:05:44','2020-11-02 02:05:44'),
(332,5,324,'2020-11-02 02:06:09','2020-11-02 02:06:09'),
(333,5,588,'2020-11-02 02:07:14','2020-11-02 02:07:14'),
(334,5,500,'2020-11-02 02:07:24','2020-11-02 02:07:24'),
(335,5,920,'2020-11-02 02:07:33','2020-11-02 02:07:33'),
(336,5,861,'2020-11-02 02:07:34','2020-11-02 02:07:34'),
(337,5,584,'2020-11-02 02:07:50','2020-11-02 02:07:50'),
(338,5,95,'2020-11-02 02:07:51','2020-11-02 02:07:51'),
(339,5,760,'2020-11-02 02:08:45','2020-11-02 02:08:45'),
(340,5,918,'2020-11-02 02:08:54','2020-11-02 02:08:54'),
(341,5,482,'2020-11-02 02:09:03','2020-11-02 02:09:03'),
(342,5,416,'2020-11-02 02:09:10','2020-11-02 02:09:10'),
(343,5,482,'2020-11-02 02:09:11','2020-11-02 02:09:11'),
(344,5,665,'2020-11-02 02:09:20','2020-11-02 02:09:20'),
(345,5,860,'2020-11-02 02:09:23','2020-11-02 02:09:23'),
(346,5,895,'2020-11-02 02:09:28','2020-11-02 02:09:28'),
(347,5,513,'2020-11-02 02:09:55','2020-11-02 02:09:55'),
(348,5,743,'2020-11-02 02:10:19','2020-11-02 02:10:19'),
(349,5,752,'2020-11-02 02:10:32','2020-11-02 02:10:32'),
(350,5,42,'2020-11-02 02:10:36','2020-11-02 02:10:36'),
(351,5,415,'2020-11-02 02:10:51','2020-11-02 02:10:51'),
(352,5,817,'2020-11-02 02:10:55','2020-11-02 02:10:55'),
(353,5,454,'2020-11-02 02:11:00','2020-11-02 02:11:00'),
(354,5,34,'2020-11-02 02:11:23','2020-11-02 02:11:23'),
(355,5,110,'2020-11-02 02:11:47','2020-11-02 02:11:47'),
(356,5,750,'2020-11-02 02:11:51','2020-11-02 02:11:51'),
(357,5,35,'2020-11-02 02:12:09','2020-11-02 02:12:09'),
(358,5,881,'2020-11-02 02:12:34','2020-11-02 02:12:34'),
(359,5,717,'2020-11-02 02:12:44','2020-11-02 02:12:44'),
(360,5,874,'2020-11-02 02:12:49','2020-11-02 02:12:49'),
(361,5,803,'2020-11-02 02:13:00','2020-11-02 02:13:00'),
(362,5,30,'2020-11-02 02:13:37','2020-11-02 02:13:37'),
(363,5,811,'2020-11-02 02:13:43','2020-11-02 02:13:43'),
(364,5,971,'2020-11-02 02:13:52','2020-11-02 02:13:52'),
(365,5,473,'2020-11-02 02:14:02','2020-11-02 02:14:02'),
(366,5,593,'2020-11-02 02:14:21','2020-11-02 02:14:21'),
(367,5,871,'2020-11-02 02:14:22','2020-11-02 02:14:22'),
(368,5,682,'2020-11-02 02:14:31','2020-11-02 02:14:31'),
(369,5,171,'2020-11-02 02:14:41','2020-11-02 02:14:41'),
(370,5,311,'2020-11-02 02:14:46','2020-11-02 02:14:46'),
(371,6,478,'2020-11-02 02:15:05','2020-11-02 02:15:05'),
(372,5,527,'2020-11-02 02:15:09','2020-11-02 02:15:09'),
(373,5,445,'2020-11-02 02:15:18','2020-11-02 02:15:18'),
(374,5,636,'2020-11-02 02:15:37','2020-11-02 02:15:37'),
(375,5,364,'2020-11-02 02:15:40','2020-11-02 02:15:40'),
(376,5,442,'2020-11-02 02:15:57','2020-11-02 02:15:57'),
(377,5,451,'2020-11-02 02:16:10','2020-11-02 02:16:10'),
(378,5,603,'2020-11-02 02:16:11','2020-11-02 02:16:11'),
(379,5,424,'2020-11-02 02:16:47','2020-11-02 02:16:47'),
(380,5,540,'2020-11-02 02:16:59','2020-11-02 02:16:59'),
(381,5,631,'2020-11-02 02:17:30','2020-11-02 02:17:30'),
(382,5,495,'2020-11-02 02:17:44','2020-11-02 02:17:44'),
(383,5,481,'2020-11-02 02:17:47','2020-11-02 02:17:47'),
(384,5,369,'2020-11-02 02:17:54','2020-11-02 02:17:54'),
(385,5,484,'2020-11-02 02:18:08','2020-11-02 02:18:08'),
(386,5,91,'2020-11-02 02:18:27','2020-11-02 02:18:27'),
(387,5,521,'2020-11-02 02:18:28','2020-11-02 02:18:28'),
(388,5,460,'2020-11-02 02:18:37','2020-11-02 02:18:37'),
(389,5,77,'2020-11-02 02:18:37','2020-11-02 02:18:37'),
(390,5,316,'2020-11-02 02:18:54','2020-11-02 02:18:54'),
(391,5,325,'2020-11-02 02:19:06','2020-11-02 02:19:06'),
(392,5,94,'2020-11-02 02:19:31','2020-11-02 02:19:31'),
(393,5,905,'2020-11-02 02:19:32','2020-11-02 02:19:32'),
(394,5,79,'2020-11-02 02:19:35','2020-11-02 02:19:35'),
(395,5,97,'2020-11-02 02:19:35','2020-11-02 02:19:35'),
(396,5,594,'2020-11-02 02:19:50','2020-11-02 02:19:50'),
(397,5,151,'2020-11-02 02:20:07','2020-11-02 02:20:07'),
(398,5,147,'2020-11-02 02:20:08','2020-11-02 02:20:08'),
(399,5,169,'2020-11-02 02:20:15','2020-11-02 02:20:15'),
(400,5,363,'2020-11-02 02:20:25','2020-11-02 02:20:25'),
(401,5,341,'2020-11-02 02:20:33','2020-11-02 02:20:33'),
(402,5,882,'2020-11-02 02:20:38','2020-11-02 02:20:38'),
(403,5,82,'2020-11-02 02:20:40','2020-11-02 02:20:40'),
(404,5,757,'2020-11-02 02:20:40','2020-11-02 02:20:40'),
(405,5,159,'2020-11-02 02:21:00','2020-11-02 02:21:00'),
(406,5,101,'2020-11-02 02:21:11','2020-11-02 02:21:11'),
(407,5,100,'2020-11-02 02:21:24','2020-11-02 02:21:24'),
(408,5,155,'2020-11-02 02:21:37','2020-11-02 02:21:37'),
(409,5,328,'2020-11-02 02:21:49','2020-11-02 02:21:49'),
(410,5,472,'2020-11-02 02:21:50','2020-11-02 02:21:50'),
(411,6,125,'2020-11-02 02:21:55','2020-11-02 02:21:55'),
(412,5,418,'2020-11-02 02:22:16','2020-11-02 02:22:16'),
(413,5,74,'2020-11-02 02:22:29','2020-11-02 02:22:29'),
(414,5,36,'2020-11-02 02:22:51','2020-11-02 02:22:51'),
(415,5,332,'2020-11-02 02:22:58','2020-11-02 02:22:58'),
(416,5,327,'2020-11-02 02:23:00','2020-11-02 02:23:00'),
(417,5,467,'2020-11-02 02:23:05','2020-11-02 02:23:05'),
(418,5,502,'2020-11-02 02:23:11','2020-11-02 02:23:11'),
(419,5,148,'2020-11-02 02:23:25','2020-11-02 02:23:25'),
(420,5,62,'2020-11-02 02:23:35','2020-11-02 02:23:35'),
(421,5,197,'2020-11-02 02:24:13','2020-11-02 02:24:13'),
(423,5,589,'2020-11-02 02:24:18','2020-11-02 02:24:18'),
(424,5,92,'2020-11-02 02:24:40','2020-11-02 02:24:40'),
(425,5,899,'2020-11-02 02:24:40','2020-11-02 02:24:40'),
(427,5,88,'2020-11-02 02:24:42','2020-11-02 02:24:42'),
(429,6,71,'2020-11-02 02:24:54','2020-11-02 02:24:54'),
(430,5,80,'2020-11-02 02:25:24','2020-11-02 02:25:24'),
(431,5,371,'2020-11-02 02:25:33','2020-11-02 02:25:33'),
(432,5,135,'2020-11-02 02:25:40','2020-11-02 02:25:40'),
(433,5,711,'2020-11-02 02:25:53','2020-11-02 02:25:53'),
(434,5,68,'2020-11-02 02:26:00','2020-11-02 02:26:00'),
(435,5,107,'2020-11-02 02:26:08','2020-11-02 02:26:08'),
(436,5,225,'2020-11-02 02:26:13','2020-11-02 02:26:13'),
(437,5,46,'2020-11-02 02:26:15','2020-11-02 02:26:15'),
(438,5,67,'2020-11-02 02:26:16','2020-11-02 02:26:16'),
(439,5,492,'2020-11-02 02:26:27','2020-11-02 02:26:27'),
(440,5,143,'2020-11-02 02:26:33','2020-11-02 02:26:33'),
(441,6,775,'2020-11-02 02:27:08','2020-11-02 02:27:08'),
(442,5,46,'2020-11-02 02:27:14','2020-11-02 02:27:14'),
(443,5,70,'2020-11-02 02:27:42','2020-11-02 02:27:42'),
(444,5,47,'2020-11-02 02:27:46','2020-11-02 02:27:46'),
(445,5,116,'2020-11-02 02:27:48','2020-11-02 02:27:48'),
(446,5,725,'2020-11-02 02:28:23','2020-11-02 02:28:23'),
(447,5,350,'2020-11-02 02:28:25','2020-11-02 02:28:25'),
(448,5,253,'2020-11-02 02:28:32','2020-11-02 02:28:32'),
(449,5,355,'2020-11-02 02:28:52','2020-11-02 02:28:52'),
(450,5,120,'2020-11-02 02:28:59','2020-11-02 02:28:59'),
(451,5,522,'2020-11-02 02:29:00','2020-11-02 02:29:00'),
(452,5,376,'2020-11-02 02:29:10','2020-11-02 02:29:10'),
(453,5,137,'2020-11-02 02:29:14','2020-11-02 02:29:14'),
(454,5,566,'2020-11-02 02:29:23','2020-11-02 02:29:23'),
(455,5,483,'2020-11-02 02:30:26','2020-11-02 02:30:26'),
(456,5,204,'2020-11-02 02:30:41','2020-11-02 02:30:41'),
(457,5,849,'2020-11-02 02:30:47','2020-11-02 02:30:47'),
(458,5,826,'2020-11-02 02:30:59','2020-11-02 02:30:59'),
(459,5,782,'2020-11-02 02:31:12','2020-11-02 02:31:12'),
(460,5,105,'2020-11-02 02:31:15','2020-11-02 02:31:15'),
(461,6,271,'2020-11-02 02:31:31','2020-11-02 02:31:31'),
(462,5,300,'2020-11-02 02:31:36','2020-11-02 02:31:36'),
(463,5,649,'2020-11-02 02:31:56','2020-11-02 02:31:56'),
(464,5,276,'2020-11-02 02:31:57','2020-11-02 02:31:57'),
(465,5,692,'2020-11-02 02:32:17','2020-11-02 02:32:17'),
(466,5,503,'2020-11-02 02:33:06','2020-11-02 02:33:06'),
(467,5,354,'2020-11-02 02:33:11','2020-11-02 02:33:11'),
(468,5,729,'2020-11-02 02:33:25','2020-11-02 02:33:25'),
(469,5,96,'2020-11-02 02:33:33','2020-11-02 02:33:33'),
(470,5,735,'2020-11-02 02:33:42','2020-11-02 02:33:42'),
(471,5,771,'2020-11-02 02:33:48','2020-11-02 02:33:48'),
(472,5,98,'2020-11-02 02:34:21','2020-11-02 02:34:21'),
(473,5,373,'2020-11-02 02:34:39','2020-11-02 02:34:39'),
(474,5,894,'2020-11-02 02:34:43','2020-11-02 02:34:43'),
(475,5,962,'2020-11-02 02:35:38','2020-11-02 02:35:38'),
(476,5,487,'2020-11-02 02:35:44','2020-11-02 02:35:44'),
(477,5,86,'2020-11-02 02:36:33','2020-11-02 02:36:33'),
(478,5,32,'2020-11-02 02:37:16','2020-11-02 02:37:16'),
(479,5,780,'2020-11-02 02:37:54','2020-11-02 02:37:54'),
(480,5,458,'2020-11-02 02:37:59','2020-11-02 02:37:59'),
(481,6,156,'2020-11-02 02:38:17','2020-11-02 02:38:17'),
(482,6,732,'2020-11-02 02:38:40','2020-11-02 02:38:40'),
(483,5,378,'2020-11-02 02:38:41','2020-11-02 02:38:41'),
(484,5,139,'2020-11-02 02:39:20','2020-11-02 02:39:20'),
(485,6,748,'2020-11-02 02:39:38','2020-11-02 02:39:38'),
(486,5,548,'2020-11-02 02:39:46','2020-11-02 02:39:46'),
(487,5,836,'2020-11-02 02:39:57','2020-11-02 02:39:57'),
(488,5,329,'2020-11-02 02:41:15','2020-11-02 02:41:15'),
(489,5,876,'2020-11-02 02:43:26','2020-11-02 02:43:26'),
(491,5,915,'2020-11-02 02:43:46','2020-11-02 02:43:46'),
(492,5,762,'2020-11-02 02:45:02','2020-11-02 02:45:02'),
(493,5,294,'2020-11-02 02:45:37','2020-11-02 02:45:37'),
(494,5,434,'2020-11-02 02:46:31','2020-11-02 02:46:31'),
(496,6,828,'2020-11-02 02:46:58','2020-11-02 02:46:58'),
(497,5,557,'2020-11-02 02:48:06','2020-11-02 02:48:06'),
(499,5,477,'2020-11-02 02:49:08','2020-11-02 02:49:08'),
(500,5,829,'2020-11-02 02:49:10','2020-11-02 02:49:10'),
(501,5,855,'2020-11-02 02:49:32','2020-11-02 02:49:32'),
(502,5,580,'2020-11-02 02:49:51','2020-11-02 02:49:51'),
(503,5,514,'2020-11-02 02:49:59','2020-11-02 02:49:59'),
(504,5,715,'2020-11-02 02:50:07','2020-11-02 02:50:07'),
(505,5,823,'2020-11-02 02:50:11','2020-11-02 02:50:11'),
(506,5,560,'2020-11-02 02:50:33','2020-11-02 02:50:33'),
(507,5,728,'2020-11-02 02:51:20','2020-11-02 02:51:20'),
(508,5,291,'2020-11-02 02:51:41','2020-11-02 02:51:41'),
(509,5,963,'2020-11-02 02:52:16','2020-11-02 02:52:16'),
(510,5,402,'2020-11-02 02:52:42','2020-11-02 02:52:42'),
(511,5,390,'2020-11-02 02:53:13','2020-11-02 02:53:13'),
(512,5,43,'2020-11-02 02:54:05','2020-11-02 02:54:05'),
(513,5,833,'2020-11-02 02:57:39','2020-11-02 02:57:39'),
(514,5,774,'2020-11-02 02:57:55','2020-11-02 02:57:55'),
(515,6,491,'2020-11-02 02:58:12','2020-11-02 02:58:12'),
(516,5,356,'2020-11-02 02:59:00','2020-11-02 02:59:00'),
(517,5,648,'2020-11-02 02:59:25','2020-11-02 02:59:25'),
(518,5,290,'2020-11-02 02:59:46','2020-11-02 02:59:46'),
(519,5,637,'2020-11-02 03:00:14','2020-11-02 03:00:14'),
(520,5,520,'2020-11-02 03:00:20','2020-11-02 03:00:20'),
(521,5,240,'2020-11-02 03:01:42','2020-11-02 03:01:42'),
(522,5,439,'2020-11-02 03:02:08','2020-11-02 03:02:08'),
(523,6,678,'2020-11-02 03:02:15','2020-11-02 03:02:15'),
(524,5,44,'2020-11-02 03:02:21','2020-11-02 03:02:21'),
(525,5,973,'2020-11-02 03:02:42','2020-11-02 03:02:42'),
(526,5,380,'2020-11-02 03:02:43','2020-11-02 03:02:43'),
(527,5,952,'2020-11-02 03:04:09','2020-11-02 03:04:09'),
(528,5,348,'2020-11-02 03:05:29','2020-11-02 03:05:29'),
(529,5,964,'2020-11-02 03:09:09','2020-11-02 03:09:09'),
(530,5,947,'2020-11-02 03:09:19','2020-11-02 03:09:19'),
(531,5,535,'2020-11-02 03:10:21','2020-11-02 03:10:21'),
(532,5,798,'2020-11-02 03:10:41','2020-11-02 03:10:41'),
(533,5,317,'2020-11-02 03:12:42','2020-11-02 03:12:42'),
(534,5,485,'2020-11-02 03:16:30','2020-11-02 03:16:30'),
(535,5,306,'2020-11-02 03:16:44','2020-11-02 03:16:44'),
(536,5,438,'2020-11-02 03:18:41','2020-11-02 03:18:41'),
(537,5,806,'2020-11-02 03:19:00','2020-11-02 03:19:00'),
(538,5,545,'2020-11-02 03:19:15','2020-11-02 03:19:15'),
(539,5,352,'2020-11-02 03:20:39','2020-11-02 03:20:39'),
(540,5,362,'2020-11-02 03:21:00','2020-11-02 03:21:00'),
(541,5,859,'2020-11-02 03:21:02','2020-11-02 03:21:02'),
(542,5,892,'2020-11-02 03:21:12','2020-11-02 03:21:12'),
(543,5,83,'2020-11-02 03:22:18','2020-11-02 03:22:18'),
(544,5,558,'2020-11-02 03:22:30','2020-11-02 03:22:30'),
(545,5,884,'2020-11-02 03:23:05','2020-11-02 03:23:05'),
(546,6,146,'2020-11-02 03:25:17','2020-11-02 03:25:17'),
(547,6,766,'2020-11-02 03:26:45','2020-11-02 03:26:45'),
(548,5,740,'2020-11-02 03:27:43','2020-11-02 03:27:43'),
(549,5,945,'2020-11-02 03:28:55','2020-11-02 03:28:55'),
(550,5,75,'2020-11-02 03:31:27','2020-11-02 03:31:27'),
(551,5,659,'2020-11-02 03:32:23','2020-11-02 03:32:23'),
(552,5,595,'2020-11-02 03:33:23','2020-11-02 03:33:23'),
(553,5,526,'2020-11-02 03:33:45','2020-11-02 03:33:45'),
(554,5,936,'2020-11-02 03:33:47','2020-11-02 03:33:47'),
(555,5,526,'2020-11-02 03:34:04','2020-11-02 03:34:04'),
(556,5,464,'2020-11-02 03:34:34','2020-11-02 03:34:34'),
(557,6,264,'2020-11-02 03:34:45','2020-11-02 03:34:45'),
(558,5,254,'2020-11-02 03:34:55','2020-11-02 03:34:55'),
(559,5,843,'2020-11-02 03:36:41','2020-11-02 03:36:41'),
(560,5,650,'2020-11-02 03:37:21','2020-11-02 03:37:21'),
(561,5,330,'2020-11-02 03:40:15','2020-11-02 03:40:15'),
(562,5,515,'2020-11-02 03:41:37','2020-11-02 03:41:37'),
(563,5,381,'2020-11-02 03:42:41','2020-11-02 03:42:41'),
(564,6,201,'2020-11-02 03:45:07','2020-11-02 03:45:07'),
(565,5,90,'2020-11-02 03:45:19','2020-11-02 03:45:19'),
(566,5,839,'2020-11-02 03:45:37','2020-11-02 03:45:37'),
(567,5,978,'2020-11-02 03:52:53','2020-11-02 03:52:53'),
(568,5,938,'2020-11-02 03:55:43','2020-11-02 03:55:43'),
(569,5,166,'2020-11-02 04:02:12','2020-11-02 04:02:12'),
(570,5,673,'2020-11-02 04:02:18','2020-11-02 04:02:18'),
(571,5,404,'2020-11-02 04:09:44','2020-11-02 04:09:44'),
(572,5,609,'2020-11-02 04:11:23','2020-11-02 04:11:23'),
(573,6,819,'2020-11-02 04:12:00','2020-11-02 04:12:00'),
(574,5,238,'2020-11-02 04:16:44','2020-11-02 04:16:44'),
(575,5,532,'2020-11-02 04:21:13','2020-11-02 04:21:13'),
(576,5,783,'2020-11-02 04:21:17','2020-11-02 04:21:17'),
(577,5,450,'2020-11-02 04:21:35','2020-11-02 04:21:35'),
(578,5,979,'2020-11-02 04:23:40','2020-11-02 04:23:40'),
(579,5,815,'2020-11-02 04:23:44','2020-11-02 04:23:44'),
(580,5,511,'2020-11-02 04:25:56','2020-11-02 04:25:56'),
(581,5,214,'2020-11-02 04:26:36','2020-11-02 04:26:36'),
(582,5,568,'2020-11-02 04:28:19','2020-11-02 04:28:19'),
(583,5,801,'2020-11-02 04:31:27','2020-11-02 04:31:27'),
(584,5,851,'2020-11-02 04:32:10','2020-11-02 04:32:10'),
(585,5,517,'2020-11-02 04:32:23','2020-11-02 04:32:23'),
(586,5,115,'2020-11-02 04:44:50','2020-11-02 04:44:50'),
(587,5,374,'2020-11-02 04:45:40','2020-11-02 04:45:40'),
(588,5,974,'2020-11-02 04:47:54','2020-11-02 04:47:54'),
(590,5,865,'2020-11-02 04:48:27','2020-11-02 04:48:27'),
(591,5,537,'2020-11-02 04:48:45','2020-11-02 04:48:45'),
(592,5,749,'2020-11-02 04:49:01','2020-11-02 04:49:01'),
(594,5,220,'2020-11-02 05:02:00','2020-11-02 05:02:00'),
(595,5,430,'2020-11-02 05:13:23','2020-11-02 05:13:23'),
(596,5,896,'2020-11-02 05:13:29','2020-11-02 05:13:29'),
(598,5,670,'2020-11-02 05:14:14','2020-11-02 05:14:14'),
(600,5,744,'2020-11-02 05:15:17','2020-11-02 05:15:17'),
(601,5,118,'2020-11-02 05:15:36','2020-11-02 05:15:36'),
(602,5,274,'2020-11-02 05:16:44','2020-11-02 05:16:44'),
(603,5,174,'2020-11-02 05:16:58','2020-11-02 05:16:58'),
(604,5,926,'2020-11-02 05:17:53','2020-11-02 05:17:53'),
(605,6,507,'2020-11-02 05:18:07','2020-11-02 05:18:07'),
(606,6,508,'2020-11-02 05:20:39','2020-11-02 05:20:39'),
(607,5,499,'2020-11-02 05:20:48','2020-11-02 05:20:48'),
(608,6,980,'2020-11-02 05:22:34','2020-11-02 05:22:34'),
(609,5,299,'2020-11-02 05:26:43','2020-11-02 05:26:43'),
(610,5,772,'2020-11-02 05:30:06','2020-11-02 05:30:06'),
(611,5,281,'2020-11-02 05:30:37','2020-11-02 05:30:37'),
(612,5,490,'2020-11-02 05:31:04','2020-11-02 05:31:04'),
(613,5,497,'2020-11-02 05:34:43','2020-11-02 05:34:43'),
(614,5,530,'2020-11-02 05:35:00','2020-11-02 05:35:00'),
(615,5,796,'2020-11-02 05:35:43','2020-11-02 05:35:43'),
(616,5,471,'2020-11-02 05:35:51','2020-11-02 05:35:51'),
(617,5,875,'2020-11-02 05:42:53','2020-11-02 05:42:53'),
(618,5,721,'2020-11-02 05:45:18','2020-11-02 05:45:18'),
(619,5,770,'2020-11-02 05:45:38','2020-11-02 05:45:38'),
(620,6,136,'2020-11-02 05:48:23','2020-11-02 05:48:23'),
(621,5,927,'2020-11-02 05:49:28','2020-11-02 05:49:28'),
(622,5,133,'2020-11-02 05:49:59','2020-11-02 05:49:59'),
(624,5,337,'2020-11-02 05:51:08','2020-11-02 05:51:08'),
(625,5,456,'2020-11-02 05:51:44','2020-11-02 05:51:44'),
(626,5,686,'2020-11-02 05:52:21','2020-11-02 05:52:21'),
(627,5,358,'2020-11-02 06:00:01','2020-11-02 06:00:01'),
(628,6,571,'2020-11-02 06:02:39','2020-11-02 06:02:39'),
(629,6,821,'2020-11-02 06:08:33','2020-11-02 06:08:33'),
(630,5,256,'2020-11-02 06:15:16','2020-11-02 06:15:16'),
(631,5,835,'2020-11-02 06:15:33','2020-11-02 06:15:33'),
(632,5,847,'2020-11-02 06:15:37','2020-11-02 06:15:37'),
(633,5,425,'2020-11-02 06:22:07','2020-11-02 06:22:07'),
(634,5,695,'2020-11-02 06:22:11','2020-11-02 06:22:11'),
(635,5,168,'2020-11-02 06:25:05','2020-11-02 06:25:05'),
(636,6,713,'2020-11-02 06:29:09','2020-11-02 06:29:09'),
(637,6,144,'2020-11-02 06:42:29','2020-11-02 06:42:29'),
(638,5,706,'2020-11-02 06:44:17','2020-11-02 06:44:17'),
(639,5,976,'2020-11-02 06:45:23','2020-11-02 06:45:23'),
(640,5,639,'2020-11-02 06:52:06','2020-11-02 06:52:06'),
(641,5,505,'2020-11-02 07:07:41','2020-11-02 07:07:41'),
(642,5,769,'2020-11-02 07:10:37','2020-11-02 07:10:37'),
(643,6,977,'2020-11-02 07:12:46','2020-11-02 07:12:46'),
(644,6,489,'2020-11-02 07:14:01','2020-11-02 07:14:01'),
(645,5,863,'2020-11-02 07:15:38','2020-11-02 07:15:38'),
(646,5,39,'2020-11-02 07:24:14','2020-11-02 07:24:14'),
(647,5,671,'2020-11-02 07:28:35','2020-11-02 07:28:35'),
(648,5,433,'2020-11-02 07:30:33','2020-11-02 07:30:33'),
(649,5,63,'2020-11-02 07:31:21','2020-11-02 07:31:21'),
(650,5,48,'2020-11-02 07:36:39','2020-11-02 07:36:39'),
(651,5,854,'2020-11-02 07:37:55','2020-11-02 07:37:55'),
(652,5,127,'2020-11-02 07:38:59','2020-11-02 07:38:59'),
(653,5,227,'2020-11-02 07:39:37','2020-11-02 07:39:37'),
(654,5,573,'2020-11-02 07:48:13','2020-11-02 07:48:13'),
(655,5,321,'2020-11-02 07:49:17','2020-11-02 07:49:17'),
(656,5,753,'2020-11-02 07:50:49','2020-11-02 07:50:49'),
(657,5,948,'2020-11-02 07:50:51','2020-11-02 07:50:51'),
(658,5,614,'2020-11-02 08:02:00','2020-11-02 08:02:00'),
(659,5,703,'2020-11-02 08:07:27','2020-11-02 08:07:27'),
(660,5,552,'2020-11-02 08:08:34','2020-11-02 08:08:34'),
(661,6,935,'2020-11-02 08:14:48','2020-11-02 08:14:48'),
(662,5,33,'2020-11-02 08:15:50','2020-11-02 08:15:50'),
(663,5,78,'2020-11-02 08:19:38','2020-11-02 08:19:38'),
(664,5,598,'2020-11-02 08:20:57','2020-11-02 08:20:57'),
(665,5,340,'2020-11-02 08:23:14','2020-11-02 08:23:14'),
(666,5,420,'2020-11-02 08:25:47','2020-11-02 08:25:47'),
(667,5,260,'2020-11-02 08:45:37','2020-11-02 08:45:37'),
(668,5,954,'2020-11-02 08:54:17','2020-11-02 08:54:17'),
(669,5,393,'2020-11-02 09:00:41','2020-11-02 09:00:41'),
(670,5,129,'2020-11-02 09:01:38','2020-11-02 09:01:38'),
(671,5,867,'2020-11-02 09:05:03','2020-11-02 09:05:03'),
(672,6,620,'2020-11-02 09:05:58','2020-11-02 09:05:58'),
(673,5,967,'2020-11-02 09:08:54','2020-11-02 09:08:54'),
(674,5,493,'2020-11-02 09:10:09','2020-11-02 09:10:09'),
(675,5,611,'2020-11-02 09:11:16','2020-11-02 09:11:16'),
(676,5,679,'2020-11-02 09:12:56','2020-11-02 09:12:56'),
(677,5,781,'2020-11-02 09:17:29','2020-11-02 09:17:29'),
(678,5,669,'2020-11-02 09:17:34','2020-11-02 09:17:34'),
(679,5,630,'2020-11-02 09:18:10','2020-11-02 09:18:10'),
(680,5,832,'2020-11-02 09:28:50','2020-11-02 09:28:50'),
(681,5,756,'2020-11-02 09:35:36','2020-11-02 09:35:36'),
(682,5,870,'2020-11-02 09:40:25','2020-11-02 09:40:25'),
(683,5,702,'2020-11-02 09:41:34','2020-11-02 09:41:34'),
(684,6,610,'2020-11-02 09:44:02','2020-11-02 09:44:02'),
(685,5,877,'2020-11-02 09:47:59','2020-11-02 09:47:59'),
(686,5,237,'2020-11-02 09:52:04','2020-11-02 09:52:04'),
(687,5,252,'2020-11-02 09:52:07','2020-11-02 09:52:07'),
(688,5,145,'2020-11-02 09:54:36','2020-11-02 09:54:36'),
(689,6,550,'2020-11-02 09:58:32','2020-11-02 09:58:32'),
(690,5,357,'2020-11-02 09:58:58','2020-11-02 09:58:58'),
(691,5,150,'2020-11-02 10:00:13','2020-11-02 10:00:13'),
(692,5,645,'2020-11-02 10:01:24','2020-11-02 10:01:24'),
(693,5,618,'2020-11-02 10:01:29','2020-11-02 10:01:29'),
(694,5,574,'2020-11-02 10:01:43','2020-11-02 10:01:43'),
(695,6,646,'2020-11-02 10:04:44','2020-11-02 10:04:44'),
(696,5,834,'2020-11-02 10:06:24','2020-11-02 10:06:24'),
(697,5,541,'2020-11-02 10:07:08','2020-11-02 10:07:08'),
(698,6,40,'2020-11-02 10:11:04','2020-11-02 10:11:04'),
(699,5,942,'2020-11-02 10:11:31','2020-11-02 10:11:31'),
(700,5,138,'2020-11-02 10:11:42','2020-11-02 10:11:42'),
(701,5,123,'2020-11-02 10:11:53','2020-11-02 10:11:53'),
(702,5,339,'2020-11-02 10:14:14','2020-11-02 10:14:14'),
(703,5,301,'2020-11-02 10:23:03','2020-11-02 10:23:03'),
(704,5,173,'2020-11-02 10:25:30','2020-11-02 10:25:30'),
(705,5,690,'2020-11-02 10:26:42','2020-11-02 10:26:42'),
(706,5,596,'2020-11-02 10:29:10','2020-11-02 10:29:10'),
(707,5,578,'2020-11-02 10:30:43','2020-11-02 10:30:43'),
(708,6,785,'2020-11-02 10:34:38','2020-11-02 10:34:38'),
(709,5,656,'2020-11-02 10:35:03','2020-11-02 10:35:03'),
(710,5,112,'2020-11-02 10:37:10','2020-11-02 10:37:10'),
(711,5,443,'2020-11-02 10:39:59','2020-11-02 10:39:59'),
(712,5,111,'2020-11-02 10:40:43','2020-11-02 10:40:43'),
(713,5,463,'2020-11-02 10:45:18','2020-11-02 10:45:18'),
(714,5,634,'2020-11-02 10:46:45','2020-11-02 10:46:45'),
(715,5,619,'2020-11-02 10:47:06','2020-11-02 10:47:06');

/*Table structure for table `pemilihs` */

DROP TABLE IF EXISTS `pemilihs`;

CREATE TABLE `pemilihs` (
  `id` bigint(20) unsigned NOT NULL AUTO_INCREMENT,
  `nim` varchar(50) COLLATE utf8mb4_unicode_ci NOT NULL,
  `email` varchar(100) COLLATE utf8mb4_unicode_ci DEFAULT NULL,
  `nama` varchar(50) COLLATE utf8mb4_unicode_ci NOT NULL,
  `prodi` int(11) NOT NULL,
  `angkatan` int(11) DEFAULT NULL,
  `password` varchar(255) COLLATE utf8mb4_unicode_ci NOT NULL,
  `screenshot` text COLLATE utf8mb4_unicode_ci NOT NULL,
  `flag` tinyint(4) DEFAULT NULL,
  `created_at` timestamp NULL DEFAULT NULL,
  `updated_at` timestamp NULL DEFAULT NULL,
  PRIMARY KEY (`id`)
) ENGINE=InnoDB AUTO_INCREMENT=985 DEFAULT CHARSET=utf8mb4 COLLATE=utf8mb4_unicode_ci;

/*Data for the table `pemilihs` */

insert  into `pemilihs`(`id`,`nim`,`email`,`nama`,`prodi`,`angkatan`,`password`,`screenshot`,`flag`,`created_at`,`updated_at`) values 
(30,'1912511064','septia.kesyani@gmail.com','Ni Kadek Septia Kesyani Libryanti',1,8,'$2y$10$BkEm5Uu4OLt7bqYyClhkhuGC8h0b.B5I2REBIshhxzSEeMVv.STbK','1912511064_E813BF06-7745-416A-B673-76C330E0ADC5.png',2,'2020-10-25 09:33:28','2020-10-25 12:01:19'),
(31,'1912511032','adipranata1201@gmail.com','I Ketut Primantara Adi Pranatha',1,8,'$2y$10$Q0l04LSN1AzIX7nI7aA80u6dTwIbHTTB2mVV5XwvfGk/.DbuR.2nm','1912511032_Savee.JPG',2,'2020-10-25 09:36:21','2020-10-26 04:14:48'),
(32,'1912511052','chintyaamanda15@gmail.com','Ayu Cintya Amanda',1,8,'$2y$10$eE3Z6eoVQd8vpIDNbwrmROhHwpKp2K992Km/.dfsOIuPfPe1F5qtq','1912511052_76B3C108-8D59-4036-80DA-7A18380A50BF.png',2,'2020-10-25 09:36:25','2020-10-26 04:15:24'),
(33,'1912511047','nadiagitashn12@gmail.com','Ni Putu Nadia Gita Cahyani',1,8,'$2y$10$cV8zUztOrjLX4Md3yzfM0ObrFBMZ/6/f2TwIB6LuTMZAg3URUuitW','1912511047_Screenshot_2020-10-25-17-38-28-93.jpg',2,'2020-10-25 09:38:46','2020-10-26 04:18:29'),
(34,'1912511025','arvelacahyam@gmail.com','Arvela Cahya Monica',1,8,'$2y$10$MBkaoJeKfybudMEEXNE4/uBcjLV.QWvM6icUtbAdXVdeTFKflIx/m','1912511025_80AFD32D-7E4D-4455-B2DF-C23028B66397.png',2,'2020-10-25 09:51:51','2020-10-26 04:20:09'),
(35,'1912511044','nandapramartha2017@gmail.com','PUTU PRAMARTHA MUDRANANDA',1,8,'$2y$10$RKiUzflXaKaph6SOfJgb1uyMZhXy/GN.K9HQ6UP8JomBgC9DT227y','1912511044_Screenshot_2020-10-25-17-59-13-27.jpg',2,'2020-10-25 09:59:55','2020-10-26 04:20:43'),
(36,'2012511058','maurillarahma@gmail.com','Maurilla Rahma Neysa',1,9,'$2y$10$N.i1wlHfmpj8hLZx9zqI5Or/AI3vN973kq65KAyrVoSECaFp16U/2','2012511058_Screenshot_20201025-170439_SamsungInternet.jpg',2,'2020-10-25 10:05:32','2020-10-26 04:20:59'),
(37,'1712511007','yenisuprapti@student.unud.ac.id','Yeni Suprapti Putri',1,6,'$2y$10$NjC3P5d3OXjpOSH0s0sB/eI1i3gBbzNYZSkMCaEN8WxjcWc5Ais1K','1712511007_Screenshot_2020-10-25-17-25-02-701_com.android.chrome.jpg',2,'2020-10-25 10:28:18','2020-10-26 04:25:09'),
(38,'1812511040','Cokagung.ca@gmail.com','Cokorda Agung Dharmasantika',1,7,'$2y$10$MeRbKYDlJKeCBY3NYchx6uugiRfX8IA1elXVav1EFfISbmzXrWrM.','1812511040_Screenshot_20201025-184902_Chrome.png',2,'2020-10-25 10:58:08','2020-10-26 04:26:33'),
(39,'1912511016','retnoastiwulandari321@gmail.com','Retno Asti Wulandari',1,8,'$2y$10$LeEWiwxOuIEu7ENpZ235ye5WD.xOoYgjllM9SWQJHD/C7dZScxCpu','1912511016_Screenshot_2020-10-25-18-19-23-16.png',2,'2020-10-25 11:21:00','2020-10-26 04:28:18'),
(40,'1912511057','mangdwidya107@gmail.com','MANG DWIDYA PRADNYANI PUTRI',1,8,'$2y$10$HZZeZG.2Vf7ZALLXZUC35uJ.VrPaxN24sLptb1i4mbQlNLPeCMu1a','1912511057_Screenshot_20201025-195508.png',2,'2020-10-25 11:55:49','2020-10-26 04:28:21'),
(41,'2012511013','Achmadkadip62@gmail.com','Achmad Kadi Perwiranegara',1,9,'$2y$10$.eT3gtTwTS6Q5ek9Z7tv0.GvDABg5UcTflqQv1IyxvSMlLuLKYs.e','2012511013_586F64D5-020B-4391-9A70-7E1D65BCF1DE.png',2,'2020-10-25 12:15:17','2020-10-26 04:28:26'),
(42,'1912511063','kirana703@gmail.com','Ni Luh Putu Kirana Wulandari Wiryana',1,8,'$2y$10$YvYYt/w4qJ59w.gz9kqkdOpBh.E1Frex5FmIHo3/iXCrnpRJLg4IG','1912511063_Screenshot_2020-10-25-22-04-36-85.jpg',2,'2020-10-25 14:05:14','2020-10-26 04:30:52'),
(43,'1912512068','indripardosi2001@gmail.com','Indriani Puspawati Pardosi',1,8,'$2y$10$HtnZemoAdv8WQPBDi9j0YuR1YzyA81LMoPMdBhjYdtbmwzDgVAa.K','1912512068_Screenshot_20201025_223351.jpg',2,'2020-10-25 15:34:10','2020-10-26 04:30:56'),
(44,'2012511028','luhgedepritacahyaanjani59235@gmail.com','Luh Gede Prita Cahya Anjani',1,9,'$2y$10$LXhFxzFyObezAXt4wbYG8OVo4IC/rnYIqJm1VUEGQG0pA/Y/GL5bG','2012511028_bukti ss mahasiswa aktid IMISSU.JPG',2,'2020-10-25 23:15:36','2020-10-26 04:30:59'),
(45,'2012511023','idayudina31@icloud.com','Ida Ayu Kade Dina Capriana Permata',1,9,'$2y$10$YJxxopyqtg8g/hIEEQ1PZO2Pe9Egss8.VxtLVZbDHpHYglZZ2sx8O','2012511023_EB511B07-9388-4EFD-A4A9-42996A497B78.png',2,'2020-10-25 23:15:41','2020-10-26 04:31:04'),
(46,'2012511022','gungwulan0488@gmail.com','I Gusti Ayu Satria Wulandari',1,9,'$2y$10$Yx9rPFuXVX80fqcopCDQ0.fwPYH378bqIoa9/Wr7RTGMZgBE3gkQC','2012511022_Screenshot_2020-10-26-07-05-46-56.jpg',2,'2020-10-25 23:17:28','2020-10-26 04:31:09'),
(47,'2012511061','ryanaayuparamita11@gmail.com','Ni Made Ryana Ayu Paramita',1,9,'$2y$10$i0KuA5vA6MHhdnUk1Ns7sO18fhJUgfUWwjmIE1rbfQVkiExByxQuu','2012511061_Screenshot_20201026-072656.png',2,'2020-10-25 23:23:49','2020-10-26 04:34:48'),
(48,'1912511015','septriagihan21@gmail.com','Septria Gihan Agung Tarayanti',1,8,'$2b$10$3tZN0kyyI1BFTSfcXPRqC.sFHucz5u3fASWeFVrbZUVMuhoH9Ty56','1912511015_Screenshot_2020-10-26-08-02-04-66.jpg',2,'2020-10-26 00:03:56','2020-10-26 04:34:52'),
(49,'1812511033','Marenitaa21@gmail.com','Ida Ayu Putu Eka Marenita Putri',1,7,'$2y$10$C5gGZPDOSJjtaVoGuVg2YOQNbMGFawpy1Y4ocYw5c//tCDrCe2yim','1812511033_Screenshot (71).png',2,'2020-10-26 00:23:50','2020-10-26 04:34:56'),
(50,'2012511019','revionaagar@gmail.com','Reviona Agustin Ambarsari Rahayu',1,9,'$2y$10$2Yob0jipyS8zjIM8UcbNGeVf2ybqwq6/9qqnj4mv8Ko363cTaRL8K','2012511019_Screenshot_2020-10-26-07-39-44-47.png',2,'2020-10-26 00:43:26','2020-10-26 04:34:59'),
(51,'1812511035','Ginantigita682@gmail.com','Ni Kd Gita Ginanti Mahayani',1,7,'$2y$10$tpP36MXg673fvdjHG8ITs..IdDd4P7WJH4UZyT8Zc6GqmXcUdinx.','1812511035_96F37384-641E-4D28-8A86-0DAB928CCA99.png',2,'2020-10-26 00:58:44','2020-10-26 04:35:04'),
(52,'1912511037','nadiarebeccaa@gmail.com','Putu Nadia Paramita',1,8,'$2y$10$G7nDTUKPPkueeO7AzH8Nhu6qn/4Cf7/ZCY0baKCH9NZqBk5odu6mC','1912511037_51F52604-1369-40BD-8FE3-19FE2C45F13B.png',2,'2020-10-26 01:17:26','2020-10-26 04:41:12'),
(53,'1812511049','Gustiayu0304@gmail.com','Gusti Ayu Kade Mirah Diantari',1,7,'$2y$10$pK.EYb879XmXdI7A3Z1sAudwGTitr4S3jxY7VKQjlp/I2dYWR.NGe','1812511049_0F0A5F4C-97BF-452F-BB40-647D0ADAE3CA.png',2,'2020-10-26 01:24:18','2020-10-26 04:41:15'),
(54,'1912511041','diahwahyuning312@gmail.com','Putu Diah Wahyuning Pertiwi',1,8,'$2y$10$t/p4FeMSwKXisfjklMMn5erdCwZyxktsWslB3vrycN84jmnxHzck2','1912511041_Screenshot_20201026_092504.jpg',2,'2020-10-26 01:26:07','2020-10-26 04:41:19'),
(55,'1812511037','Kdksuarningsih20@gmail.com','Ni Kadek Suarningsih',1,7,'$2y$10$rzJXnedwDThnu9VJMjbnA.V.iwhSOcZQVhpqzlEeZdmLpQ1tfXi3m','1812511037_FBCB6C01-46AF-4606-A482-1167162C3203.png',2,'2020-10-26 01:27:09','2020-10-26 04:41:22'),
(56,'1912511002','dewaayusriyundarini@gmail.com','Dewa Ayu Sri Yundarini',1,8,'$2y$10$5uxaaEFogTdi26fFwZHZZuqRHObroGmnL3IWNFBPP2bNgZQUm2Y5O','1912511002_Screenshot_2020-10-26-09-34-47-47.png',2,'2020-10-26 01:35:06','2020-10-26 04:41:25'),
(57,'1812511041','santtta15@gmail.com','Santa Monika Manullang',1,7,'$2y$10$IWPpr2ez4tnrJJ300dxmzuVScw69hZWB1k9fkX6KEZZ.XguGUziO.','1812511041_Screenshot_20201026-083420.png',2,'2020-10-26 01:36:14','2020-10-26 04:41:28'),
(58,'1912511024','erikawidia20@gmail.com','erika',1,8,'$2y$10$k9PY6gizze4Fz6uEYlR.1OyqHtYU1M0ZV/YyjLKahwVf1mrsOKYl.','1912511024_02192B31-73C7-4534-98D9-3CC393D3D695.png',2,'2020-10-26 01:56:08','2020-10-26 04:41:30'),
(59,'1812511029','siscalely@gmail.com','Sisca Lely Fania',1,7,'$2y$10$OLGJSkYoDlKSUvhVdMRUtOBZsLVhrK7fggsr9wKuhnCyJvzntbJKW','1812511029_BAE9413F-9FEB-4C52-A85D-925C1F5C486D.png',2,'2020-10-26 02:05:42','2020-10-26 04:41:32'),
(60,'2012511008','kdahyuwd@gmail.com','Kadek Ayu Wulandari',1,9,'$2y$10$PM.xG1eeMJwPYYKhv4QJi.CaeZ0S/GmFIXWez/Wg6UQSgymcV802W','2012511008_Screenshot_20201026_100311.jpg',2,'2020-10-26 02:06:43','2020-10-26 04:41:35'),
(61,'1812511036','laksmiayudhari29@gmail.com','Diah Putu Laksmi Ayudhari',1,7,'$2y$10$FfyuQtI78hx9SXWa6ZXQE.1FgOWJAiw9I/o/QInxqDqpJQrEBdCVq','1812511036_Screenshot_20201026-100754_Chrome.jpg',2,'2020-10-26 02:11:42','2020-10-26 04:41:36'),
(62,'2012511009','mseptiani172@gmail.com','Maria Yosefina Septiani',1,9,'$2y$10$b8tONhuQOdbWLQW4stiBxu7scaesS.yW6cAFmwwM8QEME4.THRkLm','2012511009_Screenshot_2020-10-26-10-27-52-86.jpg',2,'2020-10-26 02:34:21','2020-10-26 04:41:39'),
(63,'1812511003','marthafransiska05@gmail.com','Martha Fransiska Naidi',1,7,'$2y$10$//KkB62q2ATUKD4SrcJZVurxen3Qpfp8UPmeWraOzBNGcU1eAM5wO','1812511003_Screenshot_2020-10-26-10-46-04-27.jpg',2,'2020-10-26 02:48:15','2020-10-26 04:41:41'),
(64,'1912511026','ptwulanpurnamad@gmail.com','Putu Wulan Purnama Dewi',1,8,'$2y$10$2Fix45KkyxI9DrUujcRYhOg7bvOLdzWHdaZQxZqQ1jxh4EjeaHndW','1912511026_Screenshot_2020-10-26-10-49-15-30.png',2,'2020-10-26 02:49:38','2020-10-26 04:41:43'),
(65,'1812511047','alfia.tanjung@gmail.com','Alfia Tanjung',1,7,'$2y$10$LHthxvmyqJKWFqK0hNSRnuB4.f1LdVxuAbGrnjPHiICR3iz5nEUwu','1812511047_Screenshot_2020-10-26-10-52-06-88.png',2,'2020-10-26 02:54:07','2020-10-26 04:41:45'),
(66,'1812511016','soniadeviturnip2504@gmail.com','Sonia Devi',1,7,'$2y$10$t.xhfswpqsAlr4Wb2zGLk.tXGasG851Xi6mRkBu5S7IFgaPcPputm','1812511016_EB7CCD18-CF45-46EC-80C0-7306FC31C46D.png',2,'2020-10-26 02:54:53','2020-10-26 04:48:33'),
(67,'1712511059','dewaayukartika09@gmail.com','D.A Dewi Kartika',1,6,'$2y$10$F.grKc9BqPW2FDaRmsuasePJRjO4CVYYiBfKhmbL/A5aoQZh.r97u','1712511059_B4282B6A-CFBA-47B9-BBB0-E615EB4284DA.png',2,'2020-10-26 02:57:19','2020-10-26 04:48:35'),
(68,'1912511019','gabrielpardedee@yahoo.co.id','gabriel',1,8,'$2y$10$Nzp5VEKHNWAm.yI9sWDqRuaFy1IugJHqxym/dLsayKbwZ/NAbsHs6','1912511019_image_2020-10-26_100043.png',2,'2020-10-26 03:01:45','2020-10-26 04:48:39'),
(69,'1812511002','mkadrifisipsos99@gmail.com','Muh.kadri',1,7,'$2y$10$N3/meHXUx9NbLNH1x8dDxeW06Ft/FMxHaBF0DTkpO6CxPPZ2ZHfPm','1812511002_Screenshot_2020-10-26-11-03-19-703_com.android.chrome.jpg',2,'2020-10-26 03:04:44','2020-10-26 04:48:42'),
(70,'2012511018','gekintan487@gmail.com','Dewa Ayu Made Wintensari',1,9,'$2y$10$WjMSckRA.kVm9hnDk.tG6O3PUhVToD0TcKFSKCsNaPXVJz5EyRSvu','2012511018_Screenshot_2020-10-26-11-07-08-82.png',2,'2020-10-26 03:07:28','2020-10-26 04:48:45'),
(71,'2012511020','selvianasanul@gmail.com','Selviana Sanul',1,9,'$2y$10$qIr2PIAJXFBV2xkSxX3DBedGgD1gjU5jWohwMDgRnVYuas4fZJ1nm','2012511020_Screenshot_2020-10-26-10-34-39-76.jpg',2,'2020-10-26 03:18:09','2020-10-26 04:48:47'),
(72,'1812541040','tuguskeniten@gmail.com','Ida Bagus Rama Darma Putra',4,7,'$2y$10$vYN/6dKhIgRaMtqhkSYlL.oOch7wNv8gjhyvJERRrxJN4jqKH.3jW','1812541040_IMG_20201026_112540.jpg',2,'2020-10-26 03:26:58','2020-10-27 00:12:45'),
(73,'1912511030','nhnaufal123@gmail.com','Naufal Rafa Herdiansyah',1,8,'$2y$10$hjPJoZUtWNJiIvJvoPMc/.iP.HtnWSuoIsqAhr380aIDR6JG5lx9K','1912511030_Screenshot_20201026-102905_Chrome.jpg',2,'2020-10-26 03:29:45','2020-10-26 04:48:54'),
(74,'2012511049','diaharigek@gmail.com','Anak Agung Diah Maheswari',1,9,'$2y$10$/ZWMmgEHGN9rJlXOdwPFt.LB4dAx3vydTNVJ9y5zkgXtrHSangrpG','2012511049_Screenshot_20201026-112935_Chrome.jpg',2,'2020-10-26 03:30:00','2020-10-26 04:48:57'),
(75,'1912531022','Indrawijaya537@gmail.com','Indra Wijaya',3,8,'$2y$10$eE6CMHt2r1mGeZVx4wTd8.EVxWqigMCMMclmq6FNVdNI1nNSH5VOe','1912531022_1C08E44C-7EF7-4810-9825-39D11DA5D1C4.png',2,'2020-10-26 03:30:26','2020-10-28 04:52:04'),
(76,'2012511005','albertudgianino@gmail.com','Albertus Gianino Amput',1,9,'$2y$10$U76eBy.xQp3hkHF0ucQ1X.DyK4O38cbuP.e8Qz68..5/fdzqxa.ZC','2012511005_Screenshot_20201026-103006.png',2,'2020-10-26 03:30:38','2020-10-26 04:49:06'),
(77,'2012511039','ayucitrarasmi@yahoo.com','I Gst Ayu Diah Citra Rasmi',1,9,'$2y$10$pdFP9yBFnhIzF7OQTqYSfuDSSohQl4/LFI2GTdnSiTZRKhTMF6PLC','2012511039_D4492608-B32E-464B-A2F6-C7CCBBC5345A.png',2,'2020-10-26 03:32:32','2020-10-26 04:49:21'),
(78,'2012511055','uripsatyaraga150@gmail.com','i nyoman urip satyaraga arya saskita',1,9,'$2y$10$qQQu1vdZtVOwi/T4tQ767eUf2gJz19MFEP5CuGLGUZml/6I.xFw4G','2012511055_B461AA04-9785-4E34-87C9-9F9830AFDD05.png',2,'2020-10-26 03:33:11','2020-10-26 04:49:28'),
(79,'2012511057','anstsyf@gmail.com','Ayu Sheikha',1,9,'$2y$10$aUQcVHOyVs.ExDqbkCl9ouikzVdVgNMkljIA7FgT.MF28OQsVjhGi','2012511057_Screenshot_20201026-113538_Chrome.jpg',2,'2020-10-26 03:36:22','2020-10-26 04:49:36'),
(80,'2012511056','mademeidika@gmail.com','Ni Made Meidika Kartika Ayu',1,9,'$2y$10$dL5CbSt9Dt2vbQilfF5kB.v4YDHZn8Kb2dPcPADTfxTqADMUDc2Ki','2012511056_Screenshot_20201026_113535.png',2,'2020-10-26 03:36:26','2020-10-26 04:49:50'),
(81,'2012511073','yudhaagustinus26@gmail.com','Yudha Agustinus',1,9,'$2y$10$pweja1oIErwB4Ph7kBMLPuW2JRCOt/2VR/p6FXSCg/Y15E3a3j8MW','2012511073_6946BAF9-E73C-4088-B968-DE676D4C8D57.png',2,'2020-10-26 03:36:48','2020-10-26 04:54:44'),
(82,'2012511010','dheatata392@gmail.com','Dhea Tata Inggita Bayu',1,9,'$2y$10$OXUW/lsl6mpExCC.s6poweZi.vC/1TvIKAzgWISv3ehKSH1OGMczO','2012511010_Screenshot_2020-10-26-11-35-25-01.png',2,'2020-10-26 03:37:15','2020-10-26 04:55:04'),
(83,'1912511022','destiyantidelfi@gmail.com','Delfi Destiyanti',1,8,'$2y$10$xVplTjjDshQkxKjAhm7vCuRGxdzFdAgy/uoj.3MMKStOK3Hy89guO','1912511022_Screenshot (875).png',2,'2020-10-26 03:37:41','2020-10-26 04:56:09'),
(84,'2012511051','dayukiyani@gmail.com','Ida Ayu Kiyani Cahya Aridewi',1,9,'$2y$10$2Hrz1iQmoEBqvZ7C7kiLM.aytwbT5Gn9V9HJc6t/pYHzv0WY54lfe','2012511051_WhatsApp Image 2020-10-25 at 20.37.14.jpeg',2,'2020-10-26 03:38:23','2020-10-26 04:56:26'),
(85,'2012511033','nddwi22@gmail.com','Nanda Dwi Nofitasari',1,9,'$2y$10$s1jdG9KfPtcY7w6xajfY/uquRYFPHVDUDRDDwp0duanQePeISfDJC','2012511033_Screenshot_2020-10-26-10-36-27-03.png',2,'2020-10-26 03:38:44','2020-10-26 04:55:52'),
(86,'2012511015','Elfapratama73@gmail.com','Agus Elfa Pratama',1,9,'$2y$10$kLRLmGrQGrKmspsOlPk6rOkNpH9sQNswUlJSEMRAUlAfDvkiucNeW','2012511015_Screenshot_2020-10-26-10-38-36-23.jpg',2,'2020-10-26 03:38:54','2020-10-26 04:56:37'),
(87,'2012511072','fira9f29@gmail.com','Shafira Rahmarisdewi Shahby',1,9,'$2y$10$RyCPcdoG8ajdPya5gPMs3.7tlUrGGO5euWKX.Qj/3KyYz3Hvp8ac6','2012511072_Screenshot_20201026-113918_Chrome.jpg',2,'2020-10-26 03:39:55','2020-10-26 04:56:49'),
(88,'2012511043','joanchristoper7@gmail.com','Joan Christoper Samuel',1,9,'$2y$10$EIYBDjAtpUTYmPnOAJ9GOOOmQtRHTx6RWDtQ7aeUpYFdrwW20zbqW','2012511043_Screenshot_2020-10-26-10-39-45-957_com.android.chrome.jpg',2,'2020-10-26 03:40:05','2020-10-26 04:56:56'),
(89,'2012511034','diasrehanflps@gmail.com','Dias Rehan Rinaldi',1,9,'$2y$10$K6Se1e2trmImAL4mgthDsOsQjQxOShtEzFM/3d7QwZSjp21TvR3YS','2012511034_SS ImissU.jpg',2,'2020-10-26 03:40:14','2020-10-26 04:57:19'),
(90,'2012511021','vaceratirizal@gmail.com','Moh Rizal Pricahyono',1,9,'$2y$10$8zpqsZZRzTJuUDPVM4fnv.ppIIDI8jdzvQvsXKTlbqA5Uav7aZQ1G','2012511021_Screenshot_2020-10-26-10-39-30-689_com.android.chrome.png',2,'2020-10-26 03:40:16','2020-10-26 04:57:05'),
(91,'2012511071','novydam16@gmail.com','Novi Damayanti',1,9,'$2y$10$QPs07lmVuAG3cZdWUXj94e3hd80pdo2Or8JWO2QEG/t2kPpRSzlo6','2012511071_B68DD41A-7C72-4D6B-9B0D-66B2655B4A1C.png',2,'2020-10-26 03:44:54','2020-10-26 04:57:30'),
(92,'2012511045','triskavania12@gmail.com','Ni Komang Triska Vania Cahya Dewi',1,9,'$2y$10$o/b.kgDIZl86I37jFinED.oEoTkgJJLaUVlXXhvoRKO3C2jT5Zdfu','2012511045_Screenshot_2020-10-26-11-44-22-80.png',2,'2020-10-26 03:45:46','2020-10-26 04:57:46'),
(93,'2012511011','naomilumbantoruan3010@gmail.com','Naomi Lumbantoruan',1,9,'$2y$10$jDOgB7xgeTiyItUbRKpvm.k0vb./.W.6gZKRLKU2d468kMxD/DUJW','2012511011_Screenshot_2020-10-26-10-46-16-48.png',2,'2020-10-26 03:46:30','2020-10-26 04:54:36'),
(94,'2012511007','Galuhfitriarahmawati1612@gmail.com','Galuh Fitria Rahmawati',1,9,'$2y$10$xUtvktU09juAu/wxRZDhpe1Z0yRpcYVo1neFJU8JKoQZQOwWOu57C','2012511007_Screenshot_20201026_114447.jpg',2,'2020-10-26 03:47:07','2020-10-26 05:04:32'),
(95,'2012511050','regitadianpramesti123@gmail.com','Putu Regita Dian Pramesti Dewi',1,9,'$2y$10$3EHQ6WFFVP8XiQcHWodlOOxl0T.2FOMMa7mHcPsultAyQOL68pvqq','2012511050_Screenshot_2020-10-26-11-46-38-13.png',2,'2020-10-26 03:48:56','2020-10-26 05:04:41'),
(96,'2012511038','dewiaprilia.shansa@gmail.com','Dewi Aprilia Shansa',1,9,'$2y$10$kasC.lUxyzf.ILWgogXwnuqnSBKI3I6oKEl5c8fh9gIYXBTxW0o6O','2012511038_Screenshot_20201026-115525_Chrome.jpg',2,'2020-10-26 03:56:26','2020-10-26 05:04:49'),
(97,'2012511006','anhofenpurba@gmail.com','An hofen purba',1,9,'$2y$10$ZH0QztrEyVIdXTONh.VvOONtJa9YTPa4JE4Y1fv/BfbWlPcH3LY/m','2012511006_7E3816BB-EA62-43DF-B2C5-730AD3A7CACC.png',2,'2020-10-26 03:56:33','2020-10-26 05:05:15'),
(98,'2012511016','krisdamaulida@gmail.com','Amilia Krisda Maulida',1,9,'$2y$10$E2/dwmmH97ZH8/F4kf.7OOTSxsVIAZwjo61ipRCwY0ExFpcRTOULm','2012511016_Screenshot_2020_1026_115405.jpg',2,'2020-10-26 03:58:48','2020-10-26 05:06:21'),
(99,'2012511027','Mastasridevi@gmail.com','Masta Sri Devi Banjarnahor',1,9,'$2y$10$lSmCmcMc9FpkwgFRrm0ZS.rRSZy.mkSzpIL8Y3m6PYQJghJfYY0iy','2012511027_Screenshot_20201026_105856.jpg',2,'2020-10-26 03:59:36','2020-10-26 05:06:52'),
(100,'2012511003','ptsuryaadikusuma@gmail.com','I Putu Surya Adi Kusuma',1,9,'$2y$10$y5PhY3YEkbDqqJqmieYynuR5jPHksY3NnS1Ip3o5xa7p8jaYybXjq','2012511003_Screenshot_20201026-115937.png',2,'2020-10-26 03:59:58','2020-10-26 05:06:09'),
(101,'2012511064','prmtlisna18@gmail.com','Kadek Dwik Lisna Paramita',1,9,'$2y$10$NhClfDAe95ZjEnvQiixOXeiRPfC.d9ps7koo6LkDGwqxEClOYxm0m','2012511064_Screenshot (8).png',2,'2020-10-26 04:02:09','2020-10-26 05:06:46'),
(102,'2012511001','kartikaindahsn@gmail.com','Kartika Inda Setianingrum',1,9,'$2y$10$v5TCGnTEPYzbOUMwv7qUNue/GNTyOZTvbTUT4T45kTD37IUuQwi9e','2012511001_Screenshot_20201026_120159.jpg',2,'2020-10-26 04:02:33','2020-10-26 05:07:11'),
(103,'2012511024','Siskasimbolon581@gmail.com','Siska simbolon',1,9,'$2y$10$zJRZaLkgfTK.GyPEiaKk0O3O1Kl.7LY0IEsOS3.kzmPQcLJ3/.f2G','2012511024_Screenshot_20201026-110801.png',2,'2020-10-26 04:10:00','2020-10-26 05:07:35'),
(104,'2012511017','jessicawinba@gmail.com','Jessica Yng Wie Intan Barata',1,9,'$2y$10$g/4VsupRyXl4IQ18ziYLDOKLnTLscCeZSEvr4zqrzEftt2mKvCYhi','2012511017_Screenshot_2020-10-26-10-24-20-793_com.android.chrome.jpg',2,'2020-10-26 04:10:33','2020-10-26 05:07:44'),
(105,'2012511037','luhmademiradamayanti2011@gmail.com','Luh Made Mira Damayanti',1,9,'$2y$10$kMKh1yVXT8qpSKC.sBnLY.Y5a8SVRsNljq.tiCDQ7jcYVl/wPOxHy','2012511037_B0FFCE31-CFB0-4A2C-8329-EEF089F27059.png',2,'2020-10-26 04:10:34','2020-10-26 05:07:54'),
(106,'2012511012','agnessibarani6@gmail.com','Agnes Marthauly Sibarani',1,9,'$2y$10$hsz5pmgTmMhAd9G9YemTd.JnYX08h9WaOfgWEyO3glOboE4elhTwW','2012511012_Screenshot_20201026-111016_Chrome.jpg',2,'2020-10-26 04:13:07','2020-10-26 05:08:11'),
(107,'2012511059','Serry.regin@gmail.com','Seraphine Agnes Regina',1,9,'$2y$10$/L9ndNlwnSikivQtvXZuReBCXBihq065o5ykIWYsVuVHVcP.8LDdK','2012511059_666DC65D-ED26-4C0E-9606-80A86D092056.png',2,'2020-10-26 04:14:38','2020-10-26 05:14:06'),
(110,'1912511066','donitaezra1@gmail.com','Donita Ezra Nathaniella',1,8,'$2y$10$44456ndG4bORx2Qg03dHvu1yDzqfCy6ZIENkLoLQnbx1VKuokT5US','1912511066_IMG_20201026_112313.jpg',2,'2020-10-26 04:24:50','2020-10-26 05:14:19'),
(111,'2012511070','tomasurbakti@gmail.com','Ari starkus tomma surbakti',1,9,'$2y$10$HIUGMGJksiF1S74E1OWQkeJX27Hk472Hw356yhMKl2OwyO2gphJ9.','2012511070_Screenshot_2020-10-26-12-28-47-00.jpg',2,'2020-10-26 04:29:02','2020-10-26 05:14:30'),
(112,'2012511060','ramadhiniputriyenadin@gmail.con','Ramadhini Putri Yenadin',1,9,'$2y$10$ox/hZRxI7bOtmp3je06fCecqn7Yn1umJ6lD5HXqwjROrZAXa6pi4e','2012511060_58ACFEB9-45BD-4001-8AA8-C4D00F884D67.png',2,'2020-10-26 04:32:36','2020-10-26 05:14:39'),
(113,'1912511056','Ikomangdharmay@gmail.con','I Komang Dharma Yoga',1,8,'$2y$10$rXH5byXDxTribYWw2mb8FO0DWl104.r9aGf2MJ0wzH1F.XRsqUIU2','1912511056_C64DF129-4859-48FE-B56B-ED5742D26EF0.png',2,'2020-10-26 04:33:30','2020-10-26 05:14:48'),
(114,'2012511069','puturoosevelt@gmail.com','Putu Roosevelt',1,9,'$2y$10$MlFq06UiDQaYK2XV/lJYNuUS/uAKo2YxnFAjv0wuzwvtcrfR48sfy','2012511069_A0086992-4B7F-4611-9FEE-055FDACDA2E8.png',2,'2020-10-26 04:39:23','2020-10-26 05:14:56'),
(115,'2012511046','kristinasitorus336@gmail.com','Kristina Sitorus',1,9,'$2y$10$2ONtOHTCelmf3MIcuFYWVOK5iIbXGL.Qyf24jx8Tk5MSZ/R9T0eCS','2012511046_Screenshot_2020_1026_114342.png',2,'2020-10-26 04:45:42','2020-10-26 05:15:23'),
(116,'1812511018','wayanlindasari@gmail.com','Ni Wayan Linda Sari',1,7,'$2y$10$ro2d6SsBpx4tnLGfF3wB2uOgWSXmKQaoWooyDm1rENVCOzvTZg6vW','1812511018_Screenshot_2020-10-26-10-51-11-531_com.android.chrome.jpg',2,'2020-10-26 04:50:12','2020-10-26 05:15:07'),
(117,'2012511032','masdika.aw@gmail.com','Laurensius Andika Awang Widiatmoko',1,9,'$2y$10$D7VzqfgKI8x2O/W/rYqpYOq.ZL5oMeHfJum17PWGJOqINKsOw47um','2012511032_Screenshot_2020-10-26-11-55-41-03_6bcd734b3b4b52977458a65c801426b0.jpg',2,'2020-10-26 04:57:06','2020-10-26 05:15:33'),
(118,'1712511048','fajrikhoirul123@gmail.com','MUHAMAD KHOIRUL FAJRI',1,6,'$2y$10$h2MEk93t.GJGTImOBBCWoOYheO6GMhzhPat1oE8y9MFvtdwm.WA5q','1712511048_Screenshot_20201026-120030_Chrome.jpg',2,'2020-10-26 05:02:54','2020-10-26 05:15:43'),
(119,'1812541043','revylianusbapa@gmail.com','Petrus',4,7,'$2y$10$ABEW6rRzpVzAujVgehNnA.76u.TMIXOdvQqbEanYsFM9zS3Sm41qi','1812541043_Screenshot_20201026-130506.png',2,'2020-10-26 05:06:36','2020-10-27 00:14:36'),
(120,'2012511044','komanglunga4@gmail.com','Ni Komang Lunga Dianti',1,9,'$2y$10$rAYKk7wG1KYx.RyHq.2ju.nlcYas.SBo46Yz5RvoQWYfIGLLB4y3G','2012511044_Screenshot_2020-10-26-13-17-28-223_com.android.chrome.png',2,'2020-10-26 05:25:25','2020-10-26 10:18:51'),
(121,'1712511010','zefanyayuni@gmail.com','Zefanya Yuni Chayani Samosir',1,6,'$2y$10$iv74k2m7uT/LpBL4SLgU8elWQ4QLakYkClA1fR.yfkX39VPbv0eAa','1712511010_40FAEFF2-5F1C-42F1-9ED0-AFD5FE68C43C.png',2,'2020-10-26 05:27:12','2020-10-26 10:19:05'),
(123,'1912511053','Pramudyakansa@yahoo.com','Pramudya Kansa Putri Sang Begawan',1,8,'$2y$10$/qx9.XDKJX2PQBTtOLNxzOrleY4wPQduSOVK1eSTNzTlKVCZO9hpm','1912511053_E83F4D38-2FE8-4C55-91B4-39B66541AE38.png',2,'2020-10-26 05:39:14','2020-10-26 10:19:17'),
(124,'2012511029','bari2002arvan@gmail.com','Bari Arvandi Maulana',1,9,'$2y$10$RRBSooEQL5yB6Rbm1ViWGenEbH3kw53RJyPtib7B6.iuODbrzM3Lm','2012511029_Screenshot_2020-10-26-13-44-33.jpg',2,'2020-10-26 05:46:25','2020-10-26 10:19:29'),
(125,'1912511005','adywhyy@gmail.com','Adi Wahyu Firnanto',1,8,'$2y$10$GYxpRiQZEebRdQb6jKbGTufo7K8BPc1IK.Cs191JXrsl0VKs8fB9e','1912511005_Screenshot_2020-10-26-12-48-03-25.jpg',2,'2020-10-26 05:49:03','2020-10-26 10:21:40'),
(126,'2012511036','Gracexrapj1027@gmail.com','Grace Rizky Ayu Putri Jauhari',1,9,'$2y$10$ho6l.Fv2f6xEUuDIuPYwauCmZ.FyCMCUzMi.C3.HIb8Ffg0MhY9.e','2012511036_Screenshot_20201026-125356_Samsung Internet.jpg',2,'2020-10-26 05:55:04','2020-10-26 10:21:29'),
(127,'1812511039','ismialda29@gmail.com','Fatin Ismi Alda',1,7,'$2y$10$umRTYe0BNHlcSuQ5UMBjzepIl/B3Fsj6sBw/.CxsDfFbM5ZLrLUNO','1812511039_Screenshot_2020-10-26-12-58-49-75.png',2,'2020-10-26 06:00:47','2020-10-26 10:22:20'),
(128,'1712511037','Aguschelsea19@gmail.com','I gede agus wisnu antara',1,6,'$2y$10$3XXR2Cv.MzaNgCauBw3PC.ABsO2j1Vx3fUIJEv.nko820J3Dnr9ka','1712511037_inbound6120473042058967942.jpg',2,'2020-10-26 06:01:14','2020-10-26 10:22:48'),
(129,'1912511001','arikasugiati@gmail.com','Ketut Arika Sugiati Dewi',1,8,'$2y$10$duhKw8pXyUsWlxsR9RSQTerCaN5v7eFld10Na.EiEQ1/lBVlBFYtG','1912511001_Screenshot_2020-10-26-14-18-13-537_com.android.chrome.jpg',2,'2020-10-26 06:18:52','2020-10-26 10:22:37'),
(130,'2012541015','antonysimanullang04@gmail.com','Antony Bincar Tua Simanullang',4,9,'$2y$10$AbLxx4wYncZsjl3kCtU3nuf6jsTdJIxVfNmrK6YCH9tbnR.q5X9gC','2012541015_Screenshot_2020-10-26-13-23-03-61.png',2,'2020-10-26 06:24:27','2020-10-27 00:17:28'),
(131,'2012511004','rismaliaanindra@gmail.com','Rismalia Anindra Putri',1,9,'$2y$10$KsHT6PaeBQ4fo1w7AovYju/.6VtNEbmVH5n.kSMv4ENS1lRNI3v4G','2012511004_Screenshot_2020-10-26-13-27-26-68.png',2,'2020-10-26 06:27:44','2020-10-26 10:25:24'),
(132,'1812511010','syaefuddinyusuf@gmail.com','Syaefuddin Yusuf Dwiputra',1,7,'$2y$10$3.dyomTg/nyCEerEeFvPfO5J2Bd7L50gC21Ub2HXzWYjRHY8eCCrC','1812511010_Screenshot_20201026-141140.png',2,'2020-10-26 07:13:22','2020-10-26 10:25:11'),
(133,'1712511003','simanjuntakrotua008@gmail.com','Rotua Varia Elisabeth Simanjuntak',1,6,'$2y$10$uVWEbfWnjC0ZvfAp4MpTwuslrZH5isVTY.xU1tvm4orNvE3qSUmf6','1712511003_Screenshot_2020-10-26-15-19-54-65.png',2,'2020-10-26 07:26:31','2020-10-26 10:25:32'),
(134,'1912511045','juliarsana09@gmail.com','I Gede Ari Juliarsana',1,8,'$2y$10$s8oOgssevknUWGQYg9Sgjuu6gxLssLF/LcECLfsaPYur.bOi2efum','1912511045_985E0988-E3D7-4C85-8B77-86D39B745293.png',2,'2020-10-26 07:58:52','2020-10-26 10:25:40'),
(135,'2012511040','dianipriyono70@gmail.com','Diani Priyono',1,9,'$2y$10$lJa7g5eQX/IGHgCHHWIApui1VmxKNw4Yq9gUulAJSye4e61Bl9lJC','2012511040_SmartSelect_20201026-152650_Chrome.jpg',2,'2020-10-26 08:27:14','2020-10-26 10:26:08'),
(136,'1712511033','ahmadandi883@gmail.com','ANDI AHMAD AMIRUDDIN JALIL',1,6,'$2y$10$11KzB89N1KZw0VhMz9yA3eisLtozfI2ViZvyRueqVLGakTmYsqJ5u','1712511033_inbound6316746532867815834.png',2,'2020-10-26 08:57:22','2020-10-26 10:28:16'),
(137,'2012511031','canthasyaya@gmail.com','Canthas Wara Pakerti',1,9,'$2y$10$JdSRuzyDbbzchjW87E0vNenwYTXFOu0uF4d6tpE3Wa1z9NxWAmS7W','2012511031_Screenshot_20201026-171122_Chrome.jpg',2,'2020-10-26 09:12:11','2020-10-26 10:28:28'),
(138,'1912511042','dayuputri857@gmail.com','Ida Ayu Gede Putri Astiti',1,8,'$2y$10$36ah/QqhFpxeIfjZJfkre.VUKkyey2hwFtKKkEGyxGjdJX5T.2B3a','1912511042_WhatsApp Image 2020-10-26 at 17.27.23.jpeg',2,'2020-10-26 09:28:24','2020-10-26 10:28:37'),
(139,'2012511052','ndfhani@gmail.com','Nada Nadhifah Hanni',1,9,'$2y$10$oKErCzbmmAA4wuJSVh2Xg.s/cExythsW2kAuDAz5Yd21g9O1Ge9.W','2012511052_Screenshot_20201026-173146_Chrome.jpg',2,'2020-10-26 09:34:13','2020-10-26 10:28:51'),
(140,'2012511047','yunarah0@gmail.com','Yunia Rahmatillah',1,9,'$2y$10$UlQkUKciH84qJbP7gEi/1.6ShHDoowjjpqKvbMVCGw3harpz.USrS','2012511047_penting!!!.jpg',2,'2020-10-26 09:35:31','2020-10-26 10:29:00'),
(141,'2012511014','fitrifat111@gmail.com','Fitri Fatmawati Hasibuan',1,9,'$2y$10$dX9TtWqe0OOxCSs.HSnyueBE9su33kwICkzx.kiXI3D0q.Rl7UeGS','2012511014_photo_2020-10-26_16-41-46.jpg',2,'2020-10-26 09:42:19','2020-10-26 10:29:11'),
(143,'1812511027','noviargrace24@gmail.com','Ni Kadek Noviar Grace Chandra Putri',1,7,'$2y$10$SPTwbs3a/xIv67Mbe6WtFewpcXZeN35MZ5Rv736uOmddQYYNzv68q','1812511027_20201026_212043.jpg',2,'2020-10-26 13:21:27','2020-10-27 06:37:15'),
(144,'1712511021','tiur600@gmail.com','tiurmaida',1,6,'$2y$10$oiY/EfbDL.yD1ZRYTIAPb.2rNwjPCdN4GwzvDl1glGQNqDQ5Suioa','1712511021_3F3AF532-4BDA-416B-94CB-A2445EA4DA3F.png',2,'2020-10-26 13:22:23','2020-10-27 06:37:50'),
(145,'1712511011','Sinagaputri12@gmail.com','Putri ratna sari sinaga',1,6,'$2y$10$Cso1fXQWmEQJH1lrG3dw5eCM/8FRjlr3tPMpWg4s7KhYQf/rNZn8G','1712511011_Screenshot_2020-10-26-21-22-07-298_com.android.chrome.png',2,'2020-10-26 13:22:55','2020-10-27 06:38:39'),
(146,'2012511065','ruthnovelia97@gmail.com','Ruth Novelia',1,9,'$2y$10$gzMCKzw1HEbd6BFHloYE1OO.CntYtvwR0BIFtQzn7UjgKABeUApsO','2012511065_Screenshot_2020-10-26-21-26-20-875_com.android.chrome.jpg',2,'2020-10-26 13:26:41','2020-10-27 06:39:13'),
(147,'2012511062','krishnacayyb@gmail.com','Putu Krishna Caitanya',1,9,'$2y$10$LGgBswPmKIp7oh5YdcdVZuZz3tGm0bIynVIvBQ49SK4hL5vmFFD5G','2012511062_E6A2265C-E6D7-44FB-B5B8-D5856B9CD80C.png',2,'2020-10-26 13:26:57','2020-10-27 06:39:58'),
(148,'2012511053','rahmatripratiwi291001@gmail.com','Rahma Tri P',1,9,'$2y$10$BLw5DFngBdGuCCme1.htQuyoDaeB4wYrzsiHyS0u7zUwlbukA18sm','2012511053_3D690E1F-3EE4-4113-839B-689C75611B23.png',2,'2020-10-26 13:27:50','2020-10-27 06:40:24'),
(149,'1712511004','Firdaamaliasiska@gmail.com','Firda Amalia Siska',1,6,'$2y$10$.sgPhYmo4NaqCMMNjLCyKO3vjAtGxu13SKo..tiW4S.XVk6Pq3Ue.','1712511004_A833E74B-915D-4829-8CD1-06AE5EFACD15.png',2,'2020-10-26 13:29:12','2020-10-27 06:40:51'),
(150,'2012511030','Anastaciaherman@gmail.com','Josephine Anastacia Herman',1,9,'$2y$10$LGg/0lWRgXVGldEpaYG8ueH66BJMYSSJJkxDwrjowNBn7TdmFEdEe','2012511030_AFEBE4B3-9DCD-46AD-BBAD-AAFCBD4D48C0.png',2,'2020-10-26 13:30:53','2020-10-27 06:41:24'),
(151,'2012511026','Nurcahyaadi09@gmail.com','Nur Cahya Adi Nugraha',1,9,'$2y$10$1zjwbteWLJm61X3Dw0gLse.uH2yW7z6jLT2k/cGsgy0K3yY4qdDF.','2012511026_E6DE990E-2510-4D5D-99DE-1B75E359A34D.png',2,'2020-10-26 13:31:04','2020-10-27 06:42:44'),
(152,'1712511029','faiz.deniwinata36@gmail.com','Fa\'iz Deniwinata',1,6,'$2y$10$9iWr/kCjWG6JT4rhxV00Rups3tDWrBBXVwHVv41eKBM5O2WHQrsIK','1712511029_Screenshot_20201026-202345_Chrome.jpg',2,'2020-10-26 13:32:11','2020-10-27 06:49:41'),
(153,'1712511053','Kristinaputri57@gmail.com','Ni Kadek Putri Kristina Dewi',1,6,'$2y$10$OkrBJ.coJbLT0Xeg7W3uZeqYsA9dWDOSwS7wLOANRI279Mu7.G6.O','1712511053_574611F9-E573-49F5-B424-1751D3482A66.png',2,'2020-10-26 13:38:51','2020-10-27 06:43:23'),
(154,'1912511038','Aryasatyamade@gmail.com','Made Arya satya',1,8,'$2y$10$tCWe4CdQP5ZdzpeR24FzZOvuNbPZNjIY7ZT3901.gyZp5rSJ0QB5K','1912511038_Screenshot_2020-10-26-21-39-26-93.jpg',2,'2020-10-26 13:40:09','2020-10-27 06:43:49'),
(155,'2012511054','yuwahedani87@gmail.com','Yuwa Hedani Sugiyanto',1,9,'$2y$10$0GsCyHWzIp6Ti7rL3jf5/uons45ECUkiLRz47z34WIGW0k4r8EKb.','2012511054_Screenshot_2020-10-26-21-41-01-466_com.android.chrome.jpg',2,'2020-10-26 13:41:56','2020-10-27 06:44:57'),
(156,'1712511036','okyperamana18@gmail.com','Oky Peramana Sebayang',1,6,'$2y$10$mn4NFh8TGQZ2RvnEOxlq7.GntJM8LlWx3u3UsKCQQhXENJ0I56rqa','1712511036_Screenshot_2020-10-26-21-42-38-572_com.android.chrome.jpg',2,'2020-10-26 13:43:14','2020-10-27 06:45:01'),
(157,'1812511019','silfirahayu2@gmail.com','Silfi Rahayu putri',1,7,'$2y$10$f19o5m2fEA3D1hMFcbZXtOSihUWkMQSYzcSLzvMoVOK9NojksTgjS','1812511019_Screenshot_20201026_130940.jpg',2,'2020-10-26 13:49:27','2020-10-27 06:46:13'),
(158,'2012511002','gintinggitaaulia00@gmail.com','Gita Aulia Ginting',1,9,'$2y$10$Op6yAlVwMd587rApB6MxA.G3jYPdZyWgL0jkkRFgTa3DN8eKChKcq','2012511002_Screenshot_2020-10-26-20-49-33-16.jpg',2,'2020-10-26 13:50:25','2020-10-27 06:46:16'),
(159,'2012511025','sephorainjiliasembiring@gmail.com','SEPHORA INJILIA BR SEMBIRING',1,9,'$2y$10$U758ozoe7L5slgaAE77xeuZ59xZ6P.mwqG88u7haB6ZuBMl8tOzlq','2012511025_IMG-20201026-WA0240.jpg',2,'2020-10-26 13:50:38','2020-10-27 06:48:05'),
(160,'Nawwirul Qolbi','nawwirulq26@gmail.com','Nawwirul Qolbi',1,8,'$2y$10$mVrD2qzIHwcCaFxvX0Nyp.7o8s5T2ncrQIDE2b/Kq203jZHmjbGn.','Nawwirul Qolbi_Screenshot_2020-10-26-20-53-39-68.jpg',2,'2020-10-26 13:54:50','2020-10-27 06:48:10'),
(161,'1812511034','calvinmeloka7@gmail.com','Calvin Meloka',1,7,'$2y$10$U1GtsAyaVi7ZV8rI7b9GKOpEaI.0VbVSbMBjUHGpOETwNmaJjhF8e','1812511034_Screenshot_20201026-094932_Chrome.png',2,'2020-10-26 13:59:31','2020-10-27 06:48:39'),
(162,'1812511007','dianaoktavayptr@gmail.com','Diana Oktaviani Ayu Putri',1,7,'$2y$10$hXQSvxso.7QfMYr4FdB48uiwv5erJFF8bUcyGsJZ0OcC/tPADe.Fy','1812511007_Screenshot_2020-10-26-21-58-54-04.jpg',2,'2020-10-26 14:00:06','2020-10-27 06:48:43'),
(163,'2012511063','sughiprastha1804@gmail.com','Gede Sughi Adnyana Ousadhi Prastha',1,9,'$2y$10$pWQQ9yRR/Tl82b2h0ulvZujg8urdoSi4uHuR.eJKpvk2T0I6chYHW','2012511063_Screenshot_2020-10-26-22-00-47-215_com.android.chrome.jpg',2,'2020-10-26 14:01:46','2020-10-27 06:49:17'),
(164,'1812511001','rafnyalnovira9430@gmail.com','Rafny Alnovira',1,7,'$2y$10$FV.ECVEatkmMoKRrT.SjjO4NGEa8N.14AFs76YDd85/s9TuJL113y','1812511001_8DC33F5D-8669-4791-9771-F32B41287B8D.png',2,'2020-10-26 14:06:59','2020-10-27 06:49:20'),
(165,'1712511025','nikosuryahadinata@gmail.com','Nikodemua Surya H.B',1,6,'$2y$10$/J/MqalvztspaPphNFUMuOpOytMkH78li5Nq3WlSeNUHcxKY.Euwm','1712511025_Screenshot_2020-10-26-22-08-29-06.jpg',2,'2020-10-26 14:10:00','2020-10-27 06:51:18'),
(166,'1712511044','anggaardyastia99@gmail.com','I Putu Angga Ardyastia',1,6,'$2y$10$YojmzyI/735Gso55fvDbxupEkh0uVnBv.cHfldd3KKUuEpUxbjVx6','1712511044_Screenshot_2020-10-26-22-04-40-56.png',2,'2020-10-26 14:12:44','2020-10-27 06:50:49'),
(167,'1712511052','Sellikaprdn@gmail.com','Sellika Perdania',1,6,'$2y$10$3KyyrPYw2A7jGeFPAQj.ceZvLWRAspi6z3dOxFUcRzCUNlvJsmGg.','1712511052_60A12E6A-F72C-474E-AEAF-F8D9612E9B2F.jpeg',2,'2020-10-26 14:35:05','2020-10-27 06:51:54'),
(168,'1812511045','wayan.bagas@gmail.com','I Wayan Baskara Agastya',1,7,'$2b$10$8EEMFNchS9xveID.nUhj5eA2t15JIaZPYxZccOyoY3pvPwTZQLKmC','1812511045_Screenshot_2020-10-26-22-35-12-58.png',2,'2020-10-26 14:35:51','2020-10-27 06:52:09'),
(169,'2012511068','putuyudhiartas@gmail.com','I Putu Yudhiarta Setyawan',1,9,'$2y$10$Ta9YnDMRqfA182ZdvffeRu8ouIcERUsGQOfcY6159FTmbSaBbydW6','2012511068_Screenshot_2020-10-26-22-35-09-78.jpg',2,'2020-10-26 14:42:09','2020-10-27 06:52:27'),
(170,'2012511066','juantinangon@gmail.com','Juan Andrew Tinangon',1,9,'$2y$10$iH280zHGPNfWqz3ey9XOr.c1NCiSTmBE8pRJY2CpFiBN5hE3MBB4C','2012511066_Screenshot_2020-10-26-21-29-43-87.jpg',2,'2020-10-26 14:42:27','2020-10-27 06:52:43'),
(171,'1911511020','lakamolaavivin@gmail.com','Vivin Christin Mutiara Lakamola',1,8,'$2y$10$pE0SKEHkcqiyTMyvTkZAS.TXNwZdeA2ya17z0oimAuPnLE2iKPdK6','1911511020_Screenshot_20201026-224030_Chrome.jpg',2,'2020-10-26 14:42:40','2020-10-27 06:52:58'),
(172,'181251011','melinwiguna@gmail.com','Melin wiguna',1,7,'$2y$10$FUCtZGSch494Y.HPqrtJaODZkc86z8jtGN8s1g0//ZHec7RvfOmT2','181251011_FBC950E7-541B-4D0E-82AF-03D859D1CE84.png',2,'2020-10-26 14:50:00','2020-10-27 06:53:38'),
(173,'1712511042','anastasia.safitri@yahoo.com','Annastasia Savitri',1,6,'$2y$10$i0UuKUTmS6JYuYzxxn2EyenBRRRKaiZnVL7G.5OqV9cWcNw6GDkqu','1712511042_Screenshot_2020-10-26-23-00-19-76.png',2,'2020-10-26 15:01:24','2020-10-27 06:54:22'),
(174,'1712511039','Mayaandriani291@gmail.com','Maya Andriani',1,6,'$2y$10$FZg758P/edYNzZjZpFYbEudWNGK5W/ewh14AvUYuzy8Ookf6wrISK','1712511039_Screenshot_20201026-215956_Chrome.jpg',2,'2020-10-26 15:04:05','2020-10-27 06:54:25'),
(175,'1712511054','mayukicandra@gmail.com','Mayuki',1,6,'$2y$10$lhyti.9.EgHXxHylNLebseIX1orEtY9dDIoXab7Uo82JN.HtzY74C','1712511054_Screenshot_20201027_010003.jpg',2,'2020-10-26 17:00:43','2020-10-27 06:54:29'),
(176,'1712511002','Adeliahardianti16@gmail.com','A.Adelia Hardianti.M',1,6,'$2y$10$V.cTBx3LmwSuZeJXo31XQ.c7tRJku80afHbRS/c0e96op81GjdEmW','1712511002_0F2F641B-54C2-4878-9007-8A90110CDBB9.png',2,'2020-10-26 18:16:02','2020-10-27 06:55:04'),
(177,'1712511005','ratnavdewi92@gmail.com','NI LUH PUTU RATNA DEWI',1,6,'$2y$10$ABKdGmoO8x3PpLTZHiO0q.Vcd7IYoijgYC080YhyVk1tbFQEfEqB2','1712511005_1708E345-D39B-48C4-B0EE-D199E6FA99D6.png',2,'2020-10-26 23:35:30','2020-10-27 06:55:08'),
(178,'1912541045','rifkiarn@gmail.com','AHMAD RIFKI NURFEBRIANSYAH',4,8,'$2y$10$cLMDhoXGr.bobZfMXlXVGeQkkAIX7j6cGKXEzQWZ0kNlJtNkqjrnC','1912541045_Screenshot_2020-10-27-08-00-40-33.png',2,'2020-10-27 00:02:10','2020-10-27 00:18:42'),
(179,'1912541042','Dekika50@gmail.com','Putra',4,8,'$2y$10$PyeZi1cNkrhPKipld4SE5.k4rLPfSaYipTJITD45TKEepRL2Ckpym','1912541042_Screenshot_2020-10-27-08-01-33-01.png',2,'2020-10-27 00:02:11','2020-10-27 06:19:11'),
(180,'1912541054','angelapranda5@gmail.com','Maria Angela Pranda',4,8,'$2y$10$TG4GhGtfdl.6gOFiB83IRuz7K72CTc4EqfZZmAbjf2INPBsgXrd06','1912541054_Screenshot_20201027-080221_Chrome.jpg',2,'2020-10-27 00:02:37','2020-10-27 06:19:55'),
(181,'1912541003','emayani08@gmail.com','Ni Made Emayani Widiastuti',4,8,'$2y$10$VanVXBn1NyJpsASjKvK1A.6qwdOjdIjM25so2hQHMywt.2Z05MBDi','1912541003_Screenshot_2020-10-27-08-19-10.png',2,'2020-10-27 00:26:53','2020-10-27 06:22:02'),
(183,'2012541024','nancyalunat14@gmail.com','Nancy Margaretha',4,9,'$2y$10$bR7v6UgDy4PJi.UPSzE.Zu3W8m65zaeIyvr5OuQVuLAJ.5JOziyZe','2012541024_Screenshot_20201026_190527.jpg',2,'2020-10-27 00:34:53','2020-10-27 06:48:05'),
(184,'1912541001','dikasejak2000@gmail.com','Sang Putu Dika Nugraha',4,8,'$2y$10$FaqU3tSr.q2FAtJpOUBt5enDNm/G/7EgjrLQ1KruSjSXm53mUgRIO','1912541001_79260D1B-85FE-4263-B2C9-A1424B5D4F56.png',2,'2020-10-27 00:37:52','2020-10-27 06:48:36'),
(185,'1912541017','saraafrianti4@gmail.com','Sara Afrianti',4,8,'$2y$10$xcKZTWQIh6k7uke1vy9dDeuf4KjPxCOJKflJBZUP8lqAnPs5rq1ii','1912541017_Screenshot_2020-10-27-08-20-51-68.jpg',2,'2020-10-27 00:42:25','2020-10-27 06:52:20'),
(186,'1912541051','fiorenzarima@gmail.com','Rima Deana Fiorenza',4,8,'$2y$10$eXIbV2YpKz/1mYhkBF0VXe7.fa6VFvPGiF9IBX9LFOcpImIH9BZzC','1912541051_0FAB33B1-29BA-4CB9-84CC-F262E5833E85.png',2,'2020-10-27 00:46:13','2020-10-27 06:17:05'),
(187,'1912541030','Wiratamaarim17@gmail.com','I Ketut Wiratama Arimbawa',4,8,'$2y$10$9RW2UmdujDkl8xbLeagH6.7Ays3bVoehIquQskxDmyrYr2cRGjHqS','1912541030_B19F9E8E-CFAA-4558-A492-9D557BC282AD.png',2,'2020-10-27 01:00:15','2020-10-27 06:10:31'),
(188,'1912541023','kurniadewilestari131@gmail.com','Ni Putu Kurnia Dewi Lestari',4,8,'$2y$10$h0fYHLtBefCjm5gawHMEWeoTjJAlR5PTqkSt3dWB4BvKyOdhCaXKi','1912541023_Screenshot_20201027-085830_Samsung Internet.jpg',2,'2020-10-27 01:00:50','2020-10-27 07:01:11'),
(191,'1912541052','dikizumara@gmail.com','Diki Zumara',4,8,'$2y$10$bSxuZHq7TdPjoq6WtB1QJ.PmTDe/fm6sC77Apq/PZEULg.lH3WPBG','1912541052_Screenshot_20201027-091041_Chrome.jpg',2,'2020-10-27 01:12:42','2020-10-27 07:05:41'),
(192,'1912541050','inialiyak@gmail.com','ALI YUSUF',4,8,'$2y$10$uFew4swpx2fsKRkMr4OLcuNsFytdD5wgcybRWeM2OSqOu3lZArFwa','1912541050_IMG_20201027_091536.jpg',2,'2020-10-27 01:18:35','2020-10-27 07:07:12'),
(193,'2012541018','anggitasaputri20@gmail.com','Putu Anggita Saputri',4,9,'$2y$10$YguOO4JaN4l3Ls7N5tGT.u8nS.ZvQHG7lhPzdc1b30X4p2UHpI2ji','2012541018_Screenshot_20201027-091638_Chrome.jpg',2,'2020-10-27 01:19:24','2020-10-27 07:09:04'),
(194,'1912541018','Melianaa76@yahoo.com','Ni Luh Ayu Meliana',4,8,'$2y$10$ExsW.MwXgixPPzly7aF44uuQoWeILpblwXBEAzbIWJxbX6GHa2R2y','1912541018_E41F7C84-BEFC-4E81-9245-A986B1EED29F.png',2,'2020-10-27 01:46:38','2020-10-27 07:09:11'),
(195,'2012541006','pratiwiwahyu02@gmail.com','Ni Putu Wahyu Pratiwi',4,9,'$2y$10$Rb4kWTzqydgO9JWhaloqjOLAULDHYfZlIBCSfzMRUMNzREBzfCKbC','2012541006_0DFF328C-0950-483B-B8B3-5404A132A1AB.png',2,'2020-10-27 01:54:29','2020-10-27 07:12:24'),
(196,'1912541067','Sammaranatha23@gmail.com','Samuel R Maranatha Surbakti',4,8,'$2y$10$3cLa8ARKC8VH9bp5y0ckFOyBplHAYtvxAiEvIF3/Fow9RvlCSnzm2','1912541067_Screenshot_20201027-095451_Chrome.jpg',2,'2020-10-27 01:58:27','2020-10-27 07:12:29'),
(197,'2012541032','amanda.prabanari@gmail.com','Amanda Kania Prabanari',4,9,'$2y$10$mDltqqvIyIH8J9i.ZIac4ORrLy4pEJ7bBzpA42Js5tnX5ji8JwbhW','2012541032_2AE14447-9D3B-4275-8AD8-5F0F44B118D6.png',2,'2020-10-27 02:20:12','2020-10-27 07:12:37'),
(198,'2012541001','amysitanggang@gmail.com','Amy Nathalia Rebecca',4,9,'$2y$10$kzuv1ktFhw0J.mZNECY1ueZYVJfgvRWq7kQ4XB48GQe2fvYTtgQSW','2012541001_Screenshot_20201027-102452_Chrome.jpg',2,'2020-10-27 02:26:46','2020-10-27 07:12:45'),
(199,'1912541014','kevinimmanuel@student.unud.ac.id','Glenn Kevin Immanuel Giri',4,8,'$2y$10$Qp/WWePrifMgcZJM.p.Te.mzGuiQjPajZs5tfsoJfoNr..01Fw9p.','1912541014_F200F324-CD5B-43A5-B985-1C8A02C3361A.png',2,'2020-10-27 02:46:56','2020-10-27 07:12:50'),
(200,'1812541035','Chandramanik2000@gmail.com','Chandra Manik',4,7,'$2y$10$N94b6mz1aa9IPqSVBctJbOXcSNeQ5mz3.hHBJV0td5o8Lz2ctfvzq','1812541035_Screenshot_20201027-104632_Samsung Internet.jpg',2,'2020-10-27 02:47:15','2020-10-27 07:12:18'),
(201,'1712541010','tejawijaya29@gmail.com','Teja Wijaya',4,6,'$2y$10$EomMO6lUhhEUyxYbdaBpxeRUeVYIbQspyJNbhamle0Qsiray7N0wK','1712541010_bukti mahasiswa aktif.jpg',2,'2020-10-27 02:57:53','2020-10-27 07:13:32'),
(202,'1812511009','anglirosalia1612@gmail.com','Angli Rosalia Limbong',1,7,'$2y$10$7VRgLEVut8y9hgd.wBJnguwte98jXPKzNof5wZKKgqHQaJajo7YDy','1812511009_IMG_20201027_095915.JPG',2,'2020-10-27 03:03:23','2020-10-30 03:52:23'),
(204,'1812541028','tsepta@yahoo.com','Septa Tri Wulandari',4,7,'$2y$10$SUP2zHgUaRYBBOk7yUnkPuS3N3nvUT3iM/os9CId6PeJwTEaYj1HG','1812541028_Screenshot_20201027-111610_Chrome.jpg',2,'2020-10-27 04:17:23','2020-10-27 07:20:47'),
(205,'1812541047','franshima99@gmail.com','Dhima Franshima',4,7,'$2y$10$TwgFIb9WwXUEedhTf/hGwuUjAOGOmfqA3Q4UuUcjGGD7Jj4FDIAbO','1812541047_6D47E1E8-39D3-41C7-9DA7-713CF8ED9A1A.png',2,'2020-10-27 04:32:42','2020-10-27 07:20:53'),
(206,'2012541062','cintyaputri324@gmail.com','I Gusti Ayu Cintya Putri',4,9,'$2y$10$PfdwMDYI3cREpzhPlwfdpuHTaNXOUQ45Z0KJRJo59j3iQRrSzsCky','2012541062_E0E6153C-7FAC-4D72-BA06-0003C2E882F2.png',2,'2020-10-27 05:26:27','2020-10-27 07:20:59'),
(207,'1912541061','Padangmilano76@gmail.com','Yanuario Milano Padang',4,8,'$2y$10$nItyWifRE4.ERFv384c3DeD0j2BZ8.FKGnSRzmtAxc.mlnpR5V/SS','1912541061_Screenshot_2020-10-27-13-25-16-525_com.android.chrome.jpg',2,'2020-10-27 05:27:06','2020-10-27 07:21:05'),
(208,'2012541072','Mariskaayuutari04@gmail.com','Ni Made Mariska Ayu Utari',4,9,'$2y$10$smj/QWqbNCeCAfa0mpbH4uEPwPsZcPveK1ns77yJThWTC8nibc8dy','2012541072_FF466D02-0BE7-453D-9D1A-7C2D1706E2FC.png',2,'2020-10-27 05:28:58','2020-10-27 07:21:11'),
(209,'2012541042','utamitrisnayanti@gmail.com','Ni Putu Trisnayanti Utami',4,9,'$2y$10$3HXbYhjIYkh4DuZ6vtE2CuyYo7Qif4uYFldWS84DSQmkI/9wuXdT6','2012541042_messageImage_1603776391926.jpg',2,'2020-10-27 05:29:29','2020-10-27 07:21:30'),
(210,'2012541014','nimadeshintyaandriani@gmail.com','Ni Made Shintya Andriani',4,9,'$2y$10$XIFnLNW6KiqirhgCPNrI6OhmTk7d2Kko9ZOmaej1GuvCk/ylPxjN.','2012541014_SS imissu.png',2,'2020-10-27 05:31:08','2020-10-27 07:21:40'),
(211,'2012541035','immanuelpratama71@gmail.com','Immanuel Pratama',4,9,'$2y$10$7JzB/h/n/KG5SHtHRb/d0eymWSypk9F.9LfWwaItGo01yCA9IblyC','2012541035_WhatsApp Image 2020-10-27 at 12.40.16.jpeg',2,'2020-10-27 05:40:47','2020-10-27 07:21:51'),
(212,'1812541027','dayuana2@gmail.com','IDA AYU GEDE UDYANA SARI',4,7,'$2y$10$7H0KRAUrrVGkkZ0qvzg6AOeF6fTV.AipS0AbQfvmShFf7BggUeZka','1812541027_Screenshot_2020-10-27-13-42-17-85.jpg',2,'2020-10-27 05:43:44','2020-10-27 07:22:03'),
(213,'2012541029','trismatrisma20@gmail.com','Trisma Yepa Alianti',4,9,'$2y$10$fTZGem6jdec5HMX4FS0qJOSVv6iVs8csQ6MOC1gS5ktMIqQ7Q5GFG','2012541029_Screenshot_20201027-134502.png',2,'2020-10-27 05:45:27','2020-10-27 07:22:19'),
(214,'1912541046','rickardosudwikatmono@gmail.com','Rickardo Sudwikatmono',4,8,'$2y$10$hD74hB4VQ7oDu3HnJc36x.I3SjupjY6.6lCZFdcV1hGUKiQtzLbXe','1912541046_Screenshot (76).png',2,'2020-10-27 05:45:30','2020-10-27 07:25:27'),
(215,'2012541027','karimamahesa41@gmail.com','karima mahesa suramahardini',4,9,'$2y$10$QUCu548c.L.Di/5TB5M6zeckGJM/6kE/Paq4GB2r203MB0nAjhmv6','2012541027_IMG_2697.PNG',2,'2020-10-27 05:46:29','2020-10-27 07:25:53'),
(216,'2012541061','Pradnyanatude28@gmail.com','I putu gede pradnyana budiyasa',4,9,'$2y$10$THHypE.jWxTIWQlvcOGlQO9LoNM86Ydb3.qMpL0yH2CdqDOx9.jLe','2012541061_2FA04CB7-E92C-4034-87E0-1759E2905ADB.png',2,'2020-10-27 05:46:31','2020-10-27 07:27:43'),
(217,'2012541040','radyawdytr@gmail.com','Dewa Ayu Radya Chintyamanik Widyantari',4,9,'$2y$10$UTP3rUw3APvVw5KT7NGmheVHGDxGdwcN6opVMW4s.P5EDkVj3G/ra','2012541040_087DECE9-83F7-4297-BDE5-8292FC39F1B2.png',2,'2020-10-27 05:52:01','2020-10-27 07:27:52'),
(218,'2012541064','madegianendra2002@gmail.com','gianendra',4,9,'$2y$10$JdKGR24TvpFx25uNVlnS8u3HX7rkKCWXQA8GjzOZ8x41W8JBaFJ/m','2012541064_messageImage_1603778469627.jpg',2,'2020-10-27 06:03:26','2020-10-27 07:27:34'),
(219,'20125410','siahaangeral@gmail.com','Jhon Gerald Frick Alda Siahaan',4,9,'$2y$10$TSico1zIA6d/iWofPcoQlu22gnxm29lsPa6N9oDSuzRbJ4nReDJ82','20125410_bukti.PNG',2,'2020-10-27 06:24:34','2020-10-27 07:32:59'),
(220,'1912541043','renaldo5757@gmail.com','priyanto renaldo',4,8,'$2y$10$kjolv98Z07AGIRrOhsRyvOWW1sMvsKVM7UMJICXlAroA4d2RbevAG','1912541043_Screenshot_2020-10-27-14-38-22-72.jpg',2,'2020-10-27 06:40:14','2020-10-27 07:33:06'),
(221,'1912541036','Tiarachmadia12@gmail.com','Tiara Rachmadia',4,8,'$2y$10$3M7JzlMqG1G75zcF.BWjueL0.nLhu.VzBmyPiN05Cmb1bpdzBEBjS','1912541036_Screen Shot 2020-10-27 at 13.42.19.png',2,'2020-10-27 06:42:59','2020-10-27 07:33:13'),
(222,'2012541034','pasaribuyeni3@gmail.com','Yeni D.e Pasaribu',4,9,'$2y$10$jHQH5u1OOcbuBdsc44oVee/oJGN4TpIazrw7JCA..myZDNT47y3Aq','2012541034_IMG_20201027_144633.JPG',2,'2020-10-27 06:48:01','2020-10-27 07:33:21'),
(223,'1812541033','damunasuga@gmail.com','Damuna Suga Bhawanta',4,7,'$2y$10$Wh8NjZqFGoQZ.EhNiDwFxORJJIclsVDl/jiVpYYuoO0yBJ/8PVe3O','1812541033_F0E063D5-BD54-4133-AF70-5423DBA4CDC0.png',2,'2020-10-27 06:59:24','2020-10-27 07:33:28'),
(224,'1912541034','ishaqmawlana84@gmail.com','Galih Prayoga',4,8,'$2y$10$AfueWHaumxM5ERc.9syhfuqMZB7K5ZRg6KwRwrcnf4OtxC2UCqOPe','1912541034_Screenshot_2020-10-27-15-05-57-26.png',2,'2020-10-27 07:08:58','2020-10-27 07:33:34'),
(225,'2012541052','novasudina@gmail.com','I Made Nova Rusdiana Sudina',4,9,'$2y$10$sszujj1jpvYc4Dp4OIvD7uPrt/EW2/57KQOYggRU7X2c27xfsYxt2','2012541052_22877.jpg',2,'2020-10-27 07:10:48','2020-10-27 07:33:42'),
(226,'1912541057','ritaro.hari@student.unud.ac.id','Ritaro',4,8,'$2y$10$BkkxoVPwwiuxgVoGPVXsieVbmwbP8H2499bmT9KKX8eQTefr.xpNi','1912541057_Screenshot_2020-10-27-15-14-34-51.png',2,'2020-10-27 07:15:15','2020-10-27 07:33:50'),
(227,'2012541055','Ayudevi177@gmail.com','Anak Agung Istri Ari Laksmi',4,9,'$2y$10$lbISgQKfCo.FOMSN.VQAJeMGAdgX68hcjCj/V61mi0/DKYTqNqi0K','2012541055_20C4790F-1443-42D8-A7BE-AFE3C8DDAAA2.png',2,'2020-10-27 07:29:41','2020-10-27 07:34:22'),
(228,'1912531063','titoanandaputra11@gmail.com','tito ananda',3,8,'$2y$10$wnOkyalpPVr0.ezbVfcXy.R7w1c9BV8nWysiOngCuRcovVG66CuWO','1912531063_Screenshot_20201027-153705_Chrome.jpg',2,'2020-10-27 07:38:14','2020-10-28 06:40:34'),
(229,'2012541063','sudaxtangkaskoriagung@gmail.com','I GEDE SUDA ARIMBAWA',4,9,'$2y$10$LTSZHvDytlXkCnmrwuPq0.lK3vYVjrcUMn8jm3yimvWX8iGRTAYuO','2012541063_Screenshot_2020-10-27-15-45-14-271_com.android.chrome.jpg',2,'2020-10-27 07:47:17','2020-10-27 09:20:15'),
(230,'1912541055','willybimantara16@gmail.com','I Made Gede Willy Bimantara',4,8,'$2y$10$7Se9eVmlmwjvmCZ2YgW9QeYda18EnEPKUNhmVwBC2ydrq.4q1I72e','1912541055_BD63B41D-309E-4919-B339-26CE697D5056.jpeg',2,'2020-10-27 07:52:00','2020-10-27 09:20:28'),
(231,'2012541070','putritangkas347@gmail.com','Ni Made Putri Dewi Tangkas',4,9,'$2y$10$cSq1R9fRIg853Z0E.DrwcuhZu2ZHeED69exzhgQkcHh7QhluRMPG.','2012541070_i miss u.jpeg',2,'2020-10-27 07:54:33','2020-10-27 09:20:36'),
(232,'1912541008','tsatsabilaanindiarani@gmail.com','Tsatsabila Anindia Rani',4,8,'$2y$10$WfhomGIBDMq.LJV2mRvBSucUwBNibl3PR7Hdz4fMvB.J6P3XmU2AC','1912541008_59F0CD65-C0DC-4296-9921-211E57ADA404.png',2,'2020-10-27 07:59:56','2020-10-27 09:20:42'),
(233,'1912541002','rizkytaqiya@gmail.com','Rizky Taqiyyah Cintami',4,8,'$2y$10$9.42IE2JhAhYNnvvYZJ2huthQrI7Qf0ONtcsPb5OojCrrss02fSe2','1912541002_E7879D0E-5EFA-4D28-8DE3-959623F2441C.png',2,'2020-10-27 08:13:31','2020-10-27 09:20:49'),
(235,'1912541010','desihutabarat2018@gmail.com','Desimawaty',4,8,'$2y$10$yowHXZr0P01MGh7U0QQBEe6gui4fCORBju55J5rMfPx6YH3VEmCG6','1912541010_Mahasiswa Aktif.jpg',2,'2020-10-27 08:17:58','2020-10-27 09:21:27'),
(236,'1912541005','cahaya.sari@icloud.com','Putu Ima Cahaya Sari Wedanti',4,8,'$2y$10$.VKHZWzI4AJTcIkxbXNJfel7rbSG4nztdRSbyc.t3JVORPLZjDbE2','1912541005_3F21DAF2-8D0D-4EF4-B6FB-DD0CAC47E0D5.png',2,'2020-10-27 08:20:01','2020-10-27 09:21:40'),
(237,'1912541020','Sandrareny15@gmail.com','Ni kadek sandra reny erna wati',4,8,'$2y$10$iYWYNL9GQewIqJS0qVEfau5VJXss7nOXLmRu7h5cz8KsWnuBCMki6','1912541020_34EBB8AB-9887-448F-BA91-50791E990524.png',2,'2020-10-27 08:39:12','2020-10-27 09:21:45'),
(238,'1912541066','sandiyasa350@gmail.com','I Gusti Ngurah Made Sandiyasa',4,8,'$2y$10$XV/joPAQv5o0rZIsVu0/K./vRnD4T0O6T9WUhopPbTKy5BUzNrQbS','1912541066_1603787892066.jpg',2,'2020-10-27 08:39:57','2020-10-27 09:21:51'),
(239,'1912541026','hanitasjn@gmail.com','HANITA AYU ARISANTHI  SUJANA',4,8,'$2y$10$0agvJegWfchzKNqmWo9tTeptyDvwIpzbjabpg6aaY9LmxGKyDo3Hi','1912541026_Screenshot_2020-10-27-16-31-18-37.png',2,'2020-10-27 08:41:08','2020-10-27 09:21:57'),
(240,'1912541049','uculart8@gmail.com','Ananda Kurnia Fitri',4,8,'$2y$10$NxZIoY0Qr1bZDz7wfAwKz.NeVwQlBiZSlAZh06EtQIod2DJ0N9PDG','1912541049_Screenshot_20201027-164640_Chrome.jpg',2,'2020-10-27 08:47:37','2020-10-27 09:22:04'),
(241,'1912541025','kimkrilla7@gmail.com','Kim Tadzkrilla',4,8,'$2y$10$5LdL3J/ZqLEM3FfVLK7xvuWZ..RImQKIGv7CBDisNv1KJMdig0ypu','1912541025_Screenshot_2020-10-27-16-47-01-03.jpg',2,'2020-10-27 08:49:12','2020-10-27 09:29:33'),
(242,'1912541029','laveniacashellaputri@gmail.com','LAVENIA CASHELLA PUTRI',4,8,'$2y$10$WSRdE1lWdQKY99ZVw.HwC.m/sk1dhYYjqH629yAZ/lFClD537JvO2','1912541029_messageImage_1603788675605.jpg',2,'2020-10-27 08:52:30','2020-10-27 09:29:39'),
(243,'2012541013','auliaghassai@gmail.com','Aulia Ghassani Zahra',4,9,'$2y$10$oe0hsGWq5wy5NtA83IlCC.bgCzZkpkSSB.aJV/eTxfhBhiype2nDa','2012541013_79CFB3A3-7722-47C7-B09D-AFFDD40CD48C.jpeg',2,'2020-10-27 09:17:07','2020-10-27 09:29:45'),
(244,'2012541019','sabilariska07@gmail.com','Sabila Riska Jasholiana Putri',4,9,'$2y$10$c8dzdYA/qwhfKLBD20dftu21BSCak26s0pP/XGxgKC60UDiKv5tzu','2012541019_image.jpg',2,'2020-10-27 09:18:36','2020-10-27 09:29:51'),
(245,'2012541044','denicasiahaan@gmail.com','Denica Sharon Siahaan',4,9,'$2y$10$EVfEtkL91l72g03ym.dB1ejRxvjBTvVvGsnLq7/6XupvB9dtmZXgS','2012541044_Screenshot_2020-10-27-16-18-19-87.jpg',2,'2020-10-27 09:21:24','2020-10-27 09:29:57'),
(246,'2012541004','fatkhurrama74@gmail.com','Muhammad fatkhur rama nur arief',4,9,'$2y$10$Wi0R45FhY1iMbVxjd/WgMeVHB3KafaI4d94jCc51X3M7Rtt6aW.AO','2012541004_Screenshot_20201027-162311_Chrome.jpg',2,'2020-10-27 09:23:45','2020-10-27 09:30:06'),
(247,'2012541022','sabrina16adelia@gmail.com','Adelia Sabrina Gunawan',4,9,'$2y$10$T2ZVN4c5ReWme991HDAqiutPBBUEO/bwq5cufp4h5zwkPF4jUMfwa','2012541022_Screenshot_20201027_162811.jpg',2,'2020-10-27 09:28:38','2020-10-27 09:31:09'),
(248,'2012541048','sophiaars07@gmail.com','Sophia Arisa Sebayang',4,9,'$2y$10$zgom5umjqDobgyH5Y7t0Wetlhz/znwn5rwAT9Nim5QwAJ2sQGAptu','2012541048_Screenshot_20201027-162803.jpg',2,'2020-10-27 09:28:43','2020-10-27 09:31:17'),
(249,'2012541054','winpolersianturi30@gmail.com','Win poler sianturi',4,9,'$2y$10$2AcF8tRGnpKXvlWKCfoRF.erl483vQY3ThHTj7PDhl1oE9bCz90yW','2012541054_Screenshot_2020-10-27-16-24-42-037_com.android.chrome.jpg',2,'2020-10-27 09:28:48','2020-10-27 09:32:27'),
(251,'2012541010','dimasindah1006@gmail.com','Dimas Aprianto',4,9,'$2y$10$WoZGGNACL9icNb8jPYlliOjVl0bohCOR8c125OaHD2E0uMwCX7Hoa','2012541010_Screenshot_20201027-173041_Samsung Internet.jpg',2,'2020-10-27 09:30:57','2020-10-27 09:31:54'),
(252,'2012541065','Agungabel200@gmail.com','Anak Agung Abel Abdymahadev',4,9,'$2y$10$bs6j0sOp4e5rON/7PZDzDeOPr7u7d91DY7rb0.qBXO3fJIbuAXH66','2012541065_Screenshot_2020-10-27-17-42-14-83.png',2,'2020-10-27 09:43:15','2020-10-27 09:47:17'),
(253,'2012541009','Vita.yuliawati18@gmail.com','Vita Yuliawati',4,9,'$2y$10$LsR9GlMblbOYOUaZE97G0umUMO/wxgmSmnYDVGb/lCCN0CD8CuqIC','2012541009_Screenshot_2020-10-27_174406.jpg',2,'2020-10-27 09:46:20','2020-10-27 09:47:25'),
(254,'1712541015','arinugraha402@gmail.com','I Putu Ari Nugraha',4,6,'$2y$10$AnOze5owSNe5tnoORcBn1.Llhl.uLQmCqkdwfJsM9xFwECXY3sKdu','1712541015_34BDE269-3D9E-47E6-B898-28AF82E9B2C8.png',2,'2020-10-27 09:50:42','2020-10-27 09:53:42'),
(255,'2012541041','lonikamanda16@gmail.com','Tessalonika Amanda',4,9,'$2y$10$fg6CEHmcEfcFnYDUHUTYiO5nw7.J2zhi7rAdp0T.bZB4nh0.xWT..','2012541041_Screenshot_2020-10-27-16-51-59-42.png',2,'2020-10-27 09:53:57','2020-10-27 10:01:56'),
(256,'2012541008','zikriazzam1@gmail.com','Zikri Ahmad Azzam',4,9,'$2y$10$X2/7LMmgssrspUF1MaakvediOyJNXD9ZqZU/Iq8KxHmNo5A.mBovy','2012541008_F819ACDE-7744-4B35-BF78-B376E4F7BFEC.png',2,'2020-10-27 09:58:44','2020-10-27 10:02:42'),
(257,'2012541051','natashacesiliya@gmail.com','Cesiliya Natasha',4,9,'$2y$10$zzoDg3JMCaL.31MxqP4YgOKt17OxwbOtcYKHjMBXr2LVTI/RK.Hdy','2012541051_Screenshot_2020-10-27-17-17-05-346_com.android.chrome.jpg',2,'2020-10-27 10:18:27','2020-10-29 02:01:02'),
(258,'2012541047','kerino48@gmail.com','Keryno Tidar',4,9,'$2y$10$xFJkRoNxuKhTvptVGeAF.uLP70KcbudMGxmgUATACOR3ajAqeUUqK','2012541047_1F089B46-D4CC-4005-871D-FA06BD5F5116.png',2,'2020-10-27 10:30:08','2020-10-30 02:46:29'),
(260,'1712541025','Idabagusputumahendra@gmail.com','Ida Bagus Putu Mahendra',4,6,'$2y$10$gOr1dTzRbih0KJddi895.eoxMVtxq/ctHPRAyr1fmMam6vjqx9eOm','1712541025_9DEEC45C-7017-4890-86FE-FF727D94F427.png',2,'2020-10-27 10:50:45','2020-10-30 02:47:07'),
(261,'1912541064','hbrnbh@gmail.com','Hebron Naibaho',4,8,'$2y$10$TZ6jYt0naOeQTpdPLaEjD.rwk/W7QdwNy0d1lOXeqZQf/16sRVSa6','1912541064_421D757B-078B-4A34-98CC-7DDE83D13CAE.png',2,'2020-10-27 10:51:22','2020-10-30 02:47:47'),
(262,'2012541030','seciliaangelica27@gmail.com','Secelia A.P.Simanjuntak',4,9,'$2y$10$zzMKTkiXEnmz.t18G/1Sy.hweK/zUaZUjbnLPjIrexz0ji0.J2EpG','2012541030_Screenshot_20201027-185132.png',2,'2020-10-27 10:52:16','2020-10-30 02:52:54'),
(263,'1712541042','natashaalifiandra@gmail.com','Natasha Fiandra',4,6,'$2y$10$jAgL9kXxdXun.sqYUh7ut.fvNaQRHl4vER0lpHDnkByf7IIaswdF.','1712541042_2DED62DB-ADE8-4056-B973-E54B893C8562.png',2,'2020-10-27 10:53:37','2020-10-30 02:53:37'),
(264,'1712541003','Putrimuliantari1@gmail.com','Ni putu putri muliantari',4,6,'$2y$10$0TsTDhgBeWFF0CdWHICMQeRVnQtOU3/PfJ6XG8WCUubJvDN0ZWwdC','1712541003_Screenshot_2020-10-27-18-53-39-20.jpg',2,'2020-10-27 10:53:57','2020-10-30 02:53:54'),
(265,'2012541037','akunlali808@gmail.com','M REZA KHAMIM RUSYIDIN',4,9,'$2y$10$vLbQMCa9wObaFWQhqD59gO0ItkMX3WEmNswkor13/M2NuN1d8F2s6','2012541037_Screenshot_2020-10-27-17-52-50-17.jpg',2,'2020-10-27 10:54:36','2020-10-30 02:54:15'),
(266,'2012541053','tegarbima101@gmail.com','TEGAR BHIMA PUTRA',4,9,'$2y$10$ua4pxbU3sRIJsGWGsV5lYe..90rfSkav2IcoRxJtUYlczoW7a8XYO','2012541053_Screenshot_20201027-185434_UC Mini.jpg',2,'2020-10-27 10:54:52','2020-10-30 02:54:32'),
(267,'2012541057','irawanlex7@gmail.com','BUDI IRAWAN',4,9,'$2y$10$ubcWHdGlUEgvVUkf/XJmmOLsW42IIpsJ/ZDemreG9jOAWqEe9FROK','2012541057_Screenshot_2020-10-27-18-54-50-938_com.android.chrome.jpg',2,'2020-10-27 10:55:36','2020-10-30 02:57:06'),
(268,'2012541016','tiarapakpahan12@gmail.com','Tiara Pakpahan',4,9,'$2y$10$SySK77pV4idVQtXk7I/eLu36R0KxmunNArVMiDn7naUoEE6ulsAmW','2012541016_Screenshot_2020-10-27-17-55-53_com.android.chrome.png',2,'2020-10-27 10:56:39','2020-10-30 02:57:08'),
(269,'2012541045','krishnadiv24@gmail.com','Krishna Divya Sarasvati',4,9,'$2y$10$JbGRaAvlrN/6cF0mUehiZeF2S4j9fKy.ytBqcB8NCYVZjjYQUaJtq','2012541045_Screenshot_20201027-185308.jpg',2,'2020-10-27 10:58:13','2020-10-30 02:57:11'),
(270,'1712541033','pinkyeayyy@gmail.com','adiva mirelda',4,6,'$2y$10$KJVRcWTuiUXqUsBaEvpp2OWYX8sninbwwociN1Yv/6ZwP6tXD9qJO','1712541033_1603796399703.jpg',2,'2020-10-27 11:02:08','2020-10-30 02:57:54'),
(271,'1712541061','Rikawda@gmail.com','Rika Widiastuti',4,6,'$2y$10$gcnURhAyeVDj/2s6TSh9beaiZbKiWOD0uCyaO37.lfmuvAM3HLMAy','1712541061_Screenshot_20201027_190208.jpg',2,'2020-10-27 11:03:00','2020-10-30 02:58:37'),
(272,'2012541036','shelbykatliaz@gmail.com','shelby katlia',4,9,'$2y$10$IoLoDkLkNxe15DAOhN.z5.w1BJ43VSVCk3.WwE4IPGBu/9xYSx7/.','2012541036_WhatsApp Image 2020-09-29 at 19.52.42.jpeg',2,'2020-10-27 11:03:31','2020-10-30 03:01:40'),
(273,'2012541025','nidyakameswari@gmail.com','Nidya Kameswari',4,9,'$2y$10$rafT3BqEKC1h21d2S3oyHu1WCRtOBMRijIPnP9oPzS2reNnn.Kl2u','2012541025_EB70758D-9B0F-492A-887D-22CD7FEF656E.png',2,'2020-10-27 11:06:58','2020-10-30 03:01:44'),
(274,'1712541007','fitrinurhidayatululla22@gmail.com','Fitri Nurhidayatul Ulla',4,6,'$2y$10$ASQmJpB4jYQrEqAo7TEtJOpqZqZ2OngLD1mu8lRVhxXYQAfXPVrMe','1712541007_Screenshot_2020-10-27-19-06-51-644_com.android.chrome.jpg',2,'2020-10-27 11:09:38','2020-10-30 03:03:38'),
(275,'1812541001','Gelenstalin3@gmail.com','Komang gelen stalin',4,7,'$2y$10$YGCycrupTqZejoOQxECktuC63bdHsLKdHpHSh9rI2EHlfmy6NoJim','1812541001_D5B72BCE-5503-4C94-B632-8E52FE77E414.png',2,'2020-10-27 11:10:22','2020-10-30 03:03:46'),
(276,'1712541029','ignakrisna@gmail.com','Krisna',4,6,'$2y$10$GPE/7FE5nvX7eEoP09XEje1V9y8RHYCO7cNoJ/yKy36KDf3bON1bm','1712541029_Screenshot_20201027-191109_Chrome.jpg',2,'2020-10-27 11:13:51','2020-10-30 03:04:51'),
(277,'1712541053','kokoria91@yahoo.co.id','Kokoria Br Tumorang',4,6,'$2y$10$dU95Sn3pHjtj8HAY5yBfMePtAQ6MIwFLvcBaZww7rptwEb9OeTtYi','1712541053_F074CBB8-4CE7-4D7C-A004-C025592812B8.jpeg',2,'2020-10-27 11:14:45','2020-10-30 03:04:58'),
(278,'2012541049','michaelgabriel0409@gmail.com','Michael Gabriel',4,9,'$2y$10$pNQ7KqATR7.Q1W2VLmR7JeBnjhJLvfXlUfzeMDRDnWoTEC/78VuFa','2012541049_2020-10-27 (2).png',2,'2020-10-27 11:15:57','2020-10-30 03:06:32'),
(279,'1712541064','wulanagnesia@student.unud.ac.id','Wulan Agnesia Sipahutar',4,6,'$2y$10$7th.s0dEslfcqIrbe.TUjuVZb6BHSMEDb/XeLqlcCcyTU/nW8z/8.','1712541064_Screenshot_20201027-191504_Chrome.jpg',2,'2020-10-27 11:16:40','2020-10-30 03:06:36'),
(280,'1812511022','cindimbere@gmail.com','THERESIA SINDIANTI MBERE',1,7,'$2y$10$saqehjMqLqVHFOOoBCxK2eaI3xg5lbyf2BLFto9vfz7l1U6cKuL86','1812511022_Screenshot_2020-10-27-19-20-43-25.png',2,'2020-10-27 11:22:54','2020-10-30 03:34:56'),
(281,'1712541027','Prastabisana18@gmail.com','Gusti Agung Prasta Bisana',4,6,'$2y$10$ipzIMhXme1vhLAv8Xm7tw.nswgcC0vV4Cp2/6QImpA6qRQn/ckxYy','1712541027_Screenshot_2020-10-27-19-23-58-709_com.android.chrome.jpg',2,'2020-10-27 11:25:40','2020-10-30 03:07:29'),
(282,'1712541057','Dianalistiapratama@gmail.com','Dian Listiawati',4,6,'$2y$10$2eWYDOpK5d/KNvU/Oct0TuC.faYxbWIyiFnS2a2DXLossNjregyjG','1712541057_IMG_4999.PNG',2,'2020-10-27 11:27:36','2020-10-30 03:08:46'),
(283,'1712541052','paramithadana14@gmail.com','dana paramitha',4,6,'$2y$10$b6O7j4Bdj.MobfouUu9eb.F5HbjB6z2KXlNTUSBJRj57WlEbh7Eli','1712541052_4DEF0B9E-B2AC-4202-9486-D71150D38593.png',2,'2020-10-27 11:30:29','2020-10-30 03:09:13'),
(284,'2012541058','abizardtos12@gmail.com','MUHAMMAD ABIZARD',4,9,'$2y$10$tNDLfVpLNhui/8f52UvSX.mFjBc.anRnlVXNdaN1LCPp/HcvsZVvi','2012541058_Screenshot_2020-10-27-18-28-58.png',2,'2020-10-27 11:30:34','2020-10-30 03:09:36'),
(285,'2012541026','reginamaharanimaharani5@gmail.com','regina maharani',4,9,'$2y$10$gfx0aBNWLIlKCjsWoOte..g5nKuOfgHR3nSeSx9Wk/8HktgHTLm22','2012541026_DA403B7C-A797-49BB-ADEC-2D57DE6BC49E.png',2,'2020-10-27 11:31:00','2020-10-30 03:11:10'),
(286,'2012541068','renandapradana4@gmail.com','Renanda putra pradana',4,9,'$2y$10$A9h891HEBdmqABzQ.0MhZe5tauQfWS76Ix/.7z9avl4aRrkpQ.Wu6','2012541068_E2676440-3F4E-4CAA-AAD0-130C6BC10BDE.png',2,'2020-10-27 11:36:29','2020-10-30 03:11:16'),
(287,'2012541038','putribalqislessy@gmail.com','Putri Balqis Lessy',4,9,'$2y$10$.gtJ33AlzY1Klb0ApixIcuTGTsSSYjrx3tXz1RQhIsXSNqqPch5em','2012541038_BAEE41D4-38BB-48E4-A5C1-B141AD6417D6.png',2,'2020-10-27 11:39:55','2020-10-30 03:12:04'),
(288,'1712541017','Theresiawinda1@gmail.com','Winda theresia',4,6,'$2y$10$W4wpETFJbNg..uyKR6UHbeR6nfsLqlbhjr.hyAM0nmbVDJyCuss8m','1712541017_Screenshot_20201027-194012_Chrome.jpg',2,'2020-10-27 11:42:08','2020-10-30 03:12:08'),
(289,'1712541039','dwinovitayanti15@gmail.com','Anak Agung Dwi Novitayanti',4,6,'$2y$10$E7E7pN//pAKIfdc3TOmHo.h6zn8OtuTl8O55KH5AqKJFo51ZMFfm6','1712541039_7CBB4DB8-D12C-4071-8B52-E161CE8599E7.png',2,'2020-10-27 11:43:32','2020-10-30 03:12:42'),
(290,'1712541056','novitaantari14@gmail.com','Ni Kadek Novita Antari',4,6,'$2y$10$FqOA88vtyPxCXnTv.dNw9Oo.SEHYQJNE9lanGUXFuEH0EIqxu/KPS','1712541056_Screenshot_2020-10-27-19-42-51-29.png',2,'2020-10-27 11:43:47','2020-10-30 03:12:46'),
(291,'1712541055','ppuspa93@gmail.com','Ni Luh Putu Puspasari',4,6,'$2y$10$m9UgDQ6L.SuIKjA2BqFszu.U9uWBk6D3YOsnDbRxVVFJDmSloznpi','1712541055_369FDCA6-CC1A-4CAB-82B4-04B3F9615B5D.png',2,'2020-10-27 11:50:44','2020-10-30 03:13:23'),
(292,'1712541018','Natasyaartharisma27@gmail.com','Putu Natasya Artha Risma',4,6,'$2y$10$adWoNa9iP.KrPIGyvmGZO.g53tkQXwATTrjIkuxA0FgxCPkMjuCtm','1712541018_C9E53150-B09F-4B21-BB7E-A78DDC69CF61.png',2,'2020-10-27 11:56:19','2020-10-30 03:13:26'),
(293,'1712541011','Khoirul11309@gmail.com','Muhammad Khoirul Rizal',4,6,'$2y$10$WmAdcz4iDiL69utk1VdHM.Njy..Z83AIBl9kULQvkzNPM9bvZ0mNu','1712541011_Screenshot_2020-10-27-19-55-43.png',2,'2020-10-27 11:57:39','2020-10-30 03:15:04'),
(294,'2012541028','iskus2822@gmail.com','Istiqomah Kusuma Dewi',4,9,'$2y$10$aAQF4xpgLoonAFbKztxBHeacTmK4WXw/bwI1IfOidRz6gC.krwER2','2012541028_80DB8B5C-D5D4-4ADE-B597-303A0A604532.png',2,'2020-10-27 12:12:38','2020-10-30 03:16:01'),
(295,'1712541026','Sagitakintani2014@gmail.com','Sagita Kintani Lutjika',4,6,'$2y$10$7wgTnL1DxbFWcTA3raic.ubz0IGuCSLkS1i6OsuPdGMegEzEbvkjC','1712541026_602B89BD-2138-4640-86F0-EF4892FAFABA.png',2,'2020-10-27 12:15:23','2020-10-30 03:16:23'),
(296,'1712541045','Jasiscaangelya@gmail.com','Putu Jasisca Angelya',4,6,'$2y$10$a9pGNXaqdgph1fHsm0YfAuRkfbrwah.fC.RaXkt0OJseMmlxojNn.','1712541045_41E86B2E-4289-4C68-9DF7-9188F52F281D.png',2,'2020-10-27 12:16:09','2020-10-30 03:17:40'),
(297,'1712521049','Ngr.bagus86@gmail.com','Ngurah Muryantika',2,6,'$2y$10$ZuceVGwd5AQDAiJ0Yq3j0OBExaAKuPLqidpg0hFJwLyqLm/fZOuv2','1712521049_0CA5FE6B-E68A-45A3-A36B-FB7BC930E0A5.png',2,'2020-10-27 12:18:19','2020-10-30 03:20:52'),
(298,'2012541066','fathursyahri.37@gmail.com','Fathur syahri ramadhan',4,9,'$2y$10$N/ccOzYWiJKLQoypTjBqoef8ad3l6SSzZHb.AgzJWTkBVoJId/DQG','2012541066_3CB46A6D-D6A0-43E3-BB73-9BA426AEFD3A.png',2,'2020-10-27 12:20:32','2020-10-30 03:19:20'),
(299,'1712541001','desisiagian2017@gmail.com','Desi Ratna Sari Siagian',4,6,'$2y$10$3.Sb6wIrPUv/pJ1bUCw4ne/ybIk3iMmpmuTmxiJB2PfCCzemrnZsm','1712541001_20EE72C1-2A7D-4150-A93B-DBCFC0A55466.png',2,'2020-10-27 12:39:49','2020-10-30 03:19:42'),
(300,'1712541043','ikasurya333@gmail.com','ika surya',4,6,'$2y$10$Zl/liDCi2EKFinGiulZlfOvdDOV4aF/6HucP5HGzfVlWMVIL8WSMC','1712541043_Screenshot_2020-10-27-20-43-24-55.jpg',2,'2020-10-27 12:46:03','2020-10-30 03:20:42'),
(301,'1912511059','kadektrisnadewi02@gmail.com','Ni Kadek Trisna Dewi',1,8,'$2y$10$Vms535P9yLfZ6IB99eO2Kumi4tGqTMhTrcXZ9TD8bCaW1vVEPOhc.','1912511059_Screenshot_2020-10-27-20-52-21-14.png',2,'2020-10-27 12:54:16','2020-10-30 03:29:43'),
(302,'1712541059','intarimelya@gmail.com','Putu Melya Intari',4,6,'$2y$10$sfafOzCv7oE//bn9UTyfo.C69orkbfVKiVud.uBtC4sy/uDT.VBbe','1712541059_B5CA61A3-68D9-413B-ABE3-5A1EA0BBCDE7.png',2,'2020-10-27 14:04:18','2020-10-30 03:20:57'),
(303,'1712541065','eko.crozzer@gmail.com','EKO WICAKSONO NUGROHO NDRURU',4,6,'$2y$10$k2YSq4L2ckSgGZpK7HoTie47VXrIrBqhmv0nI6sqBcIyrdBvvouMC','1712541065_ekomissu.jpg',2,'2020-10-27 15:07:03','2020-10-30 03:26:40'),
(304,'1912541062','Nicoandreas@student.unud.ac.id','Nico Andreas Justine',4,8,'$2y$10$nnk/TJfZq5wk0dGd4HZNreqkyTH4rKkAgU49usHx10VzTTscQerl2','1912541062_Screenshot_20201028-002807.png',2,'2020-10-27 16:29:05','2020-10-30 03:26:10'),
(305,'1712511055','sultankuddah11@gmail.com','Sultan Saefulloh',1,6,'$2y$10$k81FgpkJZBmLnI.J.lY6ZeHv3pby56y7.3HnGFGFeOleARC203HIq','1712511055_Screenshot_2020-10-28-03-56-23-996_com.android.chrome.png',2,'2020-10-27 21:07:38','2020-10-30 03:29:47'),
(306,'2012531019','yunifasari58@gmail.com','Yunifa Sari',3,9,'$2b$10$9os5x04I0VRhC3tIhvhcsOv7Kvh5UWuSofOFlgkDZa9fWQbpAqKre','2012531019_Screenshot_2020-10-28-06-18-54-89.png',2,'2020-10-27 23:20:16','2020-10-28 03:55:15'),
(307,'2012531066','indirapashakumaradewi@gmail.com','Indira Pasha Kumara Dewi',3,9,'$2y$10$rxKvaQmHv9YqFks4SDrtheK0WezSFd/.U13g.S2pa2V8/759iw5J.','2012531066_3807D62E-89A4-44F7-BB1C-F78B53FEF2DE.png',2,'2020-10-27 23:24:12','2020-10-28 03:55:58'),
(308,'2012531070','pandedewi14@gmail.com','Pande Kadek Kusumadewi',3,9,'$2y$10$vxDtO.J02nppt2nLgSyLb.PqZSA7FfAZ6khGuUcKeook7ouFwSAKK','2012531070_4AF3E951-367F-447D-954C-FCB5EC49F4F9.png',2,'2020-10-27 23:35:34','2020-10-28 04:08:55'),
(309,'2012531031','rindycsr@gmail.com','Putu Rindy Cipta Sari',3,9,'$2y$10$RxT40bo6W7ij2O7/W7UyVeCrLQaZ2V8.cs4sH96.i6PRc5EFbZqSG','2012531031_Screenshot_20201028-082449.png',2,'2020-10-28 00:26:33','2020-10-28 04:09:24'),
(310,'1912531049','raiamertha2001@gmail.com','Gede Rai Amertha Nara Utama',3,8,'$2y$10$LxY6tCXK3jwlAgADI15o0eaRNgBMX.PZl5Kdj2v/rm6QM4v6f2q3a','1912531049_Screenshot_2020-10-28-08-46-53-99.jpg',2,'2020-10-28 00:48:04','2020-10-28 04:10:17'),
(311,'2012531063','gitawahini@gmail.com','Ni Putu Gita Wahini',3,9,'$2y$10$cRQwkMU6ShpSCL8Kfpta4eszqBM6fQrjKpDngSKVmo0.Qte3NE21u','2012531063_Screenshot_2020-10-28-10-02-22.png',2,'2020-10-28 01:07:12','2020-10-28 04:10:42'),
(312,'2012531002','dennymahendra946@gmail.com','Putu Denny Artina Mahendra',3,9,'$2y$10$3rnNwkLXNwyXLTW0gDBWl.azoJdvPCTRIybdV4rMAen4E8n7NDM32','2012531002_Screenshot_2020-10-28-08-34-54-707_com.android.chrome.jpg',2,'2020-10-28 01:10:07','2020-10-28 04:11:09'),
(313,'2012531067','pramaregina@gmail.com','Regina Prama Putri',3,9,'$2y$10$JKDb4qgXT.oza9LGiWTKrO6FHkwcwtTT1/ZQjR8hMZ/xJGQlKL4EC','2012531067_Screenshot_2020-10-28-09-08-27-79.jpg',2,'2020-10-28 01:10:40','2020-10-28 04:12:32'),
(314,'2012531068','niapradnyaparamita@gmail.com','Putu Mas Anandania Pradnya Paramita',3,9,'$2y$10$uTaSmqYv6T1fD36Gd//cbOADYfD8LcVkFYB863EMgwCBtl9H2Uqde','2012531068_472B32EE-8E18-4EAC-854F-5DEE1206C07B.png',2,'2020-10-28 01:11:14','2020-10-28 04:22:17'),
(315,'2012531013','noviartini617@gmail.com','Ni Luh Putu Noviartini',3,9,'$2y$10$BHJ1Z6XsGDrvFO2imdD7EO7xK82EPjXW4nvcanlwmIN6pmLvybLv.','2012531013_Screenshot (3).png',2,'2020-10-28 01:18:29','2020-10-28 04:23:41'),
(316,'1712531017','dinaaryani746@gmail.com','Gusti Ayu Putu Dina Aryani',3,6,'$2y$10$LPdjckWPtqxckexqGd7rNuur3g3yFW6eMu/yQG7t2qj0izEevrWH6','1712531017_A8EE78B2-44C9-4F62-93C4-E98EE0E7DB19.png',2,'2020-10-28 01:21:12','2020-10-28 04:24:18'),
(317,'1912531030','kaylananuru@gmail.com','Kayla Geona Nanuru',3,8,'$2y$10$2weGUJ92WuGBKQYTLg7NSOZlV4oNcdkUjtKx2u2XF3Hdz/4u7yTSm','1912531030_Screenshot_20201028-091808_Chrome.jpg',2,'2020-10-28 01:21:31','2020-10-28 04:31:01'),
(318,'1912531036','pupuhaksa@gmail.com','Ni Made Pupuh Akasa Sari',3,8,'$2y$10$90/dq/tEiXgIxtkNeQZDrejtPdMIKpz1prQxmsQDkwN7KiiJbrevO','1912531036_Screenshot_2020-10-28-09-12-53-93.png',2,'2020-10-28 01:24:07','2020-10-28 04:31:21'),
(319,'1912531033','putrigayatri0@gmail.com','Kadek Putri Gayatri',3,8,'$2y$10$OLUPQXyy..NaFtYGyZX38uM67W8/ZznDtqDrIy9R3Jfx5WxsjY90y','1912531033_Screenshot_20201028-091848_Chrome.jpg',2,'2020-10-28 01:24:45','2020-10-28 04:31:45'),
(320,'1912531064','indaharnetaputri@gmail.com','Ni Luh Indah Arneta Putri',3,8,'$2y$10$uaDnNCwGoAy2ugvPwmpL6OG8ZT08G4TLyCQofPkoyHxqQHr0orOqG','1912531064_B3C568D5-6EE6-4963-9C06-173B23B877C3.png',2,'2020-10-28 01:27:22','2020-10-28 04:32:41'),
(321,'2012531047','kamilaputri0009@gmail.com','Kamila Mustika',3,9,'$2y$10$.M21rbo/73zfcbjVRXhWEuVODhUvjKKHNBJ9SklSO.SQI86iVhhjG','2012531047_18333BA2-0748-46E8-87FA-C4B33BF74BCC.png',2,'2020-10-28 01:28:21','2020-10-28 04:33:06'),
(322,'2012531032','andredwika10@gmail.com','I Kadek Andre Dwika Permana Putra',3,9,'$2y$10$PKLO1SJhYL.kKkwgECHFbuu94nBnLUUZ3tz4tw8lLaUXs6bnfFclC','2012531032_Screenshot_20201028-093713_Chrome.jpg',2,'2020-10-28 01:39:32','2020-10-28 04:33:46'),
(323,'2012531073','utamiputriwidia@gmail.com','Luh Putu Widia Utami Putri',3,9,'$2y$10$kseTL0jZwErwYSWddClBkubsSCLsILTS3z35UOlZFreZv1Pre7WDW','2012531073_72E80E77-3A2D-4B5A-8530-8729FB4B4BB7.jpeg',2,'2020-10-28 01:40:51','2020-10-28 04:34:44'),
(324,'2012531043','nitawahyuni72@gmail.com','Ni Luh Putu Nita Wahyuni',3,9,'$2y$10$Y7etwHKlsqg.twjOulF4eOw1z4Dk5cIlPsS2QzE4cot38qZAreEG2','2012531043_Screenshot_2020-10-28-10-01-25.png',2,'2020-10-28 02:02:20','2020-10-28 04:12:53'),
(325,'2012531042','kaniaayu746@gmail.com','Ni Putu Ayu Kania Dewi',3,9,'$2y$10$YEmVSjoF9ySJ4ReMV3AIsOyh/zVOhBwPTg6aBUCueb0Q1r1Y.sAJu','2012531042_A0F289F3-0886-4CD8-B12B-E0177B6175CB.png',2,'2020-10-28 02:28:58','2020-10-28 04:35:12'),
(326,'1812531003','devidama28@gmail.com','Ni Luh Devi Damayanti',3,7,'$2y$10$4CdmNS2mJLD98A4syshGOOfi1HYpdKzZKKdlOcJROnXcOqCFXi7LW','1812531003_Screenshot_20201028-105321_Chrome.jpg',2,'2020-10-28 02:54:00','2020-10-28 04:49:49'),
(327,'1712531032','Widiantari0912@gmail.com','Ni Ketut Widiantari',3,6,'$2y$10$HW7oE/2omF8SQ0nBEjDZVOvRobfA98qnhCDgdSZ9q96EFRNx.dN6a','1712531032_Screenshot_2020-10-28-10-58-51-02.png',2,'2020-10-28 03:01:14','2020-10-28 04:50:12'),
(328,'1912531002','wikaputri25@gmail.com','NI MADE WIKA PUTRI RAHAYU',3,8,'$2y$10$EDZg1v/I5iPXRI08z.qryeqcJM7zRnx9QcssW6PN6aHHP4JoRoY0.','1912531002_Screenshot_20201028_110223.jpg',2,'2020-10-28 03:02:57','2020-10-28 04:50:37'),
(329,'1812531002','yuliyuniarii16@gmail.com','Ni Komang Yuli Yuniari',3,7,'$2y$10$LZmfLpPGilY5B03Pkez0wOYQS8r/3AjV1iDXUwOTefC6bDYh0HOmG','1812531002_6B789EBB-E583-400C-8A2C-1CA5CCA60216.png',2,'2020-10-28 03:11:23','2020-10-28 04:51:03'),
(330,'1812531036','ayuushintia25@gmail.com','I Gusti Agung Ayu Shintia Devi',3,7,'$2y$10$PaL4QOfVR1lfznJ31XbjRO1a7Kq1L.LAwUzWWfQt.6L37NTEFcoiu','1812531036_A001CA56-6909-4152-BB61-D579088FC369.png',2,'2020-10-28 03:13:22','2020-10-28 04:51:38'),
(331,'1812531023','canandapudja@gmail.com','Chrisyerio',3,7,'$2y$10$EvCsw4YT.B93R4B2oA7CLekbT7uAWrwaGgAog14jAw1iuuUeSUy2.','1812531023_Screenshot_2020-10-28-11-15-01-594_com.android.chrome.jpg',2,'2020-10-28 03:15:51','2020-10-28 04:52:34'),
(332,'2012531065','sriayujuniari1234@gmail.com','Ni Kadek Sri Ayu Juniari',3,9,'$2y$10$5ejyTL0Lzzho8mh0.e2EUe83MSWNRAYgKk6UCiU6AxE4wSUujpeTq','2012531065_Untitled11.jpg',2,'2020-10-28 03:18:14','2020-10-28 04:52:59'),
(333,'1912531032','dheaparamita93@gmail.com','Putu Dhea Paramitha',3,8,'$2y$10$pefcpA0863mtdlYPQXpuE.pI051i8V9dPlcAa5MHA0JGEsHj3SvEG','1912531032_Screenshot_20201028-111911_Chrome.jpg',2,'2020-10-28 03:20:56','2020-10-28 04:53:23'),
(334,'2012531029','fadhilalifalkhadafi@gmail.com','M. Fadhil Alif Al Khadafi',3,9,'$2y$10$M/4nEtA35sjwagF5.ARUx.Psk3qMkca8aBIoTKs2etNDphKzhuQLS','2012531029_Screenshot_20201028-112939_Chrome.jpg',2,'2020-10-28 03:30:14','2020-10-28 04:53:57'),
(335,'2012531025','Prasintyad@gmail.com','Ni Kadek Prasintya Dwi Yanti',3,9,'$2y$10$Z3o.QRoeo/GCEea.0p3XFe7czHpm.0Qt.Elacl3sx1wjpZTKPM37G','2012531025_Screenshot_2020-10-28-11-30-56-82.png',2,'2020-10-28 03:32:28','2020-10-28 04:49:17'),
(336,'2012531007','b.nukedevine@gmail.com','Beta Nuke Devine',3,9,'$2y$10$ntKebbHu0C3PgonwB73koOSXupQ080cFuesh7kwwMZnxKqtIrD3/i','2012531007_IMISSU.jpeg',2,'2020-10-28 03:41:49','2020-10-28 04:54:35'),
(337,'2012531054','Orinsitamaharani23@gmail.com','Kadek Orin Sita Maharani Wiardika',3,9,'$2b$10$0qzRKi0ixbKyjnDcu05exu4GG85uFlqlRJC5Psrk12yHOR0umUNzq','2012531054_4BBCDA85-F8FC-45DE-BBAD-7DBE51490717.png',2,'2020-10-28 03:46:09','2020-10-28 05:18:31'),
(338,'2012531005','pramestidewi452@gmail.com','Ni Nyoman Pramesti Dewi',3,9,'$2y$10$eMY6D/RGjrxu4kuzMe8dnOW9uO4V58Nxo1uYY8.cFoYsfyCa.Pr1m','2012531005_Screenshot_2020-10-28-11-48-36-35.png',2,'2020-10-28 03:49:25','2020-10-28 05:18:57'),
(339,'2012531039','kadekchandracahyani@gmail.com','Kadek Chandra Cahyani',3,9,'$2y$10$/.896WbGKW/4Mk5TqwV6au4yIDI/z28wYDL6VAfQahqghmviZ6Ruy','2012531039_Screenshot_2020-10-28-11-53-53-92.png',2,'2020-10-28 03:54:55','2020-10-28 05:20:02'),
(340,'2012531058','Tahtacahyani2014@gmail.com','Ni Putu Tahta Cahyani',3,9,'$2y$10$8MxiCr0HPtHZ8N3ms9bCruNSq5bDs8X00siIWy6w9GB1.YYuQStJ.','2012531058_Screenshot_20201028_115103.jpg',2,'2020-10-28 03:58:34','2020-10-28 05:20:38'),
(341,'1712531036','christaniandatangara15@gmail.com','Christania Rambu Angelina Ndatangara',3,6,'$2y$10$BKVddRPG8GCEQWhGRwGU2udH7Ln9hUWLmzG7zHpIw74vPNWZ0hDw2','1712531036_Screenshot_2020-10-28-12-02-47.png',2,'2020-10-28 04:04:18','2020-10-28 05:21:09'),
(342,'1912531034','ayunymkusuma@gmail.com','I Gst Ayu Nyoman Kusumasanti',3,8,'$2y$10$I/V.DnGIs3kU6QP45pNsyOLvF9mrA248w6vfLA3L9S2ZFpH8K2atG','1912531034_2020-10-19-12-09-04.png',2,'2020-10-28 04:14:11','2020-10-28 05:21:51'),
(343,'1812531011','adelyani2103@gmail.com','Ade Lyani',3,7,'$2y$10$FwysxBis/Zlfx4smLMaqhuyLHb.frXOW85ko9vki87NbhRpZd4z9y','1812531011_13BBD683-2A08-4308-A4D1-66346C6EA644.png',2,'2020-10-28 04:14:13','2020-10-28 05:23:40'),
(344,'1912531011','Wdari7535@gmail.com','Ni Luh Nyoman Sri Wulandari',3,8,'$2y$10$F/X/iXyM6GtvV2ez7URDuOrOQhBHfTWdhvC3CrfUbyzNAowijwSLG','1912531011_Screenshot_20201028-121345_Chrome.jpg',2,'2020-10-28 04:15:42','2020-10-28 05:23:04'),
(345,'1912531020','Debbymargareth2000@gmail.com','Debby Margareth Hutasoit',3,8,'$2y$10$buPypdHNIZJ.RtvNder19.AFFr8AV0Ca71RGwj1cX3dXO/ljxuvnC','1912531020_Screenshot_20201028-121517_Chrome.jpg',2,'2020-10-28 04:16:04','2020-10-28 05:24:14'),
(346,'1912531031','shintakurniad666@gmail.com','Putu Shinta Kurnia Dewi',3,8,'$2y$10$5eNQANyQrb5bztgJXM73GeFdAbKutT4UUOkzIzWOejci/M0tzUPwG','1912531031_SS.JPG',2,'2020-10-28 04:18:07','2020-10-28 05:24:42'),
(347,'1912531059','pingkyananda0204@gmail.com','Putu Pingky Ananda Putri',3,8,'$2y$10$NsDG0YyU1qsxYPn/5Nql2uSG7pGgTHVjyBTyTgbM3.rKEoUnIcjYy','1912531059_Screenshot_20201028-121633.jpg',2,'2020-10-28 04:18:36','2020-10-28 05:17:40'),
(348,'1712531027','wiwindanes@gmail.con','Ni Putu Wiwin Agustina Daneswari',3,6,'$2y$10$rx7KIQWs900oFKkWHjRrJOwpLkAwgS6pAiPxyPVJDyeABnMkOOA7O','1712531027_tmp-cam-7046121724127733133.jpg',2,'2020-10-28 04:19:12','2020-10-28 05:25:39'),
(349,'1712541004','themr959@gmail.com','dewa gede yudiarsana',4,6,'$2y$10$E8dr/zbwWkZK9yR9/3Vp8OXgNF6Cm84oRPJEpyhoEgp4BX3Yg2UGK','1712541004_Screenshot_2020-10-28-12-17-47-97.png',2,'2020-10-28 04:19:32','2020-10-30 03:30:46'),
(350,'1912531009','dedesatya461@gmail.com','I Gede Karang Satya Negara',3,8,'$2y$10$KpwkjI.SYJDf8nk/5KsudO87nVmaKJtgfkdKhPR1KxFWXbvCxO0oi','1912531009_Screenshot_2020-10-28-12-19-35-831_com.android.chrome.jpg',2,'2020-10-28 04:19:53','2020-10-28 05:39:24'),
(351,'1912531016','dayurara25@gmail.com','Ida Ayu Kumara Devi',3,8,'$2y$10$uTUA9pjb/onzUtDJ981qjuFKR6fJpqRC7vTl7zj/DMQNKL1T/Z1o6','1912531016_Screenshot_2020-10-28-12-02-47-77.png',2,'2020-10-28 04:20:59','2020-10-28 05:39:47'),
(352,'1912531043','suartini3500@gmail.com','Ni Wayan Suartini',3,8,'$2y$10$UkRkv8P8BYnjvaTZfj0tiOBLVqjFo/iO7d5d17fdjZfvAz72bJXJS','1912531043_Screenshot_20201028_121653.jpg',2,'2020-10-28 04:21:19','2020-10-28 05:40:15'),
(353,'1912531023','Kadekjun9966@gmail.com','I Kadek Juniarta',3,8,'$2y$10$IfTh1w274ByfQrQVNHfyv.uQ0.5yB98feCk6rMglW/Hz..U0qMr4e','1912531023_Screenshot_2020-10-28-12-20-47-59.jpg',2,'2020-10-28 04:21:28','2020-10-28 05:40:53'),
(354,'1912531001','putusartini1611@gmail.com','Putu Sartini',3,8,'$2y$10$NAcjrQXBkcZGBunn6SVwv.agISokbchol2PmBCDJo4ec9kCjVQuzS','1912531001_Screenshot_20201028-122443.png',2,'2020-10-28 04:24:18','2020-10-28 05:41:17'),
(355,'1712531030','anadwinuryanti@gmail.com','Ana Dwi Nuryanti',3,6,'$2y$10$rkDlQqdPtijn639k0PUcpO/YZu3NaW0CPMyHWgIq1gN0VMZXqRAS2','1712531030_Screenshot_2020-10-28-12-30-42-184_com.android.chrome.png',2,'2020-10-28 04:27:48','2020-10-28 05:42:53'),
(356,'2012531008','dewiindrayani1605@gmail.com','Ida Ayu Dewi Indrayani',3,9,'$2y$10$6Tl5UO0J0rqm9PnQUvxGxOFpEw4AllqiBo0Zm5P90VnaFoaGYAtAm','2012531008_Screenshot_2020-10-28-12-21-08-12.png',2,'2020-10-28 04:30:06','2020-10-28 05:44:57'),
(357,'2012531040','nitapuspita504@gmail.com','Ni Wayan Eka Puspita',3,9,'$2y$10$NX6JVTDrcIgxFyK6R1SnnOfv6NfWFFSWdtkrurcy7MPPsLJeThOja','2012531040_Screenshot_2020-10-28-12-26-02-1.png',2,'2020-10-28 04:31:20','2020-10-28 05:45:54'),
(358,'2012531018','nabilairdha26@gmail.com','Nabila Irdha Az-Zahra',3,9,'$2y$10$V4MoJ3BQQ1Tyf/5OHgPfS.a7vAO7uFVMtYS.314iGzLICStHsc6X.','2012531018_BFF942B7-4772-4B00-8973-BAABD260D908.png',2,'2020-10-28 04:31:57','2020-10-28 05:46:31'),
(359,'1912531055','ermillatam@gmail.com','Ermilinda Latam',3,8,'$2y$10$ZefYTrhEsdzCshoCMnUqTOd.1UEdktIHrs26ydpcan.rNYs517JQS','1912531055_Screenshot_20201028_122918.jpg',2,'2020-10-28 04:32:41','2020-10-28 05:47:04'),
(360,'2012531052','dwikusuma0211@gmail.com','Agung Dwi Kusuma Wardani',3,9,'$2y$10$XpGgfGQ.fGDJYM.qPebzW.s2YDNMsPHmCHCZEY.Z65Sn2aVBeAzC6','2012531052_Screenshot_20201028-122921.png',2,'2020-10-28 04:32:50','2020-10-28 05:38:24'),
(361,'1912531015','riantinitiyasaputri2@gmail.com','Rianti Nitiyasa',3,8,'$2y$10$vy2s1iW3AR1CNZQIlGT2R.ESWgx0YYeGop5Bt3djFwekbjPzWtmWa','1912531015_1A302F65-1B98-43DC-9BDB-DE1D66046DE8.png',2,'2020-10-28 04:35:54','2020-10-28 06:09:59'),
(362,'1912531003','mahayoniintan@gmail.com','Gusti Ayu Dwi Intan Mahayoni',3,8,'$2y$10$.kiBFxoE..phiAn8.42ctejZgE4I0l63Wmshj/xAdl4NfLKc6cP1W','1912531003_Screenshot_20201028-123226_Chrome.jpg',2,'2020-10-28 04:38:36','2020-10-28 06:10:25'),
(363,'2012531028','meylan1842@gmail.com','Ketut Rani Meylandari',3,9,'$2y$10$WS4QjkLoYcwH3OY4LXxv0utUGj1b7waJ4mdORJHg0IXyBFkq0ip6a','2012531028_Screenshot_2020-10-28-12-36-14-908_com.android.chrome.jpg',2,'2020-10-28 04:40:01','2020-10-28 06:11:32'),
(364,'2012531003','Dayuanika604@gmail.com','Ida ayu anika mahayani',3,9,'$2y$10$.VP3pQQWChnOrsD6JLFLNuo0.O3tV6Iek..yx4oWL8D.Vpq6w2W9K','2012531003_Screenshot_2020-10-28-12-41-53-65.png',2,'2020-10-28 04:44:09','2020-10-28 06:12:17'),
(365,'1912531019','shellansmb3@gmail.com','Shella Natasya Sri Mutiara Baringbing',3,8,'$2y$10$iKfU5ojjWxAGrc27.cXmqOFhXNu5CdqsNf/4N9pczT6zPfQw.7xAe','1912531019_Screenshot_20201028-114337_Samsung Internet.jpg',2,'2020-10-28 04:44:35','2020-10-28 06:14:00'),
(366,'2012531016','ayhu899@gmail.com','Ni Kadek Ayu Dewi Wulandari',3,9,'$2y$10$GjzNhlXdWHBcbgAMLxRzoec0SAlzcX0Mdhr9YyvcVcgKPqjX2iKWi','2012531016_Screenshot_2020-10-28-12-43-51-94.png',2,'2020-10-28 04:46:15','2020-10-28 06:14:50'),
(367,'1912531008','mitasari8897@gmail.com','Putu mita',3,8,'$2y$10$jH6x7wMDJGQlLum.6r4SNe33uZuA1Du5SW4xYzRfWoSU5.9gKzlNK','1912531008_Screenshot_20201028-124430.png',2,'2020-10-28 04:51:19','2020-10-28 06:15:57'),
(368,'2012531059','evandinata491@gmail.com','Evan Dinata',3,9,'$2y$10$NOt1zACoe57EUq5fdzLjA.YGqggv5Asbsj/G1qPmBysm..0otEQiS','2012531059_786A929D-965D-43EF-B846-10DA2B558A09.png',2,'2020-10-28 04:52:20','2020-10-28 06:16:21'),
(369,'2012531074','syntiad350@gmail.com','Ni kadek syntia dewi',3,9,'$2y$10$mp7QKSwW0Cb9xnzmnAgkV.dPLjWrbRHKZbnoG.wbkk6vg4EVD6snq','2012531074_410DD745-708D-45E0-A353-09D7A6EE23CE.png',2,'2020-10-28 04:55:23','2020-10-28 06:17:25'),
(370,'1912531061','aristawidyaningtyas2@gmail.com','Arista Widyaningtyas',3,8,'$2y$10$0m3Xd2CJfqt3eC2PFutfs.aE.yfgdHM1eTxCuqxAOSPvn1AgX8wHq','1912531061_Screenshot_20201028_125255.jpg',2,'2020-10-28 04:56:05','2020-10-28 06:18:39'),
(371,'2012531024','ayunoviii69@gmail.com','Ni Komang Ayu Novitasari',3,9,'$2y$10$IITsHs.N9b.uXfLyatsh3uryzLM1PYrTVR0EfPd2Mq37rF9.JM5Xi','2012531024_Screenshot_2020-10-28-13-29-28-32.png',2,'2020-10-28 05:24:19','2020-10-28 06:09:20'),
(372,'1912531029','suryawidhiana8820@gmail.com','I Made Surya Widhiana',3,8,'$2y$10$fic1dbGyzYmsl1TkzL89LOX3mYAvas6dcBIP71V2g3gHmsY6Wmmde','1912531029_Screenshot_20201028-132120.png',2,'2020-10-28 05:31:30','2020-10-28 06:24:44'),
(373,'1812551026','zalfasheila@gmail.com','Sheila Zalfa Iftinani',5,7,'$2y$10$qsM3qzQ8kN49DLaoOmldbeRZDvU8pMFbXPpZRdpSh0ofhJUe3Z0qW','1812551026_A56F4D17-14B4-4F32-98CA-1064000FBC14.png',2,'2020-10-28 05:38:41','2020-10-29 06:02:00'),
(374,'2012531006','niwayanrismayanthi@gmail.com','Ni Wayan Rismayanthi',3,9,'$2y$10$eZFv7X566IRgiheL.Mh9VOMTZ2MNMOISH5iOqzP6OymjkdeRIc6V.','2012531006_Screenshot_2020-10-28-13-46-27-53.png',2,'2020-10-28 05:48:14','2020-10-28 06:26:10'),
(375,'2012531041','liapermana8@gmail.com','Ni Wayan Lia Permana',3,9,'$2y$10$ffol78SW0Wq3I.R3iwChs.LkUl5Z6TZ.6BrTT1f10vK3d9vzhT3F.','2012531041_Screenshot_2020-10-28-13-46-41-59.png',2,'2020-10-28 05:50:55','2020-10-28 06:28:14'),
(376,'1812531062','ayumas0499@gmail.com','Dewa Ayu Mas Windhu Sari',3,7,'$2y$10$EgoEgeunCoMGPnBOpJvSIeRJUPh/Xbyhw5z3imC243KtVCOBOtxLy','1812531062_Screenshot_2020-10-28-13-50-15-09.png',2,'2020-10-28 05:51:58','2020-10-28 06:29:57'),
(377,'2012521038','daivakanaya@gmail.com','I Putu Daiva Surya Kanaya',2,9,'$2y$10$9S3.VbM9GoXt9SXsGxwBhOeMJ5fbP6lXpDQp3QQuJqlEp2LXfmUIS','2012521038_Screenshot_20201028-140216_Chrome.jpg',2,'2020-10-28 06:03:07','2020-10-30 03:22:33'),
(378,'2012521030','sashapriskilla@gmail.com','Sasha Priskilla Mauredyta',2,9,'$2y$10$S8xNzDdDNFseCI6ciqlMyOQiDTcmmqRE2phu.zE3Cp8ROqJupXBGW','2012521030_Screenshot_20201028-130320_Chrome.jpg',2,'2020-10-28 06:03:42','2020-10-30 03:24:04'),
(379,'2012521067','kakasatriawibawa@gmail.com','Karendra Satria Wibawa H.',2,9,'$2y$10$X.IqH3I2MPxYbn/1ESb60O02sYvJfm8fbaTeZ9XmEEfJP8PojAOJm','2012521067_7B5BD89E-FBA4-4204-96FF-5A39CD924672.png',2,'2020-10-28 06:03:48','2020-10-30 03:24:28'),
(380,'2012521016','audriatrifena@gmail.com','Trifena Audria',2,9,'$2y$10$w2Z57vL2xN0JcJTWXS7wP.ZP77QOFro41k4YSBhjwTrhCNhHp4MhO','2012521016_2020-10-28 (9).png',2,'2020-10-28 06:03:50','2020-10-30 03:22:53'),
(381,'2012521074','k.jerrycho@gmail.com','Kevin Jerrycho',2,9,'$2y$10$5zDAoSBeOeFw5TZ.SswEpunKJ2hLJ/0BwEQ9ACZIHQ6NP9dj2N2su','2012521074_Screenshot_20201028-130318_Chrome.jpg',2,'2020-10-28 06:03:55','2020-10-30 03:23:16'),
(382,'2012521033','justika.komang123@gmail.com','I Komang Dedy Justika Mahendra',2,9,'$2y$10$bEQOHqOk2/0nXhCfHFUj9.Ng8dXEI8OU8PV9NP/C2ExM6D56WTE3e','2012521033_touchmaster_1603864998308.jpeg',2,'2020-10-28 06:04:05','2020-10-30 03:25:22'),
(383,'2012531037','febbyz911@gmail.com','Febby Cynthia Zakaria',3,9,'$2y$10$E3gVDgbGQOL2fL1qemtftO7bAyRwCnhhdFM9/QFf3EDRkH0uFP9/G','2012531037_Screenshot_20201028-113130_Chrome.jpg',2,'2020-10-28 06:04:14','2020-10-28 07:24:41'),
(384,'2012521053','clarisacandraswari@gmail.com','Clarisa Candraswari',2,9,'$2y$10$ZD811t2nK5DPMgf2b2gxP.Z2cvqwt.4sK4rfHLspBUCV4HUJVrDPe','2012521053_Screenshot_2020-10-28-14-04-23-73.jpg',2,'2020-10-28 06:05:07','2020-10-30 03:23:37'),
(385,'2012521036','muhamad.ahsanun.niam@gmail.com','Muhamad Ahsanun Ni\'am',2,9,'$2y$10$72U.fYMbpPvGyOQapmFLvuMz8nYcQLrRZ9ydBB4PL.a1onixRCzYe','2012521036_IMG_20201028_130652.jpg',2,'2020-10-28 06:07:18','2020-10-30 03:24:54'),
(386,'2012521020','candrasari2405@gmail.com','Ni Made Candrasari',2,9,'$2y$10$F/UG6NQBC7wpzxduQ1HZ0e8rHdp4awz0yr2rmUxsIFEk7cK/ifZEq','2012521020_Screenshot_2020-10-28-14-07-10-44.jpg',2,'2020-10-28 06:08:36','2020-10-30 03:25:55'),
(387,'2012531015','omingwulandari20@gmail.com','Komang Sriwulandari',3,9,'$2y$10$xyXDxINWPUpf2pFNDoxGye0jXtFMKxA/uNcAy6N6HKrbvOK2Vti16','2012531015_Screenshot_20201028-114047_Chrome[1].jpg',2,'2020-10-28 06:20:40','2020-10-28 06:32:06'),
(388,'2012521055','berliana.1012@gmail.com','Putu Berliana Putri',2,9,'$2y$10$Jp8ajuwnH40YKhO8LtUmq.iFPglMmOnLrlmfa8DSSKXH.BJ9eygfm','2012521055_61BF6609-34F3-436E-A6C8-69DB43746155.jpeg',2,'2020-10-28 06:21:41','2020-10-30 03:28:23'),
(389,'1912531007','tiabuana88@gmail.com','Made Tia Buana Putri',3,8,'$2y$10$GG1mKr9bVr4.qO2mRf0tDeTp5WrAOkiZqXE9JPw.VpYYNqgjYsQ/i','1912531007_inbound4863157591041407879.jpg',2,'2020-10-28 06:23:07','2020-10-28 06:33:42'),
(390,'2012531030','Listyadewi1042@gmail.com','Ni Putu Shita Listya Dewi',3,9,'$2y$10$dwESRy.bei6bG6UtHAOmG.XEU8R88JQbwMmFQjkdJRLsXoibnaOva','2012531030_80918947-C8F4-4A98-A7CB-CE3CF4F17F13.png',2,'2020-10-28 06:23:15','2020-10-28 06:34:31'),
(391,'2012221005','intan.afsari001@gmail.com','Ni Luh Putu Intan Afsari',2,9,'$2y$10$Qv0nsaIqo5cW/OGflhPkEOfDPjZiNu4fDdgQ/1K1Or7Gj5ij73vFa','2012221005_Screenshot_20201028-142326.png',2,'2020-10-28 06:24:47','2020-10-30 03:29:42'),
(392,'2012521029','salmaputri0703@gmail.com','Salma Nabila Putri',2,9,'$2y$10$aIxTPj570wmONCi0PiGYAOUDldkAFb4xHyQK109elF2H/zAc4bH4C','2012521029_Screenshot_2020-10-28-13-24-20-231_com.android.chrome.jpg',2,'2020-10-28 06:26:57','2020-10-30 03:28:00'),
(393,'2012521050','anasthasiae21@gmail.com','Anasthasia Eveline Trifena',2,9,'$2y$10$CODkKFNMAtRNZxL1kKPmcuS7zSZsuBJ7katlLScDmiO.mHbsTvVZ.','2012521050_791AD036-8BA4-4CD9-942D-EF9BF8E1F863.png',2,'2020-10-28 06:27:13','2020-10-30 03:29:11'),
(394,'1812531055','putugiriyudistira@gmail.com','Putu Giri Yudistira',3,7,'$2y$10$jTUifAkb3CA9jrdtAcWHT.aTbHDDkzaIfoPyrGs.vI1SKK2EXw2lW','1812531055_08B17DCF-46BB-41BA-AEB4-157E5E09C1D7.png',2,'2020-10-28 06:28:59','2020-10-28 06:38:01'),
(395,'2012521014','eka.tantri2208@gmail.com','Ni Putu Eka Tantri Purnamasari',2,9,'$2y$10$4dDh2jWZzQ3THk6YiSUfbOM6ochgOAm7JVYyfdGe4zcWLxbO43npW','2012521014_Tan.png',2,'2020-10-28 06:35:27','2020-10-30 03:27:09'),
(396,'2012521051','denny.mandaka@gmail.com','I Nyoman Denny Three Mandaka',2,9,'$2b$10$6cHtDinbp4SDBpVQ2mpvgOdixY5cFDx9BCIn9KroRYjKV9.P/.WE.','2012521051_Screenshot_20201028_143523.jpg',2,'2020-10-28 06:35:37','2020-10-30 03:30:33'),
(397,'2012521025','tazkiauliarf@gmail.com','Tazkia Aulia Ramadhanti Firmansyah',2,9,'$2y$10$QgRaYhacMAcbUAQ5nqwvWeY459mWSPseQ2IedouccL1XwGr.At2j6','2012521025_Screenshot_2020-10-28-14-18-41-760_com.android.chrome.jpg',2,'2020-10-28 06:36:50','2020-10-30 03:27:37'),
(398,'1912521049','maxyasa@yahoo.com','maxyasa',1,8,'$2y$10$92rvjOQNRhNFMx6wsMQ.l.uE8SEqlYu5VF5iFaySXteWGwxHkA0.y','1912521049_9766C299-5A88-4562-B1C2-59F343F2BEB8.png',2,'2020-10-28 06:38:39','2020-10-30 03:33:14'),
(399,'2012531064','josuamanggaprou2270@gmail.com','Josua Manggaprou',3,9,'$2y$10$wPV3Puwb2eAlKFy/74/rMO9ilEd5K52UmY7rOxaWb4lir3XQqMMeK','2012531064_IMG_20201028_144232.JPG',2,'2020-10-28 06:45:14','2020-10-28 07:29:21'),
(400,'2012521017','angelstefani34@gmail.com','Apphia Angel',2,9,'$2y$10$izNrgHRXavdPPLDAZrWMtuninOPRuHQNP.3nasj2h4GFNXf8sSCyy','2012521017_Screenshot Keterangan Mahasiswa Aktif.png',2,'2020-10-28 06:47:36','2020-10-30 03:30:05'),
(401,'2012531056','adyafebriana@gmail.com','Made Adya Febriana Putri',3,9,'$2y$10$p4NWrDJLj9.eqza0if8A6O5T59PO4yXni3Kw7KiJ8BOeUcuqORhp6','2012531056_Screenshot_20201028_144722.jpg',2,'2020-10-28 06:49:40','2020-10-28 07:29:46'),
(402,'1912531013','putuanapa0@gmail.com','NI LUH PUTU JANU RIANA',3,8,'$2y$10$v6N8N/4py/3MfQ/K2uboJO2V3XOvst7vwMMi3v84/g5JsCTlaOEWK','1912531013_Screenshot_20201028-143327_Chrome.jpg',2,'2020-10-28 06:50:24','2020-10-28 07:30:11'),
(403,'2012521035','darputridewi1012@gmail.com','Ni Made Dewi Darma Putri',2,9,'$2y$10$9NAM5OJeCAHdaxSgQVZBdu6afjrHdzYhPMdZlEt7bPyV3farJelbO','2012521035_Screenshot_20201028-145149_Chrome.jpg',2,'2020-10-28 06:52:57','2020-10-30 03:32:15'),
(404,'2012521080','madeavrilia000@gmail.com','Made Avrilia Gayatri',2,9,'$2b$10$AsXKGneoH03N0TImBhKMguLIez7BDUEOBO7QIFbkMijycNugGRGX6','2012521080_Screenshot (74).png',2,'2020-10-28 06:59:54','2020-10-30 03:33:21'),
(405,'2012521059','amandanariswari01@gmail.com','Ni Nyoman Pasek Amanda Nariswari',2,9,'$2y$10$cf5BbJD2lTE5jOfpwhk.puKDQIKLbqaiwonohM1pPjaPWEIFojqdm','2012521059_Screenshot_20201028-145958_Chrome.jpg',2,'2020-10-28 07:03:09','2020-10-30 03:33:02'),
(406,'2012521054','nilaningrat05@gmail.com','Luh Kade Wahyu Diah Nila Gatraningrat',2,9,'$2y$10$5eYowAKoHOE9NGBvHGGLqObAXfaRTU.iNoC35kt1yUMEbGgoF9zsm','2012521054_8F09E7D1-CF64-41AB-AC2C-19AD5716B0C0.png',2,'2020-10-28 07:05:07','2020-10-30 03:33:44'),
(407,'2012521061','annaartharahayu96@gmail.com','Nyoman Arlina Artha Rahayu',2,9,'$2y$10$A47NxIxIZGkVKGARFhrKjOrWSCUH6xcGCQij5XOwKyA/LID5kzZm.','2012521061_Screenshot_2020-10-28-15-12-29-18.png',2,'2020-10-28 07:14:47','2020-10-30 03:34:45'),
(408,'1912541038','ramadhanisalsa22@gmail.com','Ramadhani Nurul Azmi Salsabilla',4,8,'$2y$10$vk0N7spOcaqXEDnhvndRQOXP54od1iPc.zfkfocLmar0YZ8OVauEC','1912541038_613CA41B-818C-4C69-A36A-DD1A501C5974.png',2,'2020-10-28 07:16:47','2020-10-30 03:33:58'),
(409,'1812531059','Prastikasari31@gmail.com','Ni Kadek Prastika Sari',3,7,'$2y$10$wyC8oXpSmiUbolTyTqzb.O50yjRDdDKAQGIVt8cDqWfwlSFS/Oji2','1812531059_Screenshot_20201028-111240_Chrome.jpg',2,'2020-10-28 07:25:58','2020-10-28 10:00:24'),
(410,'2012531036','trianandakd@gmail.com','Komang Triananda Kurnia Devi',3,9,'$2y$10$ZoSkyV.E8BEDjLjdxrKG.e6O7dT8/TXfVubPvthWbK05kDKwzxzru','2012531036_205135.jpg',2,'2020-10-28 07:40:25','2020-10-28 10:03:06'),
(411,'1912531038','Sadedevita2001@gmail.com','Sade Sevita',3,8,'$2y$10$taXg9CYL4tbdwZ6tL/H3Qe7o5PvqBLWqQgXRCyP3ZGe7KGgpH5Mdu','1912531038_Screenshot_20201028-154236_Chrome.jpg',2,'2020-10-28 07:43:19','2020-10-30 03:34:30'),
(412,'2012531049','putujyoti16@gmail.com','Ni Putu Jyoti Paramitha Dewi',3,9,'$2y$10$PKMTOXPPxoIPegi7v.6mLefsP2q6RLp6O1Wc3pDOnUY9yAlemjJC6','2012531049_1CEC3CA9-8B97-4599-B29B-02879EABFF34.png',2,'2020-10-28 07:45:07','2020-10-28 10:04:26'),
(413,'2012521049','gunawankarin27@gmail.com','Alexandra Catherine Gunawan',2,9,'$2y$10$rCm69t4jCe0ORwWwEeaR0eT8wdqtT3.huPJTMkecf7m7ahWvp2YSC','2012521049_Screenshot_20201028-154435_Chrome.jpg',2,'2020-10-28 07:45:10','2020-10-30 03:32:44'),
(414,'1912531058','karensimanjuntak15@gmail.com','Karen Regina Lia Simanjuntak',3,8,'$2y$10$Y2cFuHhY864o3D/feaoNVuyvfFZ41vdEigHzGive9FHZvjqi37cxe','1912531058_Screenshot_20201028-154209_Chrome.jpg',2,'2020-10-28 07:45:15','2020-10-28 10:21:49'),
(415,'2012531046','putri.sekarwangi73@gmail.com','Ni Luh Putri Sekarwangi',3,9,'$2y$10$Xhyp6i4kjjL4jQU./mXuceDOCpGBMXJZHWhiWrsa8UD.sbL26j1Pq','2012531046_Keterangan Mahasiswa Aktif di Imissu.png',2,'2020-10-28 08:09:21','2020-10-28 10:22:09'),
(416,'2012531021','galihkayana3@gmail.com','I Made Galih Kayana Suwikantara',3,9,'$2y$10$y8NlF7fmhma1GCOp/tx1F.WMBAaQjeTRZagOqmbryyzwuDDaRfRh2','2012531021_0001-12389288411_20201028_161230_0000.png',2,'2020-10-28 08:15:10','2020-10-28 10:22:32'),
(417,'2012531033','pramanautup8@gmail.com','Putu Yoga Pramana',3,9,'$2y$10$ptQssGw.bZrQONrxTV4CMeRFCaxW9aOHSPWNWRqDlDTGbwiJOb3i.','2012531033_Screenshot_2020-10-28-15-16-07-54.png',2,'2020-10-28 08:16:22','2020-10-28 10:23:43'),
(418,'2012521013','alkomarko04@gmail.com','Alvian Marko',2,9,'$2y$10$8CcPVqqr7OyrcFjdOM.AeehmtohgVJq03HTbxJmEbijssWZ4Rlxl2','2012521013_Screenshot_2020-10-28-16-16-58-139_com.mi.globalbrowser.jpg',2,'2020-10-28 08:17:44','2020-10-30 03:35:03'),
(419,'2012531057','payanaricky@gmail.com','Ricky Dwipayana',3,9,'$2y$10$3xzekWtr0c9AHbL3.BLaC.2rcq0KqTKFMkvX99gUfifpmryhwvDu2','2012531057_Screenshot_2020-10-28-16-19-23-802_com.android.chrome.png',2,'2020-10-28 08:19:47','2020-10-28 10:24:35'),
(420,'2012531020','Gungyahh03@gmail.com','Anak Agung Diah Savitri',3,9,'$2y$10$nsfSvE0hi8CEeM3qsLwotOrOjLSKlZUc7wwQmLaVMEJafRE4XErDO','2012531020_A5A92843-AA6D-4AE4-8159-E391DC9C1325.png',2,'2020-10-28 08:21:29','2020-10-28 10:25:05'),
(421,'2012531038','dheasutarini@gmail.com','Ni Kadek Dhea Sutarini',3,9,'$2y$10$GaZ1S.JKsQlE48GN.kvw2.zTxWLn0XOKS.fCEXIXjPJwqRL1f3ahO','2012531038_Screenshot_20201028-162027_Chrome.jpg',2,'2020-10-28 08:22:47','2020-10-28 10:26:04'),
(422,'2012531079','Windybalimaharani@gmail.com','Windy Bali Maharani',3,9,'$2y$10$R/aN/E.iWbh1MdWO.xkcqu1sM2Yr8XvceEcR7DG0EzIh2sZsgtIBK','2012531079_Screenshot_2020-10-28-16-22-00-930_com.mi.globalbrowser.jpg',2,'2020-10-28 08:23:07','2020-10-28 10:26:34'),
(423,'2012531077','ranisihombing2002@gmail.com','Rani Sihombing',3,9,'$2y$10$xxCAYPujNZkmJiijF6DJBOay6h0Mgm2D8Phq676Dw/BJOShHxM4RW','2012531077_Screenshot_2020-10-28-16-22-21-72.png',2,'2020-10-28 08:25:09','2020-10-28 10:27:01'),
(424,'2012531072','eugeniafernanda08@gmail.com','Eugenia Fernanda Gracella',3,9,'$2y$10$xPy4MZC0JwZOWY2ftnUOa.jmv/JGSLLfw5odb1goAmyrid6z1zomu','2012531072_Screenshot_2020-10-28-16-24-28-88.jpg',2,'2020-10-28 08:25:51','2020-10-28 10:27:40'),
(425,'2012531026','dharma15cahyana@gmail.com','Dharma Cahyana',3,9,'$2y$10$a8zLLqOb/B7EhSztxT7RP.0UTMSdibKJbYqnyaHO1/TDxjWJb0he.','2012531026_Screenshot_20201028_162003.jpg',2,'2020-10-28 08:26:51','2020-10-28 10:28:05'),
(426,'2012531004','ekaaprili0422@gmail.com','Eka Aprilia',3,9,'$2y$10$0I1aqC6DmWtULDl9HSadQ.X5wajv93MYNh9v2DZ5OPMo02Yi/x4cW','2012531004_Screenshot_20201028-162714_Samsung Internet.jpg',2,'2020-10-28 08:29:35','2020-10-28 10:35:57'),
(428,'2012531075','marianimarianidesy@gmail.com','Desy Mariani',3,9,'$2y$10$bhnamJ4m810XfUoWB1eexeYkhDdegHW3MCLHx3Su6c0rrIoRcmGbG','2012531075_IMG-20201028-WA0084.jpg',2,'2020-10-28 08:40:04','2020-10-28 10:40:03'),
(429,'2012531051','wayanbagastia12@gmail.com','Wayan Bagastia Pradipta',3,9,'$2y$10$izjSex5imYTajy793SYPH./Wca59EiiSKNO.vOcA7WfFgjWnCUg3S','2012531051_A26FB990-DEA1-4AF8-A925-115111A06DD1.png',2,'2020-10-28 08:44:58','2020-10-28 10:40:30'),
(430,'2012531014','isabelvictoriasyalom@gmail.com','Ni Made Isabel Victoria Syalom B',3,9,'$2y$10$4Tlh/IzLCHHKPq5YdJFmrOY1ej.3fUZ06gMEtM3/Yob751ivk6wQO','2012531014_54D82BE7-5533-42A8-9D73-A26D63997361.png',2,'2020-10-28 08:45:28','2020-10-28 10:40:49'),
(431,'2012531076','www.jayapradipta23@gmail.com','I Komang Jaya Pradipta',3,9,'$2y$10$1LMc0CBn5udRCBNkOjEhuOFhR/uAhJQNJv2C27N950PCxthfQN.TO','2012531076_Screenshot_2020-10-28-16-43-05-585_com.mi.globalbrowser.jpg',2,'2020-10-28 08:45:30','2020-10-28 10:41:21'),
(432,'2012521008','estadamayanti283@gmail.com','Ni Luh Sariesta Damayanti',2,9,'$2y$10$DGYhyxaLtNc2ekhqJMZJDe/4gDEARfVPF6EGT1i/Ng60gQ1C0lmIa','2012521008_mahasiswa aktif.png',2,'2020-10-28 08:46:02','2020-10-28 11:07:52'),
(433,'2012531012','puspitaapriliana24@gmail.com','Ni Wayan Puspita Apriliana Kerti',3,9,'$2y$10$dQiGgIDmpGNAQIFpJ1myWuyT9c3g61dt/cpLF8mL5iW/Hzk/6On6a','2012531012_0094ADF7-A600-4085-8A12-3BDE5D029FC8.png',2,'2020-10-28 08:46:08','2020-10-28 10:43:28'),
(434,'2012531048','dekramaa24@gmail.com','Kadek Bagus Rama Iswara Milandika',3,9,'$2y$10$GuUHGLXjuy2hlfnjiJz2guqPxpYMbiuhnsMYsJ7Qs4tsiipgA8dx2','2012531048_Screenshot_2020-10-28_165012.jpg',2,'2020-10-28 08:54:56','2020-10-28 10:42:59'),
(435,'2012531050','alyciaprajna25@gmail.com','Alycia Prajna Wicaksana',3,9,'$2y$10$FSqstark3xTSQEqSrvXvLuGreXxi8j8I9/vS9JUAVrRhXF.vgXJ9i','2012531050_742E468A-8404-4581-9969-F328C7410769.png',2,'2020-10-28 09:02:09','2020-10-28 10:47:18'),
(436,'2012531071','ekayana66@gmail.com','I PUTU EKAYANA',3,9,'$2y$10$NCxLQWS7KSc1CCWBukvVK.wkEmzYYHftME3UzBgHQIOELlJ6gUlQS','2012531071_Screenshot_2020-10-28-17-00-13-20.png',2,'2020-10-28 09:05:06','2020-10-28 10:47:59'),
(437,'1712531016','Miraldaregina@gmail.com','Miralda Regina',3,6,'$2y$10$OcyhNmrEHCRVt/0wtDtNx.tC4I9yE/pTzQ0dtGNQd764yFQNwz/Hq','1712531016_8581C017-98B8-43AD-BDAB-BB5F3F658787.png',2,'2020-10-28 09:16:07','2020-10-28 10:48:33'),
(438,'1712531056','olivia.irdanti@ymail.com','Olivia Blessiane Irdanti',3,6,'$2y$10$KChbL4stnuNu7nyswtR11eUrjeFGhpBg4dB31Bsjlt892v3RknG2S','1712531056_6E1E15A6-2823-45A5-BA82-34693CCEB405.png',2,'2020-10-28 09:18:05','2020-10-28 10:49:37'),
(439,'2012531053','citrarahayuaricanti@gmail.com','Citra Rahayu Trisna',3,9,'$2y$10$08yNXW86bIqbzWSR45BwrOQdXXa.Ax.pXsfytPpdqnfY0xo21WL1a','2012531053_Screenshot_20201028_172019.jpg',2,'2020-10-28 09:21:54','2020-10-28 10:51:44'),
(440,'1912531048','sgputri01@gmail.com','Anak Agung Sagung Putri Nidyasari',3,8,'$2y$10$TYSBlU3W/tY.IIzdQYiEp.ViCWs2PolIL0AktxnBqH9gv.oqrEvDq','1912531048_0D8FE8AE-BF31-4C3F-909C-F412042616F8.png',2,'2020-10-28 09:28:09','2020-10-28 11:00:38'),
(441,'2012531027','ariaprawangsa@gmail.com','I Nyoman Aria Nanda Prawangsa',3,9,'$2y$10$eU9Y5ZWfX5gofwLV3X9uxOU5dAjX/XLy0l/xh4sbo6507AlALpLQ.','2012531027_CE5D75D2-4ACD-450D-A7B9-289EC095E687.png',2,'2020-10-28 09:30:05','2020-10-28 11:01:02'),
(442,'1912531066','Elsaagrevina2017@gmail.com','Elsa Agrevina',3,8,'$2y$10$pEc2gMUeYI5tfABihgvvpuNaBwZXry43mAg.oNFtv1yGx/.g28s1q','1912531066_1436A987-09A9-4DAC-950C-6314087C9398.png',2,'2020-10-28 09:31:25','2020-10-28 11:01:23'),
(443,'1712531047','Lilin.arini95@gmail.com','Lilin Arini',3,6,'$2y$10$Fw/gWOFF2vRGxHXms3RIUuNUEk.7PuZd.UE1oKWBNDFa6v4GL1PMi','1712531047_F4A6A105-6E60-489D-9C5E-99360F75022D.png',2,'2020-10-28 09:31:43','2020-10-28 11:02:59'),
(444,'1912531065','celseayasmin@gmail.com','Celsea Yasmin Febryna',3,8,'$2y$10$F5dQIKqGCTl1iVzaJqsY6uMF/tR7RYIR.uq8/GoU4cYMpDTakPPNe','1912531065_IMG-20201028-WA0005.jpg',2,'2020-10-28 09:53:10','2020-10-28 11:03:28'),
(445,'1712531009','luhekasriyogawati@gmail.com','Ni Luh Eka Sri Yogawati',3,6,'$2y$10$AsX56uP8BdfWoFShXAMdveB3.TV9nRcWRzZaT0Y6mPziVINDNGvPW','1712531009_Screenshot_20201028-174959_Chrome.jpg',2,'2020-10-28 09:53:43','2020-10-28 11:03:51'),
(446,'1812531048','Devnandini00@yahoo.co.id','Dev',3,7,'$2y$10$V2aOqdPjKV.2cpkHw4mvyOsbM9xQdD0he4C.9HMD3jUjGb2ghYOPS','1812531048_A08072F6-C8CC-4244-B097-A00AE6887E62.png',2,'2020-10-28 09:59:55','2020-10-28 11:04:47'),
(447,'2012521071','brianhambutt@gmail.com','OSWALDUS BRIANTO HAMBUT',2,9,'$2y$10$sWabEI6GeDYTj.WF8p8j1OZYMDrl3PSzg/xumKYYUiIzRGv8J7Ume','2012521071_Screenshot_20201028_141352.jpg',2,'2020-10-28 10:03:55','2020-10-28 11:08:25'),
(448,'1812531019','rimacahyaniti24@gmail.com','I Gusti Ayu Rima Cahyaniti',3,7,'$2y$10$tN1BRwSV1c9FuA8RM8IvGOFu9GWMt8HrLVUkn9uopc3c1lbMi73hG','1812531019_Screenshot_2020-10-28-18-02-08-807_com.android.chrome.jpg',2,'2020-10-28 10:04:06','2020-10-28 11:06:01'),
(449,'2012531011','putulolo30@gmail.com','I Putu Sugiarta',3,9,'$2y$10$CV2Q9A9jEO1RFBp3W4iz0uQZgXBzK0SWjVG3CeULRMLrUTTNYHlKq','2012531011_Screenshot_2020-10-28-18-04-52-44.png',2,'2020-10-28 10:05:10','2020-10-28 11:07:13'),
(450,'1812531026','kdksukmaw@gmail.com','Kadek Sukma Wati',3,7,'$2y$10$T.EJTCYjBdEsxwsTM0Qebu.uRTPeHJ5Ljo5g0IJaQwkNRLWsCP29.','1812531026_Screenshot_2020-10-28-18-08-26-59.jpg',2,'2020-10-28 10:12:15','2020-10-28 11:19:17'),
(451,'2012531009','krisnhaarianto114@gmail.com','Komang Krisnha Putra Markhandhya Arianto',3,9,'$2y$10$bEs9q3YKW/XmH9jyKM01eOMfeGFr3AypI1krzfHmVZdIl496bbv4C','2012531009_Screenshot_2020-10-28-18-15-36-647_com.android.chrome.jpg',2,'2020-10-28 10:16:47','2020-10-28 11:28:52'),
(452,'1812531050','ikhsanfarhan13@gmail.com','Ikhsan mughni farhan',3,7,'$2y$10$Vf4FORUkGRNBwDfPrup1ee49xPMoqJgtQKgF7wzxIqkRkuMCoBKD2','1812531050_Screenshot_2020-10-28-18-18-03-78.jpg',2,'2020-10-28 10:18:25','2020-10-28 11:28:13'),
(453,'1912531056','trianawidayanii@gmail.com','Dewa Ayu Triana Widayani',3,8,'$2y$10$NqoRJen8gbkdF15VPrW.yuz9DT.M9OajCOtIfpFv6ScRkMiTROePy','1912531056_432048A0-891A-48DF-9A59-0D63825D99D0.png',2,'2020-10-28 10:21:16','2020-10-28 11:29:13'),
(454,'1912531054','dilanputra06@gmail.com','Dylan Andhana Putra',3,8,'$2y$10$2DVEKu/7m73A5j5ERYYkX..vn9plrEnhO0TxKyVTsOOFcVnJglre2','1912531054_15D8B0E2-6C3A-4835-97FA-E1EE36986FE6.png',2,'2020-10-28 10:37:37','2020-10-28 11:29:47'),
(455,'1912531027','ryanadi910@gmail.com','Ketut Ryan Adi Nugraha',3,8,'$2y$10$Ne4kiTM64i1yKsJ5c8QGZO66x/QPJ2FjmFRhTB/D/aYhNrXtVFRr.','1912531027_Screenshot_20201028_183658_com.android.chrome.jpg',2,'2020-10-28 10:37:55','2020-10-28 11:30:09'),
(456,'1912531042','Madeangelianaputri@gmail.con','Ni Made Angeliana Suwantara Putri',3,8,'$2y$10$F5rhCD4rLFKVecu39AD/CuTyibLYgGzzM.CXRXcpdf9LdY7.t/VOq','1912531042_Screenshot_2020-10-28-18-37-18-83.png',2,'2020-10-28 10:38:06','2020-10-28 11:30:46'),
(457,'2012521015','valeputri01@gmail.com','Valentina Putri Pertiwi',2,9,'$2y$10$BO5tJqr2N3E9CX.vwHcEPuFuXS2/aYJzj.SIdYyURjWwW8g4XHe2K','2012521015_Screenshot (44).png',2,'2020-10-28 10:38:17','2020-10-28 11:31:16'),
(458,'1812531009','putumirna18@gmail.com','NI PUTU MIRNA SARI',3,7,'$2y$10$TjCdvzqMOZv9OmgLwHDFz.Zs7yYnxSfmq3PVYSR4lzaobopQ/eFZK','1812531009_BUKTI NI PUTU MIRNA SARI.jpg',2,'2020-10-28 10:41:22','2020-10-28 11:31:36'),
(459,'1812531027','anggie.narendra@gmail.com','Ni Made Anggarani NDNP',3,7,'$2y$10$RI3a/kYHIEPGvQGXsHYZwu2xyiICOjMc0sB4OHtnK0zCv4Hl4waty','1812531027_Screenshot (16).png',2,'2020-10-28 10:44:27','2020-10-28 11:32:00'),
(460,'2012531023','deagodeliva@gmail.com','Godeliva Putri Dea Harianja',3,9,'$2y$10$GuRPb.ovyPGE8Psh2sHtEOLFZm7VbCAmfb0k1lrdUS9FzIhZG7PTq','2012531023_F17D41F5-3F06-4488-A089-18E027766C84.jpg',2,'2020-10-28 10:48:49','2020-10-28 11:32:23'),
(461,'2012531045','romialexander19@gmail.com','Romando Alexander Amalo',3,9,'$2y$10$I.CAml7ZtUlUxHsifc.OI.EYWhPizpM2HNa5EfdfjUlX0TdUDj.Um','2012531045_Screenshot_20201028_190801_com.android.chrome.jpg',2,'2020-10-28 11:08:19','2020-10-28 11:18:07'),
(462,'1812531031','dewagedetaksu@gmail.com','I DG. Taksusepta Reksa Armajaya',3,7,'$2y$10$VzCAUyQ2c6fHA58J/Lzo1exJrFN55L9LmIFEsHJKNHtYIdmpeufai','1812531031_Screenshot_20201028-190819.png',2,'2020-10-28 11:08:38','2020-10-28 11:18:26'),
(463,'2012531010','krisna.yudandi@gmail.com','I Gede Krisna Yudandi',3,9,'$2y$10$A7kjQbVQY2b6ZWFbJeNDcOTtDwB.oiI6C2ymDAhipQPBWWSdJU6wu','2012531010_Screenshot_20201028-191324_Chrome.jpg',2,'2020-10-28 11:13:47','2020-10-28 11:17:40'),
(464,'1812531038','dgitaananda@gmail.com','Devi Gita Ananda',3,7,'$2y$10$nFu7WRFKHPKyF.xzLEtpDe9kbHG/mqxxza5SpB1WwEKjojR2GCNle','1812531038_829B7F92-D493-474F-9BCC-0E9E37BB9BF0.png',2,'2020-10-28 11:49:46','2020-10-30 03:44:55'),
(465,'1912531062','maulidianizla5@gmail.com','Nizla Maulidia',3,8,'$2b$10$2XQiT4L9kPPTgok0KrrAYOcCMd3AODriLPXey.193vthgwi6ySJd.','1912531062_9F2F3BDB-0D95-4500-B6E0-4C16AB318B6F.png',2,'2020-10-28 11:53:37','2020-10-30 03:44:58'),
(466,'1812531005','Kristinadamayanti783@gmail.com','Ni Komang Kristina Damayanti',3,7,'$2y$10$GbfZKbLV7Xqp1ucIDCPE2unCROMmWmE7ID7zgZhpjNaRqbx5T2yR2','1812531005_Screenshot_20201028-200705_Samsung Internet.jpg',2,'2020-10-28 12:09:03','2020-10-30 03:46:11'),
(467,'1812531043','Intantrid3@gmail.com','Ni Komang Intan Tri Damayanti',3,7,'$2y$10$7zakULJh3flAzKvlwUZ0p.w9EigxTFcyS6lJa1hfY0uFgXVi1yZL.','1812531043_6F0C97D3-A1DF-49CF-8DAF-1C0455E9B3C3.png',2,'2020-10-28 12:19:57','2020-10-30 03:46:16'),
(468,'2012531078','nindapradnyadari4@gmail.com','Ayu Kadek Septian Pradnyadari',3,9,'$2y$10$hcBVP3jSeo/fjgTqC9zm9eHenJXS9RsDDDFTFiyuhcxIg5sd4ZeFS','2012531078_48BFB419-95E3-424B-98D7-602A99E9595A.png',2,'2020-10-28 12:26:26','2020-10-30 03:46:28'),
(469,'2012531022','Dilagatraningrum@gmail.com','Luh Putu Wahyu Diah Dila Gatraningrum',3,9,'$2y$10$WkIE58vpyUO2ZUdFilkU7OpojXGFCrMWRdMx2lY4K1Hy6Nf6S5J.2','2012531022_789651A0-F98F-4194-AD2D-E97AE034217E.png',2,'2020-10-28 12:26:36','2020-10-30 03:47:08'),
(470,'1912551047','dharmayeniputri@gmail.com','Kadek Dharmayeni Putri Widiarta',5,8,'$2y$10$pRDSOHPme9FRVN2TvMP8YeNeZEccUOq6glWVXzIUj9RkLlisKzhLK','1912551047_2DAC7251-F551-4FA2-8222-ECA7F077199A.jpeg',2,'2020-10-28 12:26:36','2020-10-29 06:24:49'),
(471,'2012531062','istadewa44@gmail.com','Ista Dewa Mahendra',3,9,'$2y$10$SLwi86c0GaP0lJASVSVyceP7ppGd2gI1V0jBiBS4d7Tn9BYL.KZvC','2012531062_Screenshot_20201028-202428_WhatsApp.jpg',2,'2020-10-28 12:26:42','2020-10-30 03:47:15'),
(472,'1712531053','candraprmt@gmail.com','Ida Ayu Candra Paramitha',3,6,'$2y$10$ew9WAJrtTwzOkrebaRM68.7JFj53aj0mO02A2elwHffgl56nO9n82','1712531053_B41DF055-80D1-42A3-9C74-5AE866B18F22.png',2,'2020-10-28 12:27:42','2020-10-30 03:48:09'),
(473,'1712531050','idaayusridamayanthi@gmail.com','Ida ayu sri damayanthi',3,6,'$2y$10$9GAjmQPURii4dHnSQYmyxO.a4qul.pyoO/TGTL/nncXbWpAXmgZl6','1712531050_E48496FF-6DCF-433C-8BEB-E8AFEAA29739.png',2,'2020-10-28 12:27:49','2020-10-30 03:48:14'),
(474,'1712531029','komangtrisna621@gmail.com','Komang Trisna Febriantini',3,6,'$2y$10$C5pzFxPPMZGUyUMNsJBPpu.JbfSKSl/0BsyhiY15BsmA9QuarLCTG','1712531029_4E113F15-9469-4F96-944C-C0AE7B5BD72F.png',2,'2020-10-28 12:27:58','2020-10-30 03:48:19'),
(475,'1712531035','tugekariindra@gmail.com','Ari Indra Setia',3,6,'$2y$10$nRyDVshsK8o37uY7lTuTBONd7WvUwTtRZSvY76iquBrYfvYFvRGNi','1712531035_A48E4BC5-1827-43B9-B87B-2932FE466AFA.png',2,'2020-10-28 12:30:08','2020-10-30 03:49:00'),
(476,'2012531061','bayudika12@gmail.com','I Gede Bayu Mahardika',3,9,'$2y$10$vlZ3GzgIuQkipPRlBD59ZOR9lFX6g1B1alSzDXxEpkCLzchRFpX0i','2012531061_439FF236-CE71-402E-99D4-FEFC3278376B.jpeg',2,'2020-10-28 12:31:47','2020-10-30 03:49:05'),
(477,'2012531055','evarianapriliamanurung65@gmail.com','Evariana Prilia',3,9,'$2y$10$HmRs9QXz110zYIQ9W/UiIeuvKFrQlI1.xNxO4OuWqSRsgCdyBv8wu','2012531055_Screenshot_2020-10-28-19-29-38.png',2,'2020-10-28 12:31:52','2020-10-30 03:49:46'),
(478,'1712531019','Dianagustini31@gmail.com','Putu dian agustini',3,6,'$2y$10$YvqmuxT7OQKIq8mpZcGtgOQz74Ymwuz4jZryujG2bHLv7QxzT4rMK','1712531019_5E3C2A87-A27A-455B-8993-56FE855B00B8.png',2,'2020-10-28 12:31:57','2020-10-30 03:49:56'),
(479,'2012531044','nabilla.novia25@gmail.com','Nabilla Novia Ardiana',3,9,'$2y$10$4pn4Juxf5g7OT3HgHBDmcuhqnkBY5sBgiLCN5sw3JoWYDrxSbm9Ky','2012531044_Screenshot_20201028-193119_Chrome.jpg',2,'2020-10-28 12:32:56','2020-10-30 03:50:44'),
(480,'1712531014','Kadeklinda1810@gmail.cok','Ni kadek linda widiantari',3,6,'$2y$10$4yEuxaXQsc.mtaGysQ9CCO0rWEkKfjNSkQ9qLwR5LU3oFnGE9zJgy','1712531014_E711B80B-490B-4926-B4D2-375DE2E4C35E.png',2,'2020-10-28 12:33:36','2020-10-30 03:50:49'),
(481,'1712531048','pramitadewi2908@gmail.com','Ni Wayan Pramita Dewi',3,6,'$2y$10$GdNuvHpRLriVJ8lY8v.dK./KPUT3J8/Ts4ZmT123Hhs3sALfAO6F6','1712531048_Screenshot_2020-10-28-20-31-56.png',2,'2020-10-28 12:33:55','2020-10-30 03:51:17'),
(482,'2012531017','sarapasaribu2003@gmail.com','Sara Evani Pasaribu',3,9,'$2y$10$PqAqTCkCLGeWj9p9Qyt1uOR93O63KpgdG7B9i2y8onLx9QEhAAaAq','2012531017_Screenshot_20201028_192539.jpg',2,'2020-10-28 12:34:57','2020-10-30 03:51:35'),
(483,'1712531031','ayuastari997@gmail.com','Ni Kadek Ayu Astari Dewi',3,6,'$2y$10$HSqs5TyVFag4GKvf.3T/..47MhF1uQbZ9GS12rAV.qZxM.zBy4QGi','1712531031_Screenshot_20201028-203402_Samsung Internet.jpg',2,'2020-10-28 12:35:40','2020-10-30 03:53:31'),
(484,'1712531058','riskipertiwi00@gmail.com','Putu Rizki Pertiwi',3,6,'$2y$10$lG9/6GjguekW3Q8nEnZ8qugAiv4mFkB.7lnPrXbRHYFNWt9gkiPuC','1712531058_Screenshot_2020-10-28-20-35-07-74.png',2,'2020-10-28 12:35:49','2020-10-30 03:53:38'),
(485,'1712531033','ayupartini40@gmail.com','Putu Ayu Partini',3,6,'$2y$10$wLFSOyNykASUkXrp5wvzf.wwStCAXw.CvxnKyBK/JuxTdZFDU4e9a','1712531033_Screenshot_2020-10-28-20-35-03-900_com.android.chrome.png',2,'2020-10-28 12:35:55','2020-10-30 03:54:17'),
(486,'2012531034','renchristian757@gmail.com','I KOMANG RENATA CHRISTIAN ADIGUNA',3,9,'$2y$10$r7B3.Q0xT149UYKKgl6ZQeycs3Omi8FSkZYyDgVw25KSrV1qYjAIO','2012531034_Screenshot_2020-10-28-20-38-09-04.png',2,'2020-10-28 12:38:36','2020-10-30 03:54:23'),
(487,'1712531045','agungsatria198@gmail.com','I Gusti Agung Bagus Satria Dalem',3,6,'$2y$10$pI/WgmtVXARKnRt1M9uZOectruA9utmFZmxvdaW0O4S3DIWGIcLZe','1712531045_Screenshot_2020-10-28-20-34-59-22.jpg',2,'2020-10-28 12:40:14','2020-10-30 03:55:03'),
(488,'2012531069','Intansrrahayu8@gmail.com','Kadek Intan Siti Rahayu',3,9,'$2y$10$/55PMBxSlOyurKQv16GRg.TlxHBuGv7XLkF0klY.UgS5iZ.WkTr5a','2012531069_A6E651F6-C74E-4321-A041-5D9DD5542851.png',2,'2020-10-28 12:40:40','2020-10-30 03:55:11'),
(489,'1712531004','kadeksulasmi50@gmail.com','ni kadek sulasmi',3,6,'$2y$10$NBX/uqgYOaA4kF5WLef3/uurjbvTWtSlCUNruo.uO3b.CyK3BRA06','1712531004_8365D3ED-FC09-4935-BE28-EA25994BC86E.png',2,'2020-10-28 12:41:09','2020-10-30 03:55:45'),
(490,'2012531035','ridoananda18@gmail.com','Rido Ananda Silalahi',3,9,'$2y$10$/0cla54IUME6EdPe26es3ugfsJG60uPP8WCkHXcmmantG56W73NZy','2012531035_Screenshot_2020-10-28-19-40-34-50.jpg',2,'2020-10-28 12:41:13','2020-10-30 03:55:42'),
(491,'1712531051','anjaswarirahayu6@gmail.com','Ni Made Anjaswari Rahayu',3,6,'$2y$10$K4EzicCf25Cc5JlmCIJr2.Nyk3d1jnNGvKJVnDOVK9VCUb5xIRib.','1712531051_20201028_204817.jpg',2,'2020-10-28 12:41:14','2020-10-30 03:56:11'),
(492,'1712531034','Markisarilarasati99@gmail.com','Ni Kadek Markis Ari Larasati Winanda',3,6,'$2y$10$SMWi.O7LQfAjqpu6EBm4peHL2rV6BQ4GTDEE4upzLdp4d8cpZbD7K','1712531034_73558665-FD03-40D3-8173-4BD9AD11A736.png',2,'2020-10-28 12:47:58','2020-10-30 04:02:08'),
(493,'1912531014','dewiamelia4593@gmail.com','Ni Putu Dewi Amelia Permata Sari',3,8,'$2y$10$8U0EF49aR/dG3AooWYRPQOlLcftmwctCvDYYs8wVzS5Z1DXeTTUbG','1912531014_IMG-20201028-WA0009.jpg',2,'2020-10-28 12:50:47','2020-10-30 04:02:12'),
(494,'2012551030','reyyose1234@gmail.com','Reyyose Giovanni',5,9,'$2y$10$nT7JBXWORWFblPIsE0obLeQ/MteIjFAQuMylrPBi9w6mDx/4igBmC','2012551030_image.jpg',2,'2020-10-28 12:52:10','2020-10-29 06:26:09'),
(495,'1712531013','mariatheovilla@gmail.com','Maria theovilla luksi dehot',3,6,'$2y$10$1yparIYDHmk1RC/Pqc2oD.lAeWujaROLd/7FcWOTOw9tAw2DMU8qW','1712531013_Screenshot_2020-10-28-19-56-27.png',2,'2020-10-28 12:58:36','2020-10-30 04:02:16'),
(496,'2012521021','anggitaoctaverina01@gmail.com','Anggita Octaverina Dellarosa',2,9,'$2y$10$/p5FVqy.kDQKsQiJ1SuDTOVqHPHwZTZ2C/C93H7jPrfrhMvwHrnFW','2012521021_0C1B91EE-8552-4818-B534-F7106A42CAAA.png',2,'2020-10-28 12:59:31','2020-10-30 03:57:30'),
(497,'1712531046','Sriwidyadewi@gmail.com','Ni Luh Putu Sri Widyadewi',3,6,'$2y$10$sBaA59VZRGzcwWP/K2Su/ePRJBrKN6BaSLj6pUA/LZpoiEl0rJC4i','1712531046_DD1086E1-20A2-4A36-9FA2-D6CC887B0024.png',2,'2020-10-28 13:00:48','2020-10-30 04:02:21'),
(498,'2012521060','arimbikoyuki@gmail.com','Dewa Ayu Arimbi Koyuki',2,9,'$2y$10$M4dufXw.AVupguwly2QWx.1Z7jzOyaNGAlx6S9K8SNxHzHk2nzWG.','2012521060_FA6FE34B-FD81-4617-9387-8D0EA8BF21FE.png',2,'2020-10-28 13:02:18','2020-10-30 03:52:00'),
(499,'2012531001','wulansariastuti78@gmail.com','Ni komang wulan sari astuti',3,9,'$2y$10$32L9tipGDcA/iE6f4E.yOO1OQsi7udCPNVaZG2D.k4QcbM8GxF8me','2012531001_D0A71D4C-AA06-4865-8BC0-04D2AF000AB5.png',2,'2020-10-28 13:02:29','2020-10-30 04:04:06'),
(500,'2012521043','broanantp@gmail.com','Komang Bayu Ananta Putra',2,9,'$2y$10$YCU4Ruo988Be0E/T0XgLMezYbvblpQNXABrWzS34SBHf3mxaalOSy','2012521043_CDC6BEC2-7EA1-4FEB-853B-84D1B27D2188.png',2,'2020-10-28 13:07:19','2020-10-30 04:00:25'),
(501,'1712531042','ayudevifebryanti@gmail.com','Ayu Devi Febryanti Putri',3,6,'$2y$10$nYhigDxbon8mFvcB5hf7wOs136DqaATj0tS7M8GKhi0HoxxGh1mU2','1712531042_B6D02FC1-D662-4FEE-9AF2-8A6731807D18.png',2,'2020-10-28 13:15:55','2020-10-30 04:02:56'),
(502,'1712531006','leonyjayakristanti@gmail.com','LEONY JAYA KRISTANTI',3,6,'$2y$10$NTYAGZhlwwzbY5FzA3JJZOA9esso3nL4qY6oSUZ6C.rgm4SE3NT0u','1712531006_30698913-62AF-4EF1-84F3-9FD711232A23.png',2,'2020-10-28 13:16:00','2020-10-30 04:03:02'),
(503,'1712531002','zfauziah199@gmail.com','Fauziah',3,6,'$2y$10$7Oz4LdMHW4s2WxMHo1lUoO6Ae6r66sf8T07GF/fyiXolEkVT1ho3u','1712531002_Screenshot_2020-10-28-20-14-43-07.png',2,'2020-10-28 13:16:30','2020-10-30 04:03:05'),
(504,'1912531026','diahmhdwst@gmail.com','I Gusti Ayu Diah Mahadewi Sastrawan',3,8,'$2y$10$rn5OxoAXQ49TcDUfhErede6osEUX/I9W9.d.4qPpsTpp3uZA4XkbC','1912531026_Screenshot_20201028_214244.jpg',2,'2020-10-28 13:43:00','2020-10-30 04:04:12'),
(505,'1712531007','madejuniasih7@gmail.com','Ni Made Juniasih',3,6,'$2y$10$LK4YAxyVjIn3EslVlKdCWOsTt2nB2s9uC4OTtuKKW.hJWsjKyyWee','1712531007_IMG_20201028_180933.jpg',2,'2020-10-28 13:47:26','2020-10-30 04:04:15'),
(506,'1712531069','githapramii4@gmail.com','Ni Nym Srimurti Githa Prami',3,6,'$2y$10$.tq8I81T06UBEUIp7pJKguE3P0QHB8NpjuVhJ3AK5Qln.sjACaSKq','1712531069_Screenshot_20201028-220017_Chrome.jpg',2,'2020-10-28 13:56:14','2020-10-30 04:04:22'),
(507,'1712531003','nimadeichadwilestari@gmail.com','Ni Made Icha Dwi Lestari',3,6,'$2y$10$YC2pE.O7gRnqDEjM8mLWNO2369prsGIGxustf.CxA/KZLSPACRNpy','1712531003_A7A923B9-3573-4E07-8E23-30F9E86FC547.jpeg',2,'2020-10-28 13:58:16','2020-10-30 04:04:36'),
(508,'1812531039','dayuasri783@yahoo.com','Ida Dayu Asri swastiandari',3,7,'$2y$10$fj6IY15qzGS8L3LAVGNsoexNS4p88Yp5gVOP4NhJmGNlmVDsOO6iS','1812531039_B36EBF5C-F4A2-4D9B-8AFA-50D20AA9360D.png',2,'2020-10-28 14:16:30','2020-10-30 04:05:42'),
(509,'1812531040','indahkresnad@gmail.com','Putu Indah Kresna Dewi',3,7,'$2y$10$yIOCa9WB3qUrVoJ8ff30Yu0/2UoThsFHO1U56MKMyWsYkhecmUC.6','1812531040_Screenshot_2020-10-28-22-16-30-64.png',2,'2020-10-28 14:17:44','2020-10-30 04:05:49'),
(510,'1812531008','diahyukha@gmail.com','Ni Made Diah Pradnyasuari Ananda Yuka',3,7,'$2y$10$KOyHTWZ7i3HOiAKacQNRZ.y1TeYcySB1hvmgRbSG3oPaIPpC9Ebg6','1812531008_DDE7EF4C-D2A3-4C02-806B-00495B214110.png',2,'2020-10-28 14:18:40','2020-10-30 04:05:53'),
(511,'1812531014','Risasupawetri@gmail.com','Ni Luh Putu Risa Supawetri',3,7,'$2y$10$VGr7FEg.TYbM/OH3cswCY.kUdmuGLk5hnygRa7uAJyopYGvfRBEHO','1812531014_FD8C5DD0-5FB5-44D4-BE8B-ECE445C2BF06.png',2,'2020-10-28 14:20:34','2020-10-30 04:05:56'),
(512,'1812531053','bayufischa@gmail.com','I Putu Bayu Fischa Mahaputra Adi Pradhana',3,7,'$2y$10$9z/nrv8luYxkzFiOukker.zAU9kNUdBMfhBwmBteI39hrWY.eBVAS','1812531053_A2026C8E-6719-48D9-B813-C9DB115479CD.png',2,'2020-10-28 14:20:57','2020-10-28 23:40:05'),
(513,'1812531042','iinnapriliani@gmail.com','Yohana apriliani indarsi gonzaga',3,7,'$2y$10$F3mRZl5xN9CG0NOTbHJfD.a4A/sAv/FIHaFxVjQCzpSU6N6ErTXQm','1812531042_Screenshot_20201028_222937.jpg',2,'2020-10-28 14:26:56','2020-10-28 23:40:13'),
(514,'1712531012','suarningsih1476@gmail.com','Ni Luh Gede Suarningsih',3,6,'$2y$10$vK5LyB9OMWa8DluUOhuRUeKXf2t4B/MDumvcpyUXKmvNdhlsRNSQC','1712531012_C29A046B-7137-43D3-B619-0B580ADC8591.png',2,'2020-10-28 14:28:11','2020-10-30 02:50:16'),
(515,'2012521052','nabilasafira048@gmail.com','Nabila Safira',2,9,'$2y$10$50STgoFTLfNBeTLhOrMB4.GdL00WdLMaDsNGcMseAMYBhEsBNchSq','2012521052_184F958D-9B08-4927-91AC-E9B301FFFF32.png',2,'2020-10-28 14:33:17','2020-10-30 03:20:18'),
(516,'1812531054','Pujilestarimrp20@gmail.com','Puji Lestari Marpaung',3,7,'$2y$10$a5VK0oaPOtL9jFBPldj0A.RTZ6HlqGyC3iNjjhofc5UT.382mdVBG','1812531054_Screenshot_2020-10-28-22-33-37-09.png',2,'2020-10-28 14:36:32','2020-10-30 02:50:48'),
(517,'1812531047','maharaniseroja07@gmail.com','Ni Putu Maharani Aswasukma Seroja',3,7,'$2y$10$Ixq/Hi7By1d1E0wju5VzSemT/hipicjfxKbrmsDPRKLvcdcY/AQuK','1812531047_7BF05312-02A1-4BDC-BBE7-2097C9027F29.png',2,'2020-10-28 14:38:03','2020-10-30 02:51:09'),
(518,'1812531004','intanpinatih@gmail.com','Dewa Ayu Agung Intan Pinatih',3,7,'$2y$10$HiK8pAkCysLNAvBqSVcdzupeiV5OiB84yzDObzQ.MzGiz9uKwJPQW','1812531004_Screenshot_2020-10-28-22-40-22-73.png',2,'2020-10-28 14:43:48','2020-10-30 02:51:29'),
(519,'1812531056','bima.tabanan@gmail.com','Bima Kusuma',3,7,'$2y$10$5a8bR5FxqXNDIxki3fNDke0xYMTjXl4hWnC/66QT9R2Ki7NDrU92S','1812531056_62EF8C2B-2DAC-4423-981B-D6142C2C9977.png',2,'2020-10-28 14:47:07','2020-10-30 02:51:58'),
(520,'1812531034','siwiiputrii@gmail.com','Anak Agung Siwi Putri Jayanti',3,7,'$2y$10$Q5z57.RizeMa808uSA1HZutgTT9lmr6aFoeyrgSS8D7Ai2DCPOlJO','1812531034_8166D0BE-98B7-4162-8A7D-15622F8DF3B4.png',2,'2020-10-28 14:48:39','2020-10-30 02:55:31'),
(521,'1712531068','gusadi89@yahoo.com','I Putu Agus Adi Saputra',3,6,'$2y$10$DFy1YbERZwCFVgpuUTk72e0QGleezVNS8.6quh8xwmynWgG22sUNu','1712531068_108D7F30-612D-4786-8167-FE1FD4ED9197.png',2,'2020-10-28 14:52:43','2020-10-30 02:55:34'),
(522,'1712531028','putuperera@gmail.com','I PUTU ADE PERERA',3,6,'$2y$10$I.5OjL/ify9Qdi6//zW0je6AfAoPkA1rMhL.TMSYciO0Vwyw3mUM6','1712531028_6C4E280B-D6E6-4FB3-AB51-C5ECC9E36F73.png',2,'2020-10-28 14:55:29','2020-10-30 02:55:49'),
(523,'1812531049','rahayuswari@gmail.com','Kadek Rahayu Swari Dewi',3,7,'$2y$10$vVFWfGgBQsScoXJzdCQJMOVfTu2FHCn7.2h/2.VEWsRe0qjj3xtdy','1812531049_A3D5877F-47DD-4EBC-B66D-DA22C4FB0C3E.png',2,'2020-10-28 15:01:58','2020-10-30 02:56:09'),
(524,'1812531025','agusswastika900@gmail.com','Agus Swastika',3,7,'$2y$10$Yu3ZJatPf2lIrcCs9CtNwuSwfv5DfmdGBTYWIyL6IueqysteVem.a','1812531025_Screenshot_2020-10-28-23-09-16-928_com.android.chrome.jpg',2,'2020-10-28 15:11:05','2020-10-30 02:56:27'),
(525,'1812531001','Komingwulandari21@gmail.com','Ni komang tri wulandari',3,7,'$2y$10$Vze0lN29.OuK1kRPDeYzZ.w3RLdtP3dQhE/JpbjZoY/5zUPerYT5q','1812531001_Screenshot_20201028-231042_Chrome.jpg',2,'2020-10-28 15:13:37','2020-10-30 02:59:42'),
(526,'1812531058','deviswicahyanii18@gmail.com','devi swicahyani',3,7,'$2y$10$kUPadI3gH3y3R9oLC6sR.OoVdy6Y3A4pEMkiaVxa.t8pGkTqxIdT.','1812531058_343A0B81-7404-4786-A965-E77F36AC29E4.png',2,'2020-10-28 15:14:23','2020-10-30 02:59:45'),
(527,'1812531016','Triagustini126@gmail.con','Ni Komang Tri Agustini',3,7,'$2y$10$psqH3BndmSG2HdHYmKYhkO412LitbeZk0xP9Snxfx/V1jLTIgQNoy','1812531016_029B83D8-B348-4E23-BE5E-5CA9A6456D6A.jpeg',2,'2020-10-28 15:20:27','2020-10-30 02:59:48'),
(528,'1812531015','icaeki2000@gmail.com','Luh Eki Rastiti',3,7,'$2y$10$wAU7b66BaDLHkIIjMjtO0OD4ncoTL1AVGsTf503mOyz2kajX9y2bS','1812531015_Screenshot_2020-10-28-23-53-54-580_com.android.chrome.png',2,'2020-10-28 15:56:13','2020-10-30 03:00:47'),
(529,'1712541051','dewihayati99@yahoo.com','Dewi Pathul Hayati',4,6,'$2y$10$pXDVOdnIgxA2X/s9ANFqxOgqBIkaCwyn7HtJGZAXd9jXwzcbJ484a','1712541051_F2D6BB4C-BB8D-4C47-BED9-DE5D57A1CA30.png',2,'2020-10-28 16:05:13','2020-10-30 03:01:49'),
(530,'1812531044','febbypratiwi23@gmail.com','kadek Mas Febby Pratiwi',3,7,'$2y$10$VzxI/ISTnaPa4yAGSKGGX.KCZe6DzTFBV.NYgfWKOK.l9aazC0bYy','1812531044_1415EB7F-531C-4DD7-9742-B25E43B90C17.jpeg',2,'2020-10-28 16:10:23','2020-10-30 03:03:41'),
(531,'2012551071','putudeviyanii@gmail.com','Ni Putu Deviyani Ananda Pingkan Putri',5,9,'$2y$10$Uc8hZoHIrSEwYOOkMZfYKet4sanA87aLTGbfrlbovE76PSicZqBYG','2012551071_671839AB-7EB9-4A60-A4F4-9C2E7EFDD59A.png',2,'2020-10-28 21:56:59','2020-10-29 02:02:13'),
(532,'1712531041','raisintia123@gmail.com','Pande Rai Sintia Wati',3,6,'$2y$10$qfx7BjLifva3QeK25eCzx.FoQZnBYzhzTizgWmafh9HI9W9Gs4at.','1712531041_5ADFB458-0375-4928-AF88-285A2DDF8970.png',2,'2020-10-28 22:02:43','2020-10-30 03:04:55'),
(533,'1712531054','dayuwidya79@gmail.com','Ida Ayu Gde Widya Iswari Ardi',3,6,'$2y$10$8nG51TFUX3hNTwFaduC1Ru3o3bF6wKnsdkVGV7EQ6dn47Hb/a0kou','1712531054_Screenshot_2020-10-28-20-48-03-845_com.android.chrome.png',2,'2020-10-28 22:08:32','2020-10-30 03:06:29'),
(534,'2012551066','ayureginapradnya@yahoo.com','Anak Agung Ayu Regina Pradnya Paramitha',5,9,'$2y$10$g5bE0MJJzxQGHI7U3dOGRO8Fc0oEP3DEWp/..dCxXxnIH19pu2hGG','2012551066_9DA546BD-00ED-46FB-BB28-B3C5CE0923BE.png',2,'2020-10-28 23:39:06','2020-10-29 02:51:44'),
(535,'1712551044','kadeksutamayasa@outlook.com','Kadek Sutama Yasa',5,6,'$2y$10$KhjPySj4zDgGZwMimbUz2uUKB49WYQFshmbMAHdR2zIVCHnvXaKj6','1712551044_Screenshot_2020-10-29-07-42-15-270_com.android.chrome.jpg',2,'2020-10-28 23:43:29','2020-10-29 02:52:17'),
(536,'1912551007','yunipus2001@gmail.com','Ni Putu Yuni Puspita Sari',5,8,'$2y$10$04PCFR6oYoQeiEqzDWDTPOl78pOp75pT10U7ocgjOx.cV526FCPPi','1912551007_Dokumen 2_4.jpg',2,'2020-10-28 23:47:57','2020-10-29 02:52:57'),
(537,'1812531024','aangrmayunn@gmail.com','Mayun Paramadhyaksa Anak Agung Ngurah',3,7,'$2y$10$A7A9GuSfMeDFuJ.//DpgYe4NoSyMOUDtSPYP40TmidcZRwrYYYb7e','1812531024_E2D6D1A3-926C-478B-92E8-EE3EEDFF18F1.jpeg',2,'2020-10-29 00:04:49','2020-10-30 03:07:32'),
(538,'1812531035','giriasih555@gmail.com','Ni Putu Giri Asih',3,7,'$2y$10$9UI2.o.hor1.DVi6gmPs8eEvK5R2K9uT/qWjGUUnyl3rVVpZbYjVe','1812531035_Screenshot_20201029-081246_Chrome.jpg',2,'2020-10-29 00:24:25','2020-10-30 03:10:34'),
(539,'1712551057','Ratiharistia@gmail.com','Ratih Aristia',5,6,'$2y$10$X7x9vCmSrKwXC8WjVvxURuWwqPPRPaGAfIPLQpy9tnjA75PpYPtwi','1712551057_AB3F42F8-075E-4A78-9692-0F127164DB25.png',2,'2020-10-29 00:35:03','2020-10-29 02:56:33'),
(540,'1712531022','sriyantimahadewi019@gmail.com','Ni Kadek Sriyanti Maha Dewi',3,6,'$2y$10$ZVN4LDFtYEa5kglCasHC1.FkHfmTSRwJn5cIKflz81q3K3FB.nF26','1712531022_Screenshot_2020-10-29-09-01-44-03.png',2,'2020-10-29 00:56:15','2020-10-30 03:10:44'),
(541,'2012551073','Agungaristhad@gmail.com','I Gusti Ayu Agung Aristha Dewi',5,9,'$2y$10$Pda.CIeh1h68WYlUsqG86e3Nwm9..KS/vQkSFwM0L14kAHVs1og9u','2012551073_C36AEC3A-7CEF-4152-BB94-48134CDB4264.png',2,'2020-10-29 00:58:21','2020-10-29 02:58:33'),
(542,'2012551021','paskaliaevans10@gmail.com','Paskalia Evans Carolina Pio',5,9,'$2y$10$dv7BU938pT2lf7mYZk4P7eXwdUyTo.PAnwWpUU0PQpCkuGolujCpe','2012551021_D416535F-D232-4496-91DF-0557FF4673F5.png',2,'2020-10-29 00:59:27','2020-10-29 03:00:40'),
(543,'2012551057','ardelladwipramesti@gmail.com','Ni Made Ardella Dwi Pramesti',5,9,'$2y$10$aMU0H6jEN4amcL1Z74pyWuHe5PIecQkKJtAbTiVU4i9t.2Ya0BPIK','2012551057_90579D7D-7F97-420B-AF7D-AE09D88E1996.png',2,'2020-10-29 01:04:17','2020-10-29 03:01:32'),
(544,'2012551050','ayupratiwifebriana@gmail.com','Putu Ayu Pratiwi Febriana',5,9,'$2y$10$QQOb3mH0A.XNV2wYlkvxGOE7YvkUFbaIZoq9Gwy3APGHupDFTObCq','2012551050_Screenshot_2020-10-29-09-08-37-267_com.android.chrome.png',2,'2020-10-29 01:10:02','2020-10-29 03:03:23'),
(545,'1912551016','cantikatriadnyani@gmail.com','Cantika Triadnyani',5,8,'$2y$10$CIC.HdlPJ7tABwq2/QqGJebCSJ2YfDVk/Z66gbAC9eqeScTZzRuku','1912551016_Screenshot_20201029-091342_Chrome.jpg',2,'2020-10-29 01:14:55','2020-10-29 02:54:30'),
(546,'1912551059','fannysafira31@gmail.com','Fanny Safira',5,8,'$2y$10$y0uD9QZXYQVh13Pl31zvgOHnZfHh9LLTjy4XKdb5qF9XxVWMyEIfq','1912551059_CE34A4D3-3CBF-4EB6-A562-CFA018FECCBE.png',2,'2020-10-29 01:18:24','2020-10-29 02:55:33'),
(547,'2012551011','ayuwoelandari112@gmail.com','Ni Nyoman Diah Ayu Wulandari',5,9,'$2y$10$NCJe0sq/adJ8B4Ia4VH/k.Go7kyJyH/Zid3cqAbm5ScGOKOxKYEWW','2012551011_934FA7A4-39F2-4521-8AB0-BBADF0163E11.png',2,'2020-10-29 01:18:55','2020-10-29 02:59:42'),
(548,'1712531039','Widyaardani02@gmail.com','Ni Luh Widya Ardani',3,6,'$2y$10$ZoNaQwjDW65JCJLClwleOu3F7nmwWiAWtqZZAaQLsLmtD/pXQisIe','1712531039_6C5B8E21-CB10-4F9D-8BAF-2BA6892A1EAC.png',2,'2020-10-29 01:22:28','2020-10-30 03:17:34'),
(549,'2012551076','larasvenezia@gmail.com','Ni Kadek Laras Venezia',5,9,'$2y$10$CeF3ZfjQMSTpjhXzd/SbgecXD0bE22H1yobGUJEysn8GY3LLyJgoe','2012551076_Screenshot_20201029-092508_Chrome.jpg',2,'2020-10-29 01:26:59','2020-10-29 03:02:45'),
(550,'1812551012','fsiskaolivia169@gmail.com','Fransiska Olivia Rum',5,7,'$2y$10$dW/AHIR/1BbtpoYrtqxcBuM9oJYTZNukpSfk3YITt42NbunXvuSva','1812551012_1603935094082.png',2,'2020-10-29 01:32:09','2020-10-29 03:06:08'),
(551,'2012551044','k.juniantari8@gmail.com','Ni Kadek Juniantari',5,9,'$2y$10$5W.7eZPAAIE6IPis.ZH54uV8vebnEO2ktz.XqdBEy7xek1rW6Kv/6','2012551044_WhatsApp Image 2020-10-29 at 10.01.20.jpeg',2,'2020-10-29 02:02:51','2020-10-29 03:14:56'),
(552,'2012551001','desakmanikk@gmail.com','Desak Gede Manik Kusuma Yanthi',5,9,'$2y$10$wdxyTX8ESsswX70nGxjg3uEJ/kDIVc50dA3sfMES0rboCaXNDCAJe','2012551001_2012551001_Desak Gede Manik Kusuma Yanthi.jpg',2,'2020-10-29 02:10:06','2020-10-29 04:16:33'),
(553,'2012551016','niayu201@gmail.com','Maria Eugenie Luh Ayu Nathania',5,9,'$2y$10$q9wCkAZr3HI7VFAwY94PNOuu01kc0ZhR0WgnrdpY0YkOGIW.xwRri','2012551016_0F4FCFEA-53C8-423E-BF6C-EF0FBE2C9895.png',2,'2020-10-29 02:10:48','2020-10-29 04:17:18'),
(554,'1812551015','candraariperatiwi@gmail.com','Ni Made Candra Ari Peratiwi',5,7,'$2y$10$ZVxaxgQdyaVbv7E0PonI8u35iC0DB7yxGfYc36TNisNcSGf8EGxVK','1812551015_Screenshot_2020-10-29-10-10-07-042_com.android.chrome.jpg',2,'2020-10-29 02:12:09','2020-10-29 04:18:35'),
(555,'2012551003','jodyswantara17@gmail.com','I Gede Made Jody Swantara',5,9,'$2y$10$tr6CxQDSGiq9hKJoVY6Rw.5U1/zcSrzofi2it1J9Q8VQJ3PLU.PRi','2012551003_Screenshot_2020-10-29-10-14-49-33.jpg',2,'2020-10-29 02:18:15','2020-10-29 04:19:39'),
(556,'2012551027','jemimahanada1001@gmail.com','Stephanie Made Jemima Hanada',5,9,'$2y$10$wd0As82HsLY48pypJN2aEudjsNGODdy4l0eJvBaippsI2sSTZhsSK','2012551027_Screenshot (618).png',2,'2020-10-29 02:18:33','2020-10-29 03:11:01'),
(557,'1812551062','deviristyanaa@gmail.com','deviristyana',5,7,'$2y$10$Pg0d70U/KAAFZthun/wDXOf7PKmiDEfUdc3IH.evzl4ZFITtyh6gi','1812551062_D44E7570-CFDE-434C-BF6C-D8FF07A8FBBE.png',2,'2020-10-29 02:23:04','2020-10-29 03:08:29'),
(558,'1812551005','maria.priscillia.georgenia15@gmail.com','Maria Priscillia Georgenia',5,7,'$2y$10$QbInNLlyzIRE8jQq.8iSyuiI1fSqdElOQ21E2/OX/.wtNR89EfiDy','1812551005_20201029_102638_0000.png',2,'2020-10-29 02:28:42','2020-10-29 03:07:10'),
(559,'2012551061','tarissabr@gmail.com','Tarissa Brilliantanti',5,9,'$2y$10$6SAQiNTu.pdWjNXpGx4z3.5oq5eY8tP8Q8VUnrw8eefc5L5PZ7noi','2012551061_8595525D-E9AA-41B7-B311-B741EA451505.png',2,'2020-10-29 02:30:24','2020-10-29 03:10:07'),
(560,'1812551017','santiadewi028@gmail.com','Ni Luh Santia Dewi',5,7,'$2b$10$jIAApieKNPle4tj0aG74/.9/wNsusG7Lnp0UtOwkbdmT26pa81nKq','1812551017_Screenshot_2020-10-29-10-29-59-51.png',2,'2020-10-29 02:33:06','2020-10-29 03:13:31'),
(561,'2012551058','anderanimnk2337@gmail.com','Margaretha Anderani Manuk',5,9,'$2y$10$ACQXX6Oy4kdizuMKejhDQuXuHqMDNLrjf3aEWUimVX72vzdQ0x/Xe','2012551058_Screenshot_2020-10-29-10-28-40-78.jpg',2,'2020-10-29 02:33:07','2020-10-29 04:15:37'),
(562,'2012551051','dewihasanahml@gmail.com','Hasanah Mulia Dewi',5,9,'$2y$10$4589Ufo8fxg7RuiSzNjVOeqCfYpHVE3ydCcVVaoVPFUV24GJh1L/G','2012551051_Screenshot_20201029-103132_Samsung Internet.jpg',2,'2020-10-29 02:33:16','2020-10-29 04:20:47'),
(563,'2012551047','Nimadesukmasari@gmail.com','Ni Made Sukmasari',5,9,'$2y$10$UufKACQhVrCefP590Cff8.N10MisxpZQFr6yQetgw8fIEb3BnaXBi','2012551047_Screenshot_2020-10-29-10-30-41-936_com.android.chrome.jpg',2,'2020-10-29 02:33:49','2020-10-29 04:21:41'),
(564,'2012551042','Jamesjordy32@gmail.com','Jordy James Maki',5,9,'$2y$10$6zTu5aMW9x6lQkNkRQ3Zi.Uj6ri51fMR32IU5WDPI26lWsXfCHM6W','2012551042_AF1D6CC8-D752-4052-94D0-8C51242E1B2D.png',2,'2020-10-29 02:37:36','2020-10-29 04:24:45'),
(565,'2012551018','lutfiiikhsan14@gmail.com','Lutfiana Iksan',5,9,'$2y$10$LMfZv/A0.fmf53x6xyY7/OrcUfxONZ4mqDAN1D.IXLAWLXvRWXfG.','2012551018_D923604E-94B8-456F-80BE-EA9276063346.png',2,'2020-10-29 02:38:04','2020-10-29 04:25:59'),
(566,'1812551031','della.natalia2112@gmail.com','Della natalia',5,7,'$2y$10$ENcY4RFYyxNENRzk.8bAzeIM5t9KvCVsp1/c3u3bEMmCl.ZiIigrC','1812551031_Screenshot_20201029-094437_Chrome.jpg',2,'2020-10-29 02:47:08','2020-10-29 04:30:13'),
(567,'2012551077','wayanarnita9@gmail.com','Ni Wayan Arnita',5,9,'$2y$10$i29ZbAfww7TOX2DodzpF9uG3gz.ptvKSuHIBwmCWEXPO6qWBc28rS','2012551077_WhatsApp Image 2020-10-29 at 10.48.16.jpeg',2,'2020-10-29 02:49:44','2020-10-29 04:31:58'),
(568,'1812551004','ppradnyap00@gmail.com','Putu Pradnya Paramita',5,7,'$2y$10$WhpviLWIDpF6d9edVUxA1unrWWNayNKvuuEcf9TxcypulRrRuoJVm','1812551004_Screenshot_2020-10-29-10-49-14-747_com.android.chrome.jpg',2,'2020-10-29 02:51:39','2020-10-29 04:30:56'),
(569,'2012541046','Putunovia3@gmail.com','Putu Novia Purnamayanti',4,9,'$2y$10$C3IWEmneJe9HXs.4eLUKJOPm4Lo/QBvv4w25YhMv.LKs4CVtj1kna','2012541046_IMG_4360.jpg',2,'2020-10-29 02:56:04','2020-10-30 03:27:00'),
(570,'1812551047','calistaracheln@gmail.com','Calista Rachel',5,7,'$2y$10$RfXhP3XqK2Y2u.123QtKLO5rZ4YKtSRLEpUzl2BkwKu6rPniXs5qG','1812551047_4444D217-885C-44F5-A227-B28A74175B8C.png',2,'2020-10-29 02:56:35','2020-10-29 04:34:04'),
(571,'1712511043','Nadyatrishaa@gmail.com','Nadya Trisha Maya Aritonang',1,6,'$2y$10$8Iq9ffOyleceJS9aso823e1Qo9Y3OOwXvMoF1MdPbwkqFyF3IZFEu','1712511043_Screenshot_20201029-095657_Chrome.jpg',2,'2020-10-29 03:00:07','2020-10-30 03:29:51'),
(572,'2012541039','patski889911@gmail.com','Patra Manurung',4,9,'$2y$10$vS8sGsSZT.I5/dqyB7Qgd.6PHC4LFYTXLL.mX6WeFa/i2GSVbb0c.','2012541039_Screenshot_20201029-110037.jpg',2,'2020-10-29 03:01:29','2020-10-30 03:30:43'),
(573,'1812551001','cemerlang.santiyuda@gmail.com','Putu Cemerlang Santiyuda',5,7,'$2y$10$4.Xsho9r4LkWhTJ/3a.QUuvPOEBUegss35hWok03LTjJkaXe6WeaW','1812551001_3FC227EB-99A4-48B0-88BF-AD8BD9499AFD.png',2,'2020-10-29 03:06:18','2020-10-29 04:33:02'),
(574,'1812551045','adam.sagala123@gmail.com','adam galileo',5,7,'$2y$10$0.FpmUl6m1BHKaklqmRYO.tSa33U/KMdceTA4HBZb8955Uuwx1x5i','1812551045_2216854F-22C6-433B-AC46-83412B803C84.png',2,'2020-10-29 03:10:15','2020-10-29 04:34:36'),
(575,'1812551051','ayuirakarina@gmail.com','Kadek Ayu Ira Karina Cahya Dewi',5,7,'$2y$10$adWq3T5sqPhy..I4P5j9IuWgCpYE5lfrgvIQr.nFXTPlCsizx9CQa','1812551051_D8C24DF0-FD71-4A21-A631-8EAFDD431468.png',2,'2020-10-29 03:10:37','2020-10-29 04:38:21'),
(576,'Ni Kadek May Danawati','maydaku541@gmail.com','NI KADEK MAY DANAWATI',5,9,'$2y$10$bsm5uyCqEIbrVoRyn16mcObWN4/Wk2JbZCYDuKLSRTRWiNTU3Heke','Ni Kadek May Danawati_Screenshot_20201029-111559.png',2,'2020-10-29 03:11:10','2020-10-29 04:37:08'),
(577,'2012551041','widyawwahyuni01@gmail.com','widya wahyuni',5,9,'$2y$10$7J6wjGBgAHEE7.dbzw4DGOXlXpxyaokCPKtqLMDKzpCLoGsaLOSEG','2012551041_66C7F2F9-82D7-4639-A6B7-8E54144C5D7A.png',2,'2020-10-29 03:12:18','2020-10-29 04:47:27'),
(578,'2012551079','alitrahma03@gmail.com','Ni Komang Alit Rahma Kharisma',5,9,'$2y$10$hhk8HIiCSZkgCTOE05IGde78E7GEcyowNoy2fCN9QVh5PgRnyWXo6','2012551079_D46D8645-D29F-421D-B17F-EAB40E9CEDAF.jpeg',2,'2020-10-29 03:12:43','2020-10-29 04:49:15'),
(579,'2012551004','maydanawati541@gmail.com','NI KADEK MAY DANAWATI',5,9,'$2y$10$y4EaVjZwGJkj4FABz5hoiu4PrfpSUFlpk8uojaXrJ.qug05T4w.u2','2012551004_Screenshot_20201029-111559.png',2,'2020-10-29 03:14:37','2020-10-29 04:48:35'),
(580,'1812551044','Bgsbskhara@gmail.com','Ida Bagus Aditya Baskhara',5,7,'$2y$10$myBgBHVSJT/8iCo4Z9Fnl.fSI0UIkKg1NPdjkZpWEzsLDf8eOBBEq','1812551044_1E487037-7639-4A38-B406-174DB41B3F81.png',2,'2020-10-29 03:17:37','2020-10-29 04:50:10'),
(581,'2012551059','labillaaa@gmail.com','La Billa Kabiirath Gusti',5,9,'$2y$10$OZlugfQiBqLxBTVYVLcDxO4kxwzenZ9Le.1rn2ajpSatOf0okBsti','2012551059_IMG-20201029-WA0009.jpg',2,'2020-10-29 03:17:56','2020-10-29 04:51:45'),
(582,'1812551049','Ratrigpramitha@gmail.com','Ni Kadek Ratri Pramitha',5,7,'$2y$10$Jz161ssowiEIeQC3eyiGmOkWEAFyHDDyDFvd6Yqw1eA.7cgOMLEwW','1812551049_Screenshot_20201029-111924_Chrome.jpg',2,'2020-10-29 03:21:39','2020-10-29 04:52:25'),
(583,'2012551012','desakbulan8@gmail.com','Desak Ayu Bulan Trisna Aprilia Putri',5,9,'$2y$10$D5iEC11UjzpbKAOP7PV5OuQajERTkyWL2/xRzGxplfWPZEvVn56Ca','2012551012_Screenshot_20201029_111844.jpg',2,'2020-10-29 03:23:24','2020-10-29 04:53:14'),
(584,'1712551003','ayuagungdiah@gmail.com','I Gusti Ayu Agung Diah Utami Dewi',5,6,'$2y$10$18rhQSOeqh80cxLYOFEM8.18TUYbn/ymsycsUfsFeB3bYjKuMJbYm','1712551003_Screenshot_2020-10-29-11-31-18-131_com.android.chrome.jpg',2,'2020-10-29 03:32:27','2020-10-29 04:54:03'),
(586,'1912551013','desthinpuspita1512@gmail.com','Putu Desthin Puspitayanti',5,8,'$2y$10$3.3YhuSw1/xEZD24MMx6kuVmFlUevu5HTYjB2UgoQBP16sivLxUQK','1912551013_Screenshot_20201029-113454_Chrome.jpg',2,'2020-10-29 03:35:48','2020-10-29 04:56:14'),
(587,'1712551053','wnpsws@gmail.com','Ni Putu Sri Widyastini Susila',5,6,'$2y$10$GF5KyrfefDGcOLLsumCs.uQ3Q8axlURy7/xwjRaEj72uivkA93YM2','1712551053_20201029_113834.jpg',2,'2020-10-29 03:39:17','2020-10-29 04:56:58'),
(588,'1712551036','diandamayreena99@gmail.com','Vinsensa Dianda Mayreena',5,6,'$2y$10$qRx9tBgvxwfwAxq7LwU2m.vxdHXP27.F5rwEe3MMalvJWz5a5vfP.','1712551036_Screenshot_2020-10-29-11-38-53-919_com.android.chrome.jpg',2,'2020-10-29 03:39:49','2020-10-29 04:58:06'),
(589,'1712551054','putribellautami@gmail.com','Bella Putri Utami',5,6,'$2y$10$kFp00xfTzFldHaKTq0RqQecqT9Hm5jPCHf6zGrmXfBJZ6uTF3C0y6','1712551054_C5BA7FC0-5C07-4669-B0E8-6807391EEC64.png',2,'2020-10-29 03:43:03','2020-10-29 04:58:49'),
(590,'2012551010','lindaoktariyanti21@gmail.com','Ni Ketut Linda Oktari Yanti',5,9,'$2y$10$QndrJxCJpLUFSMOe6EkMkeoLzR7eOH6LsaYN9zdRFXmSXA0T6n8/O','2012551010_foto imissu.jpg',2,'2020-10-29 03:47:14','2020-10-29 04:59:40'),
(591,'2012521026','angeliquecamelita@gmail.com','Angelique Camelita Korassa Sonbai',2,9,'$2y$10$M098JQ6qg0w77Pg2mBYvPe5y5ZMf5vbw0P8lYW90g0MCUJYTFyPsa','2012521026_Screen Shot 2020-10-29 at 11.44.50.png',2,'2020-10-29 03:47:21','2020-10-30 03:22:10'),
(592,'2012551067','idaayumithau@gmail.com','Ida Ayu Mitha Udiyani',5,9,'$2y$10$gvefqV01bNj1n.Hsha1Q0edpFlNVmKbBKXYAj6DR64LyuXXS2VqnS','2012551067_Screenshot_2020-10-29-11-47-42-02.png',2,'2020-10-29 03:48:20','2020-10-29 05:00:40'),
(593,'1712551035','dayuocan0802@gmail.com','Ida Ayu Dyah Febriani',5,6,'$2y$10$UK6fc3DPnxpDHyzoswCrnOefnPRe/2PFsrDUpe5o/AEVQHNQs5I/a','1712551035_FE75F026-3695-4B02-BF8A-D416BAFCFA34.png',2,'2020-10-29 03:54:51','2020-10-29 05:01:24'),
(594,'1712531038','dianhaniawati@yahoo.com','Dian Haniawati',3,6,'$2y$10$vv9STp/lewV07wKEiHcTA.EE.e50QoHggL8PabX1c4vMBYWRtWN6i','1712531038_Screenshot_20201029-110058_Samsung Internet.jpg',2,'2020-10-29 04:01:13','2020-10-30 03:32:20'),
(595,'1712551040','livia.kencana99@gmail.com','A.A. Putu Livia Kencana Putri',5,6,'$2y$10$mNoAPBC48tqar72GpEUjyONT56fd/zZcDr68BVNDG2dqEQVzFFUGq','1712551040_FB7E1598-9233-4045-95E7-EB2758EEA433.png',2,'2020-10-29 04:02:08','2020-10-29 05:03:00'),
(596,'2012551031','raphaelalvin78@gmail.com','Raphael Alvin',5,9,'$2y$10$HX9MIkU/X9VRy9a0DrI28.Y7Qe6ItlWKowqx10h82IVhrT0Hj67Rm','2012551031_Screenshot_20201029-110319_Chrome.jpg',2,'2020-10-29 04:04:55','2020-10-29 05:03:39'),
(597,'1912551015','itsveraa22@gmail.com','Vera',5,8,'$2y$10$lzsFh4zK4hJ6RvJlFDyG2eX.4McXkmR.dog8HvgzSqGpymZBINKQC','1912551015_767045C4-1DD7-4C0D-8777-834D3C51651C.png',2,'2020-10-29 04:07:00','2020-10-29 05:05:43'),
(598,'1712551001','maharaniega8@gmail.com','ega maharani',5,6,'$2y$10$hLXnLBUKNBMm/64a2tcQvuo33ZKmYe5qVoup.pSM8BexbKhV/kbq2','1712551001_D6F48E22-6E60-4B79-9CD8-68B0C7B442A4.png',2,'2020-10-29 04:08:16','2020-10-29 05:07:15'),
(599,'1912551032','febrimkz@gmail.com','Mohamad Febriansyah Firdaus',5,8,'$2y$10$SoOS5qVyKqmfkdwFP88epOw0u2sXBW55G4nySxYPEQBkiX/FeSd1O','1912551032_Screenshot_2020-10-29-11-11-01-653_com.android.chrome.jpg',2,'2020-10-29 04:11:46','2020-10-29 05:10:50'),
(600,'2012551005','rochmatulfarida@gmail.com','Rochmatul Farida',5,9,'$2y$10$iq7dB78PBWVWN0EEI7uufehd2admUT3VNrbvVJ9tQX4CAbfEXiryW','2012551005_Screenshot_20201029-121150_Samsung Internet.jpg',2,'2020-10-29 04:12:29','2020-10-29 05:11:34'),
(601,'1912551054','ryanpurba2210@gmail.com','Ryan Nathanael Purba',5,8,'$2y$10$CjESN2JZce8q3WLlg13s/.U.cax6oj4SoVp5sg7uDyjO7CH1pfWVK','1912551054_Screenshot_20201029-111621_Chrome.jpg',2,'2020-10-29 04:17:01','2020-10-29 05:12:17'),
(602,'1912551058','coctaviani86@gmail.com','cindy octaviani',5,8,'$2y$10$iw.OS6D0NJipZlBJ5G4aqu8e4rA0N5/qQHj98nVF0fQRxmp/S2gvO','1912551058_AF45EE68-1BA9-472D-895D-3EFF75052AC6.png',2,'2020-10-29 04:20:22','2020-10-29 05:13:13'),
(603,'1912551001','patriciathalia243@gmail.com','Thalia Patricia Nugroho Setiawan',5,8,'$2y$10$Hv3BdL3Uw8yphl2JuDf/MesBP8FNvw3wyxDm9Qh4aS4l7mIV9ZkM2','1912551001_Screenshot_20201029_121931.jpg',2,'2020-10-29 04:21:42','2020-10-29 05:14:11'),
(604,'1912551019','sintakharisma38@gmail.com','Putu Sinta Kharisma Devi',5,8,'$2y$10$cSK5D2inGKQC8YQB0ARjaetGZb2sfI5myQtSXmvUDQbYw5yTtabEK','1912551019_02AA2E3C-3F1B-4DF4-9119-36F523B67C50.png',2,'2020-10-29 04:24:23','2020-10-29 05:14:44'),
(605,'1812551050','Kumabramasta@gmail.com','I Ketut Bayu Raditya Bramasta',5,7,'$2y$10$/m6NoBIslI2eJGzT8c/KeeBOvMgp7odsZ9uHID9PE58i/IPCxTL0i','1812551050_Screenshot_2020-10-29-12-27-18-469_com.android.chrome.png',2,'2020-10-29 04:27:52','2020-10-29 05:18:51'),
(606,'1912551063','berliann.412@gmail.com','Berlian Ramadhana',5,8,'$2y$10$KDIBe4Tz/ZbsX2zTEZttHe4IrC9vm8EoZgES3jXLhrUefmJnJyfi2','1912551063_71E5AE31-0483-4799-84E2-B8C8EEEDA43A.png',2,'2020-10-29 04:28:28','2020-10-29 05:19:35'),
(607,'1912551010','putukrisniaa@gmail.com','Krisnia adnya',5,8,'$2y$10$m2deHm0FCtRU2pqt.fgCAucFGzh6kUCp4aRuiU3mTaZkHiDuf3nf6','1912551010_58CCDE3C-D834-40EC-9532-803E3CDA3D07.png',2,'2020-10-29 04:28:50','2020-10-29 05:20:41'),
(608,'2012551064','darrenpramudya63@gmail.com','Darren Pramudya',5,9,'$2y$10$DeNGMmI5I8DfpduMmxFQ4O7YStsj/trEJmudiPVy1BPCB7IaB17k.','2012551064_Screenshot (76).png',2,'2020-10-29 04:28:53','2020-10-29 05:22:50'),
(609,'1912551014','Agungutamisawitri@gmail.com','Dewa Ayu Agung Utami Sawitri',5,8,'$2y$10$ufvn4wAPnNcxKwPEAA7rReaOBW3iJuTThf2ac2XlzEHrxMFyKHAEO','1912551014_Screenshot_20201029-122452_Chrome.jpg',2,'2020-10-29 04:30:08','2020-10-29 05:23:40'),
(610,'2012551026','ratnarizqi01@gmail.com','Ratna Rizqi Octaviana',5,9,'$2y$10$8HSSFqNYXJYkYB7nsPKsvONL0Je6WhsKBZ/09U4EGQWaLFJ.VA8oO','2012551026_Screenshot_2020-10-29-12-48-13-428_com.android.browser.jpg',2,'2020-10-29 04:48:53','2020-10-29 05:25:56'),
(611,'1912551005','nkartini437@gmail.com','Ni Made Kartini',5,8,'$2y$10$qVDvIp9FTtt99EFCKyc0wO68G3qRujrRFL59oVJ6ak9XDnyfY.9I2','1912551005_E91D34B8-97C6-4B5F-B45F-BF8075416DC3.png',2,'2020-10-29 04:53:26','2020-10-29 05:28:03'),
(612,'1912551045','baiqtinaa@gmail.com','Baiq Tina',5,8,'$2y$10$MNpS0DufdSfDkv8L.D1Dlu/D8yZUF3jse9vPDmcUUdaLqlbaBOoXi','1912551045_Screenshot_2020-10-29-12-53-49-91.png',2,'2020-10-29 04:55:16','2020-10-29 05:55:32'),
(613,'1912551050','joanalexandras@gmail.com','Joan Alexandra Jethrovany Palandi',5,8,'$2y$10$9bMXYrUQ8bTzoJg3haT3WuuwHyyJ9eQctxVPAjqD8CJquFg7SDGeq','1912551050_EFDD7E86-6377-4F92-B86E-3F3EE1B88652.png',2,'2020-10-29 04:55:21','2020-10-29 06:03:32'),
(614,'2012551013','apriliap706@gmail.com','Ni Kadek Aprilia Putri',5,9,'$2y$10$srkfl/N2xDMibg7x9aEcoe2h.ao4N6xNtqaJaQouA.O6uybgZZPeu','2012551013_Screenshot_2020-10-29-13-00-01-43.png',2,'2020-10-29 05:00:29','2020-10-29 06:04:24'),
(615,'1912551012','indahnabilaa998@gmail.com','Indah Nur Nabila',5,8,'$2y$10$ijYivv3daTI81zo3ArMVxOoUedU9.gzLI1w0IMtxn5Gilg9/aO5i2','1912551012_Screenshot_2020-10-29-12-52-56-70.jpg',2,'2020-10-29 05:00:30','2020-10-29 06:05:00'),
(616,'2012551065','dishaadeanta@gmail.com','Anjelige Disha Adeanta Pongliku',5,9,'$2y$10$PC4P7eJflRg2PDPI65ki7O1Vl8IAFRB8weiHfnDYVLRq1.eoehH1G','2012551065_Screenshot_2020-10-29-13-01-53.png',2,'2020-10-29 05:03:36','2020-10-29 06:05:48'),
(617,'1912551056','luhpramudita123@gmail.com','Galuh Pramudita',5,8,'$2y$10$KfHpRo5Vpr9dLKyC36D9KOQ6404wu6.joVQ.FwRm5GApxwy5kx0sW','1912551056_Screenshot_20201029-120421_Samsung Internet.jpg',2,'2020-10-29 05:04:47','2020-10-29 06:06:46'),
(618,'1912551004','Ikacahyani059@gmail.com','Ni Luh Putu Ika Putri Cahyani',5,8,'$2y$10$4BW0M7Qk8bsaNafzLNleCOfHgPjjYUaH.CF/zGkOjCGNdEXXl5FYe','1912551004_Screenshot_20201029-130735_Chrome.jpg',2,'2020-10-29 05:09:45','2020-10-29 06:07:31'),
(619,'1912551021','putugita449@gmail.com','Putu Gita Lestari',5,8,'$2y$10$LuSqrA6yrUaOgh8cfRA4N.lAg7sOvlj72FR0tPvYHcHYCDcuywCsG','1912551021_Screenshot_2020-10-29-12-58-20-37.jpg',2,'2020-10-29 05:13:55','2020-10-29 06:08:22'),
(620,'1912551042','anggara.oktava23@gmail.com','Oktava Anggara',5,8,'$2y$10$rm.IvpboC/fOblWTXGA3ge6UGsNvHXqpKzkyC/wxyxA2UByOxq3Yi','1912551042_Screenshot_2020-10-29-13-17-06-997_com.android.chrome.jpg',2,'2020-10-29 05:17:46','2020-10-29 06:09:50'),
(621,'1912551037','nikeputridwiyani@gmail.con','Nike Putri',5,8,'$2y$10$TCjvfKoN0QL5ok6PGp/cDeONQ50jU2R.haC4Cf/Ocw7hDvJHY0r7S','1912551037_5C93503F-2076-43E0-A012-EBC67CEFD04C.png',2,'2020-10-29 05:17:58','2020-10-29 06:10:40'),
(622,'1912551065','dalempradjumena@gmail.com','Anak Agung Gde Dalem Pradjumena',5,8,'$2y$10$g8OZnGSiAZ3h/h2UM1/haORcP0DwqG5aATo6v9bgU/KX3ZcWskINy','1912551065_Screenshot_20201029-132034_Samsung Internet.jpg',2,'2020-10-29 05:21:07','2020-10-29 06:11:31'),
(623,'1712531008','yulianadewi158@gmail.com','Ni Kadek Yuliana Dewi',3,6,'$2y$10$bJ1LovJA56xU/WUHB.XcjOcXzRZTwGrESOuMAfb6XkU073dYqtfrC','1712531008_Screenshot_2020-10-29-13-24-40-02.png',2,'2020-10-29 05:28:53','2020-10-30 03:32:23'),
(624,'1812551022','putriidindak22@gmail.com','Putri Dinda Kartika',5,7,'$2y$10$US9F9DtAxDZJVwQcFbeMs.rLBeqr2cR1j7uVAVz9KW9b7jpZQC3/W','1812551022_Screenshot_2020-10-29-10-26-40-957_com.android.chrome-min.jpg',2,'2020-10-29 05:29:02','2020-10-29 05:57:54'),
(625,'1912551061','indahayundari0@gmail.com','Ni Putu Indah Ayundari Suksmaningsih',5,8,'$2y$10$xJcWrZBlP8JxT7PyOUxfLOd.0TshBtNOroJ9eYibWckwtwlOxAZ2q','1912551061_8DAB9D9C-2ED4-4B47-AFF4-C85232D347AD.png',2,'2020-10-29 05:34:30','2020-10-29 06:12:36'),
(626,'1912551034','dimasbagusaditya666@gmail.com','Komang Gede Dimas Bagus Aditya',5,8,'$2y$10$Ni2h656TSoI6ovCnqQugKOR68fO6kfl8gybCR4F7rV6NBeMCOmmdi','1912551034_CFFAA9F3-E667-4576-9454-BDB39F38C085.png',2,'2020-10-29 05:34:32','2020-10-29 06:13:20'),
(627,'1912551024','mirawangge@gmail.com','Katarina Miratriana Devi Gayatri Wangge',5,8,'$2y$10$mu1R32n8mLTsXHcpiAlYjeaAU0ejXrwG6Suyq8Hh97hZ6qBdtzlWi','1912551024_touchmaster_1603950071858.jpeg',2,'2020-10-29 05:42:25','2020-10-29 06:14:24'),
(628,'2012551009','windiardana@gmail.com','I Gusti Ayu Windi Putri Ardana',5,9,'$2y$10$mWgs12x2J0.o9HsWEblxWuoRPqGqNwgtZl.OeWbB0ikTuI3ncr78C','2012551009_ss akun imissu.jpg',2,'2020-10-29 05:58:50','2020-10-29 06:15:21'),
(629,'1912551038','djason20.mrs@gmail.com','Dominique Leonardo Jason',5,8,'$2y$10$eQVO.1pavh6mjhqmrP3AUOXaTKRNtYJ6dXkD7jPQkCU88et9VMHqm','1912551038_Screenshot_20201029-135934.jpg',2,'2020-10-29 06:00:10','2020-10-29 06:15:59'),
(630,'1912551060','intan.nathasa100@gmail.com','intan nathasa',5,8,'$2y$10$gYUyZ28IXRLp6z6HmIOp1eUkunU69p8KMU1QT4TRw8mjOc6jxCtXa','1912551060_DE213C23-F67F-4A67-90D5-AB87309C7623.png',2,'2020-10-29 06:01:26','2020-10-29 06:16:37'),
(631,'1712551004','niluhariwidayani@gmail.com','Ni Luh Ari Widayani',5,6,'$2y$10$LUq92cstOIqMsADAcFUOsO1dIjs8hPtvo/kQlmG.2lI7NK2/WUMl.','1712551004_Screenshot_2020-10-29-14-01-22-92.png',2,'2020-10-29 06:02:16','2020-10-29 06:05:08'),
(632,'1912551026','richard.raditiyo@gmail.com','Richard Solomon',5,8,'$2y$10$Ep032eBgYzrP2AjSAMN5o.YKWfPEL.5zArXI7HeprVOa.oym481X2','1912551026_Screenshot_20201029-140748.png',2,'2020-10-29 06:08:51','2020-10-29 06:18:45'),
(633,'2012551072','argitacandra45@gmail.com','Dewa Ayu Ari Argita Candra',5,9,'$2y$10$VuvzbZr4fo/jw/z16ti.3eR.Dih8Tq1KbbsJbPJe35AtXkyhVQ5S.','2012551072_EC36609B-2374-4C58-82F7-F5A43273C52E.png',2,'2020-10-29 06:12:08','2020-10-29 06:19:56'),
(634,'2012551006','tyadnya12@gmail.com','Ni Putu Ayu Tesalonika Yadnya',5,9,'$2y$10$LRgD2ezWULqrBvBoE/PMjen3N06hLiRSs4FebZRzk5Anx5O6nXAZu','2012551006_Screenshot_2020-10-29-13-58-02-24.jpg',2,'2020-10-29 06:15:49','2020-10-29 06:20:39'),
(635,'1912551009','ayuagung10@gmail.com','I GUSTI AGUNG AYU RATIH',5,8,'$2y$10$9dUtmTmdRrTAzIRqdPjbie3XrWdHKirh50kDC0W9LjZ44H0PIebpi','1912551009_Screenshot_2020-10-29-14-13-08-23.png',2,'2020-10-29 06:16:00','2020-10-29 06:21:39'),
(636,'1812551014','rinahandayani785@gmail.com','Rina Handayani',5,7,'$2y$10$LumvfmVeGd6aLc/cR3Jb8.emeXqV3E7CkWo.XZq2gzhyoNn.DaIZm','1812551014_Screenshot_2020-10-29-14-15-39-47.png',2,'2020-10-29 06:18:56','2020-10-29 06:22:26'),
(637,'1912551057','yonisaniastari30@gmail.com','Putu Yoni Saniastari',5,8,'$2y$10$WuqTv1lI0uEm0xWpyUuvNO.qcaTUIuH7Ndr1Wwl47rPJ4P4i5emQq','1912551057_4D3DBE7F-B8FB-4DEA-86B0-DEDF06DCE1B9.png',2,'2020-10-29 06:22:33','2020-10-29 06:23:07'),
(638,'2012551080','iskandardhandy@gmail.com','Dhandy Iskandar',5,9,'$2y$10$RnVfHFvQh.GwmSHHyxrM1.zLJ4yqcjNQiPxF/YrcqH.iaTzeU3gVS','2012551080_C357A104-9ED0-42F1-AD40-4D14B6F4A596.png',2,'2020-10-29 06:29:56','2020-10-29 07:02:18'),
(639,'1712551026','reghanada@yahoo.com','Aaron Reghanada Prasetyawibowo',5,6,'$2y$10$P6Ch5DUr5/Drw23XQaFZB.3fWFFEkmw7b41tW3QXnIZnf9MVylP5i','1712551026_bukti imissu.png',2,'2020-10-29 06:32:22','2020-10-29 07:04:08'),
(640,'1812551037','tasyaturker20@gmail.com','Natasya Patriasari Turker',5,7,'$2y$10$MdGUE5P1AZfAFYEztUtZLu1eph7JrLpTWU0/UU5fcRdPqxNpn9EM6','1812551037_Screenshot_2020-10-29-11-31-53-63.jpg',2,'2020-10-29 06:32:54','2020-10-29 07:04:47'),
(641,'2012551048','samudera2929@gmail.com','Maharani Samudera Nabila',5,9,'$2y$10$mNiTHPLe2z5xD56CAruYhemWgf3HQceVhcXOBnZfTrc0R.7DGeXbq','2012551048_Screenshot_2020-10-29-13-04-29-63.jpg',2,'2020-10-29 06:34:03','2020-10-29 07:05:41'),
(642,'2012551046','sabrinazaff@gmail.com','Sabrina Zafira',5,9,'$2y$10$1JxJ03IjSIvfCj0kHbf9Kuh.Zs3ZGKLpIlmaEUaJGZzVsb//d0uh.','2012551046_Screenshot_2020-10-29-14-35-06-01.png',2,'2020-10-29 06:35:44','2020-10-29 07:06:24'),
(643,'2012551032','nanditakodja02@gmail.com','Ni Made Nandita Putri',5,9,'$2y$10$1gursoVj7WY0P6REnMdJrO1DC57eTAK483uPSkTC9k3r2CJ4/vaKm','2012551032_579D5A40-0F20-4E14-9FC2-BB8CAF125C18.png',2,'2020-10-29 06:37:48','2020-10-29 07:08:17'),
(644,'2012551043','anantawiguna58@gmail.com','Kadek Ananta Wiguna',5,9,'$2y$10$O9nLk5G1yGOY5Mb5JCY62uAZj7WXaB/qrF4nusdy7zC1ldvmgGKFu','2012551043_Screenshot_2020-10-29-14-30-50-288_com.android.chrome.png',2,'2020-10-29 06:39:31','2020-10-29 07:09:20'),
(645,'2012551054','adityadwisdm1@gmail.com','Aditya Dwi Pratama',5,9,'$2y$10$PI91zC1w.4LkZ97yl6y9c..4tMX/vfHfnowyMYoEOTKdjAVinFuJi','2012551054_Screenshot_2020_1029_134023.png',2,'2020-10-29 06:44:14','2020-10-29 07:10:45'),
(646,'2012551024','sudanikadek24@gmail.com','Ni Kadek Sudani Nuriani',5,9,'$2y$10$Bk49.c8uLwVSI2fboHBuBOwZEE4CSqwdmAWij/U4EAKMU6e9x7L/m','2012551024_Screenshot_2020-10-29-14-46-13-73.png',2,'2020-10-29 06:47:57','2020-10-29 07:11:52'),
(647,'2012521040','nanasuputra99@gmail.com','I Made Nana Suputra',2,9,'$2y$10$cLB27EC8kVSXASgauwI9s.aC824lNzqJhbktEKDXZR4JfiLHsEJsG','2012521040_imissu.JPG',2,'2020-10-29 06:48:23','2020-10-30 03:26:30'),
(648,'2012551034','rfazhri@gmail.com','Fazhri Rahmansyah',5,9,'$2y$10$UCIL1JaOk1VZDe1LvRiHsuQWtN69DrtLmu8ahuRO.kBYaIxGRsVD.','2012551034_DF8BE28E-8400-44FF-97B0-3D6B483BDF75.png',2,'2020-10-29 06:50:28','2020-10-29 07:12:55'),
(649,'1812551032','karinkabp@gmail.com','Karinka Bella Prasetya',5,7,'$2y$10$heC2/MjmE3bVXjr/7brS6uzK9a/PYxUW4TjT0sBDaJp7t7pVr8IFK','1812551032_messageImage_1603954261283.jpg',2,'2020-10-29 06:51:32','2020-10-29 07:13:56'),
(650,'1912551003','Felda404@gmail.com','Felix jerrymia',5,8,'$2y$10$/oHkefq8sWhT6SF9IDVuiudoL02PAZthUZ/gr0myoessGyZpqo3.a','1912551003_Screenshot_2020-10-29-14-55-55-540_com.android.chrome.jpg',2,'2020-10-29 06:57:04','2020-10-29 07:14:31'),
(651,'2012551062','cherylagathas@gmail.com','Cheryl Agatha Surya',5,9,'$2y$10$SMQ9iHdKurP3n/OQr8bg9.EagM7TedBdVxb3vD7jdH8hByz7k07Yy','2012551062_2020-10-29.png',2,'2020-10-29 06:59:23','2020-10-29 07:15:19'),
(653,'2012551023','della.aprilia0104@gmail.com','Ni Luh Putu Della Aprilia Apsari',5,9,'$2y$10$jQ.IIfsT3qD7MsOPyRfzFergkyKHl8m.61pzudmeh96chGb3pESNC','2012551023_Screenshot_2020-10-29-15-14-41-11.png',2,'2020-10-29 07:16:33','2020-10-29 07:17:06'),
(654,'2012551007','hannadewi38@gmail.com','Hanna Citra Dewi',5,9,'$2y$10$ZB78BI//EQkaltBuE02xb.ysj7cFM0ZxilQnefHkzlrRnjlrv8y82','2012551007_D4CEBC41-B727-4E15-AE25-C189D8B86808.jpeg',2,'2020-10-29 07:18:24','2020-10-29 07:20:09'),
(655,'2012551069','adindanurak@gmail.com','Maria Advenia Adinda',5,9,'$2y$10$nm6Ht4CoqddLBxcd3uO6ieBULq1s2gQ.flUoB33MY3yGiWVLbI30.','2012551069_2791BCC6-15AD-498B-8358-8546FA7F4200.png',2,'2020-10-29 07:18:52','2020-10-29 07:23:09'),
(656,'2012551020','audia.divayanti02@gmail.com','Putri Audia Divayanti',5,9,'$2y$10$uewdjLXnuutphyuavK8hwO.YUeYc.SZvpIeZ4cbZxc9N6Ify5/J.i','2012551020_Screenshot_20201029-152623_Chrome.jpg',2,'2020-10-29 07:26:59','2020-10-29 10:18:19'),
(657,'2012551019','simatupangclaudia8@gmail.com','Claudia Rohana Lamtiur Siburian',5,9,'$2y$10$CzOXaUU5AXk30UPVslyGsOKZZ2E4FVaVtRVhIn9aIJlPSmkwbW9Ra','2012551019_Screenshot_2020-10-29-14-25-43-17.jpg',2,'2020-10-29 07:27:08','2020-10-29 10:19:33'),
(658,'1912551049','evagunther08@gmail.com','Eva',5,8,'$2y$10$fG35hEybIhiV.R9Ziog3CelG.tXK18Vm2V18YNNoKwecGjv8VCHFq','1912551049_9059B278-C443-4655-85FD-1D52269FAAC6.png',2,'2020-10-29 07:30:38','2020-10-29 10:20:55'),
(659,'1912551053','azkaryaf@gmail.com','Azkary Azamil Fitr',5,8,'$2y$10$WFE4w2c7sj6XRL/MwK9KTOCUQoGrlcPygwMwSfpLMKQ6JiPm2kboK','1912551053_Screenshot_2020-10-29-14-36-46-010_com.UCMobile.intl.jpg',2,'2020-10-29 07:37:13','2020-10-29 10:22:45'),
(660,'2012551068','alyssanadyaaa@gmail.com','I Gusti Ayu Alyssa Nadya Suandika',5,9,'$2y$10$TZ6OWuRMJkq7Z04I4xy0GudiApg7U5yqu1sJZY.jfIxmqslYMr20K','2012551068_15088201-EA16-4BC7-AA4D-7F0936CF635C.png',2,'2020-10-29 07:38:04','2020-10-29 10:23:40'),
(661,'2012551015','guserikg20@gmail.com','Ida Bagus Erik Gunawan',5,9,'$2y$10$8e64lQ1/ZS7RBy9W1NHrEOWH7Ogk3vqeDa0WTNcDxqnbbZAgmUSDu','2012551015_Screenshot_2020-10-29-15-41-10.png',2,'2020-10-29 07:44:46','2020-10-29 10:26:45'),
(662,'2012551008','widdiaulia5@gmail.com','Putu Widdi Aulia Angka',5,9,'$2y$10$IH97DlWPyYtNxq10GIhEUeMZBJsAQjZudayHoxj4ztCGepdEH78ne','2012551008_2D38D554-7244-495F-94B1-714184DFEA52.png',2,'2020-10-29 07:53:00','2020-10-29 10:27:25'),
(663,'1912551062','arsyiisans@gmail.com','Arsyi Sansa',5,8,'$2y$10$Cz0M/VUqnpNjGcJRS4LjB.yPHzYmqyZVN7iONVJRK9swgTeqy5xA2','1912551062_FCC4773E-E265-482D-8F44-34DC2A3E4B92.png',2,'2020-10-29 07:57:16','2020-10-29 10:28:24'),
(664,'2012551017','wulandeklan@gmail.com','Ni Kadek Wulan Indira Pratiwi',5,9,'$2y$10$dAEsJjHpWWbdoCKSfSgxB.rdf2bOdcUhXFsrDHNnR08gKOl/oo3Ui','2012551017_Screenshot_20201029_160841.jpg',2,'2020-10-29 08:09:59','2020-10-29 10:30:00'),
(665,'1912551051','lenikusuma1234@gmail.com','ni komang leni kusumayani',5,8,'$2y$10$OQoylCLLI4/XdATvIRmDiOaWHdg8JGO8bQrty/NezLj07pmIBy3oG','1912551051_Screenshot_20201029_161545.jpg',2,'2020-10-29 08:16:25','2020-10-29 10:31:58'),
(666,'2012551074','hrtgrphy@gmail.com','I Putu Setiawan Harta Nugraha',5,9,'$2y$10$Zx2VnI1tvakM74AQnpifSOoAgF8WppFz5S8lbhtUtOB9kNORUEFgO','2012551074_Screenshot_20201029-161404.png',2,'2020-10-29 08:16:27','2020-10-29 10:32:37'),
(667,'2012551014','trisnacintya9@gmail.com','Ni Kadek Trisna Cintya Dewi',5,9,'$2y$10$dYFR67fzNbYXrnAOq9UAYejRWw3gisdSp4F9MAYD9cctb9hp1kqPm','2012551014_Screenshot_20201029-162755_Chrome.jpg',2,'2020-10-29 08:30:55','2020-10-29 10:33:23'),
(668,'2012551039','Adrianway007@gmail.com','Adrian Surya Wayuga',5,9,'$2y$10$Z6RLuCf0I6JZBHUrf2Cw0Op26BtysR1d4eCexkv5MGTlVHEjK6s7e','2012551039_5D06EE9F-03D6-4C88-8893-1B89DCDB6C6D.png',2,'2020-10-29 08:36:58','2020-10-29 10:34:38'),
(669,'1912551011','Wulandariputri664@gmail.com','Ni Wayan Putri Cening Wulandari',5,8,'$2y$10$aaO4jhLPwu9IaOsGXeRUseyTshK9MAh.4sBlX7CLsBtvFXAmr82wO','1912551011_A988983D-E2F8-433B-AB2B-652DA8CD7E4A.png',2,'2020-10-29 08:52:20','2020-10-29 10:35:14'),
(670,'1812551048','maharanipuspita1010@gmail.com','Putu Maharani Puspitaningrum',5,7,'$2y$10$c/lXOC8ETMiBApDMK6ISkOuw2IIGrTLmfF0Nv5xxWNOXXE2X0hB6W','1812551048_Screenshot_2020-10-29-17-18-00-88.jpg',2,'2020-10-29 09:21:10','2020-10-29 10:36:04'),
(671,'1712521033','formulasamuel@gmail.com','Gede Samuel',2,6,'$2b$10$ZcIv2Dc/ZRyG3Xxtd/DWUeSMJphf4cEWGCSdxvGYbD.plSWjoX4mK','1712521033_Untitled.png',2,'2020-10-29 09:29:52','2020-10-30 03:34:12'),
(672,'Ni Putu Pradnya Artika Sari','Adnyaartika26@gmail.com','Ni Putu Pradnya Artika Sari',5,6,'$2y$10$M4zlCy4waHtydAgHf3rjUOIW2Nwrvl2vRS2dQjewxjfsURCcHqMVy','Ni Putu Pradnya Artika Sari_F649D2A3-6D67-446E-9116-A17C760A4D76.png',2,'2020-10-29 09:43:17','2020-10-29 10:38:19'),
(673,'1712551049','Rossalia61@gmail.com','Ni Made Rosalia Dwi Adnyani',5,6,'$2y$10$xl8xiQ1zVYvMBHlIfNbaEeDx2f1lipl3oo0VwHBnE68iJJDCe0cnq','1712551049_IMG_1426.PNG',2,'2020-10-29 09:54:53','2020-10-29 10:38:52'),
(674,'1912551028','rizarama2100@gmail.com','Rizal Ramadhan',5,8,'$2y$10$LMzJw7YJKqUid4aAyz2B1usX1PKZXGGrO78dJ2PLXR/Urkumjx/LK','1912551028_Screenshot_2020-10-29-17-02-36-658_com.android.chrome.jpg',2,'2020-10-29 10:03:04','2020-10-29 10:39:32'),
(675,'2012551045','Violistakleinadaputri@gmail.com','Natalia Violista Kleinada Putri',5,9,'$2y$10$Afj4G0NfEex/FZQRce72Se5Aa2/gsll/32JEgRVzWzuJ7aupNUGHG','2012551045_Screenshot_2020-10-29-17-02-09.png',2,'2020-10-29 10:03:48','2020-10-29 10:40:13'),
(676,'2012521006','rheynaldahoya@gmail.com','Fransiska Rheynalda Hoya',2,9,'$2y$10$7pTt.yTIDWTMtfNYmPS17.hlur.CLCryB8cj4ebzo3oIKlmeh2xFy','2012521006_Screenshot_2020-10-29-18-13-42-19.png',2,'2020-10-29 10:06:44','2020-10-30 03:35:38'),
(677,'2012551035','patriciabenjamin.23@gmail.com','patricia',5,9,'$2y$10$swVmCIjUIrYl9f0LOig6xeLUeY6g/91AqBdY6DHMeXSPkBWrd1Rn.','2012551035_Screenshot_2020-10-29-14-37-16-54.jpg',2,'2020-10-29 10:20:41','2020-10-29 10:40:43'),
(678,'1712551012','dwinnysukma28@gmail.com','Dwinny Sukma Maulida',5,6,'$2y$10$NAlck2ZKZx/gyAN2aq9sxO3eQ4ySt5aFTlD34Nf3bRniI9Zwf6yCe','1712551012_Screenshot_20201029-182556_Chrome.jpg',2,'2020-10-29 10:28:14','2020-10-29 10:41:14'),
(679,'1812521040','Julyoleo07@gmail.com','Julyo paulus putra anugrah pardede',2,7,'$2y$10$uGVHEUGB8JL3iyiiV20cdugINI3KdQXcZsqpQ/yiII6P3u7D/Jkpq','1812521040_Screenshot_20201029-173327_Chrome.jpg',2,'2020-10-29 10:35:17','2020-10-30 03:35:22'),
(680,'2012551081','bhavaninavaratri19@icloud.com','Made Bhavani Navaratri',5,9,'$2y$10$1OjPY3NmW9fxaDhVl.LFBO3gl8GE1BruycBCYwRB4J..1cV3a1eEa','2012551081_98BE6B37-9976-4F61-B300-E666B5EF5C6E.png',2,'2020-10-29 10:35:58','2020-10-29 10:41:45'),
(681,'2012551037','Dewagayatri.dg@gmail.com','Dewa ayu ari putri gayatri',5,9,'$2y$10$qt5Aux53TX6cmUZHKmS0OeA.OG9vv2qpXUnsudXrcXKrgHbG90XDe','2012551037_7195E756-C9A2-4E8B-AE21-606BE7AB5D1D.png',2,'2020-10-29 10:36:18','2020-10-29 10:42:36'),
(682,'1812531051','Manikmas1299@gmail.com','Ni Ageng Manik Mas Amertasaru',3,7,'$2y$10$DsF6DFNjjnbhP1byHBn81.igJk89T0vDk/TualtWHpV8Z7lVI50ju','1812531051_Screenshot_20201027_205728.JPG',2,'2020-10-29 10:49:02','2020-10-30 03:35:17'),
(683,'2012521034','aldiwijaya381@gmail.com','I Made Aldi Wijaya Saputra',2,9,'$2y$10$Do7An7LXHBQR53T3NjZkFu26KlLmHnRvyk.8epxMFXPvmKHdwle2S','2012521034_Screenshot_2020-10-29-18-51-10-47.jpg',2,'2020-10-29 10:51:26','2020-10-30 03:35:55'),
(684,'2012521070','madereiko.13@gmail.com','I Made Krishnadyana Putra',2,9,'$2y$10$mSxGxcRc.6vKUzqJWx35qOzuPLLuiI5J3o1el48lziHWhFw8RTHuK','2012521070_Screenshot_20201029-190036_Chrome.jpg',2,'2020-10-29 11:01:40','2020-10-30 03:36:12'),
(685,'2012551052','leoda270702@gmail.com','Made Leoda Paramita',5,9,'$2y$10$lVeeXASU3b2ucKKj3ZVQF./1X2Ky003HIjem4pk7KECGc2CZHE3/a','2012551052_Screenshot_2020-10-29-19-07-56-57.jpg',2,'2020-10-29 11:08:54','2020-10-30 03:37:08'),
(686,'1712551056','apriliarebecca@gmail.com','Rebecca Aprilia Simatupang',5,6,'$2y$10$Az7DDRQuPmVDFMz/eBt0huW1RPP2bkRwjTeZf0.wG/uQlfe7F.jQO','1712551056_794E1D1B-79D6-4A4C-B7FF-5E6011367D93.png',2,'2020-10-29 11:32:47','2020-10-30 03:37:14'),
(687,'2012551055','triantowahyudi@gmail.com','Wahyudi Trianto',5,9,'$2y$10$6HiHmVuMo47lYtyLMhRKe.0oSxWdAmda8a9odr.SqJvasF0qpNIiK','2012551055_Screenshot 2020-10-29 at 6.52.50 PM.png',2,'2020-10-29 11:54:41','2020-10-30 03:38:03'),
(688,'2012551053','hanlianif333@gmail.com','Handaru Auli H',5,9,'$2y$10$0L7vndi8kxxhEUsBIWMCFe2WgZuX91tuikDjFTBvn8IMQcg6ZYMHi','2012551053_AF617EC4-CCA8-4EDF-BA2C-82AC8A999D9D.png',2,'2020-10-29 12:05:04','2020-10-30 03:38:06'),
(689,'2012551022','iatrilaksmiin@gmail.com','Ida Ayu Tri Laksmi Narayani',5,9,'$2y$10$ESTyOU4xk.5MCpLehq4P7u6fgz770deif2WzlsQOr.Q95ydJW4KI6','2012551022_B70C5E78-309B-48C2-9141-6B3636E4FA5C.png',2,'2020-10-29 12:06:17','2020-10-30 03:38:10'),
(690,'2012551060','anglcmulia@gmail.com','Angelica Mulia Tamba',5,9,'$2y$10$3xlrzrdgDDY.UypTtozD1.5Z8ePmexPzlw.I2jNBkySA6iev8/JiO','2012551060_Screenshot_20201029-190820_Chrome.jpg',2,'2020-10-29 12:09:01','2020-10-30 03:38:13'),
(691,'2012551040','ardo547@gmail.com','Yosef Ardo Widya Ardiawan',5,9,'$2y$10$Ha8fXLjYPHaVt/Kh3qAone0qNNS8USElPHCgjTDGFmFwekA3zI0oy','2012551040_Screenshot_20201029-201638_Chrome.jpg',2,'2020-10-29 12:17:03','2020-10-30 03:38:16'),
(692,'1812551021','Farisizzan43@gmail.com','Faris izzan putra rahma gita',5,7,'$2y$10$FH/.3HolOUabuBHdZYTDcerpeO6MsD3OuHPntz6SxgXr.rK6bnpq.','1812551021_Screenshot_20201029-202536205.jpg',2,'2020-10-29 12:27:20','2020-10-30 03:39:25'),
(693,'2012551033','hasna.qhotrunnadaa@yahoo.com','Hasna Qhotrunnadaa Salijar',5,9,'$2y$10$k/nLtcA3U36HgG1KtA6SbOl5csYsB1Q8u6cO6gvmlhCRr9KQOA5wO','2012551033_EA0F01D7-F33C-4C54-B093-10E6AF40C9BB.png',2,'2020-10-29 12:34:27','2020-10-30 03:39:30'),
(694,'2012551025','shadeeeeee04@gmail.com','Pramita Shafa Dewanti',5,9,'$2y$10$IQpFpI.CsOXRBljVqHZMJe0n3XESd8AZCDl3/1XYQQORBNzsKEh7.','2012551025_Screenshot_2020-10-29-19-35-31-13.png',2,'2020-10-29 12:35:51','2020-10-30 03:39:33'),
(695,'1712551055','Darmawan.deri02@gmail.com','Deri Darmawan',5,6,'$2y$10$gT1vl9jxaQTRPB4OGY6wzekjtn7YZWBl2Xc58RwWfeKffSEaHUuwO','1712551055_D57EE962-762F-4EE9-966D-3C32600196CA.png',2,'2020-10-29 12:39:45','2020-10-30 03:39:39'),
(696,'2012551028','rrut4146@gmail.com','Ruth Sahanaya Situmorang',5,9,'$2y$10$Gb0bUCqGmZmzLipFBD5cMufT6qwNM5v2vxKsIsDslnBJmgWSuvK2C','2012551028_Screenshot_2020-10-29-19-40-15-01.png',2,'2020-10-29 12:40:46','2020-10-30 03:40:57'),
(697,'2012551049','epascalita@gmail.com','Equele Pascalita',5,9,'$2y$10$zm1u2vtNjR/rcZElCf9YO.jgvB.fBkrwu9oTCZ0BXBsaYMvQLCMBK','2012551049_Screenshot_20201029-194055_Chrome.jpg',2,'2020-10-29 12:41:28','2020-10-30 03:41:02'),
(698,'2012551002','pranatarendi17@gmail.com','Ilham Ramadhani',5,9,'$2y$10$JLGYnmze3UOvypVCmd91nOMVZPveeecUN8aoNcl7IrYdYElxQ9W2.','2012551002_Screenshot_2020-10-29-20-03-20-801_com.android.chrome.jpg',2,'2020-10-29 13:04:13','2020-10-30 03:41:07'),
(699,'1912551039','iangymarinahh@gmail.com','Gusti Putu Iangy Marina',5,8,'$2y$10$xomc6ZiMn8Wr.BhREjKfUOGpfUGCZI.jKwXLB4qO4uC3IUA4cbn0W','1912551039_DF9AA700-FFDB-4D78-A57E-0DF6198CF310.png',2,'2020-10-29 13:06:12','2020-10-30 03:41:36'),
(700,'2012521056','villianpramesti@gmail.com','Putu Villian Pramesti Swara',2,9,'$2y$10$XxGUJ385HEcbucF/bbrCXeq7w41FJVBSlzakQJq/B41Z6IUVdC5Vy','2012521056_44B32F04-27BB-4D55-8DCF-74633948E621.png',2,'2020-10-29 14:03:34','2020-10-30 03:36:35'),
(701,'1712531010','lewiasih80@gmail.com','Ni wayan lewi asih',3,6,'$2y$10$c3.fMaAWCyuM6SdJ5RMMru6xjc7ZoJ5qJMUnv1e6u0uO.J4N4TmyO','1712531010_Screenshot_20201029_220829.jpg',2,'2020-10-29 14:10:28','2020-10-30 03:44:10'),
(702,'1912551017','gayatrida2030@gmail.com','Gayatri Dharma Aditi',5,8,'$2y$10$pXK3N82PpLc4qy7wvLn.i.AFSDtJkJqO.FR32/lRRETAgTREKP7Na','1912551017_28084542-A717-457C-9B9D-EE26C9AA4719.png',2,'2020-10-29 15:11:42','2020-10-30 03:42:07'),
(703,'1812551055','rahmapraminia@gmail.com','Rahma Praminia',5,7,'$2y$10$UDxW.D2dWDFVB7qockefZuk6caal1um9P68TFNK/bYnauRK48mzEW','1812551055_F3813D77-8F75-4E4F-BC90-C13FCE32BFB7.png',2,'2020-10-29 15:18:42','2020-10-30 03:42:12'),
(704,'1712531040','dickyhandika4@gmail.com','Gede Dicky Handika Putra',3,6,'$2y$10$rTWQyOaJNelb..tSkj4RyuWvPPtfng9KAMNktuQm/JvE38lCuppe2','1712531040_Screenshot_2020-10-29-23-17-10-45.jpg',2,'2020-10-29 15:19:35','2020-10-30 03:44:14'),
(705,'2012521068','dewaindraaaa@gmail.com','Dewa indra',2,9,'$2y$10$K.3Wo6QXp2cJISwJI9MS1eHI8993cSp1Cog8WGklMTgiUR8ksVUbu','2012521068_A54B6C61-AEBB-4D27-86BB-13F278143BB8.png',2,'2020-10-29 23:10:43','2020-10-30 03:37:00'),
(706,'1912521012','paramithaprd@gmail.com','Ni Luh Putu Paramitha Pradnya Nareswari',2,8,'$2y$10$3/N1/QpSeGO.e6e7tV6AU.o5ugJqbxVwDGs.MKH1sfUR2caqgGMuq','1912521012_Screenshot_20201030-074006_Samsung Internet.jpg',2,'2020-10-29 23:41:01','2020-10-30 03:37:32'),
(707,'1812551057','dayuputri01@yahoo.com','dayuputri',5,7,'$2y$10$Kz94zY/zWei.CR3iNJ4MXuXY1XCD9ZDVubHQ0EIsOY626g/50qtrq','1812551057_A37DE31C-2857-4B2E-88B7-837617CB789C.png',2,'2020-10-30 00:01:08','2020-10-30 03:42:56'),
(708,'1912521059','dilladamayanthi6@icloud.com','Ni Luh Putu Dilla Sri Damayanthi',2,8,'$2y$10$.8oSTteL/FH2kitFlunAfepLKoo0un2824BdIcKilzoeA2suvWh72','1912521059_28FAB096-AE2F-48B3-90BE-5D7387F33765.png',2,'2020-10-30 00:29:52','2020-10-30 03:38:02'),
(709,'1912521011','nathaniaputriantara@gmail.com','Ni Putu Nathania Putri Antara',2,8,'$2y$10$m74w5TKLF0F5JfzX88un2OINGT6mMJb44eb.Bzq7ZRi7.zT/HwjAe','1912521011_Screenshot_20201030-084212.png',2,'2020-10-30 00:46:01','2020-10-30 03:38:23'),
(710,'1812521015','gedebayudharmaputra@gmail.com','Gede Bayu Dharma Putra',2,7,'$2y$10$030uLdxXhGNxsJXpmOT5y.CpTutBsZHAV4gDojCehX1phHrIhrrkC','1812521015_Screenshot_68.png',2,'2020-10-30 01:01:52','2020-10-30 03:38:45'),
(711,'1812521001','Weintonvrk@gmail.com','Weinton Verko',2,7,'$2y$10$S9Mb4yIUBHqTfmcwNmtlheiRV0Z8z44B5F76jhJ5rKvMh5thAgsPS','1812521001_95FB6C2A-C257-4FF7-AA18-87757B310657.jpeg',2,'2020-10-30 01:07:57','2020-10-30 03:39:02'),
(712,'1712531070','Pascoalbarros025@gmail.com','Pascoal Barros Doutel',3,6,'$2y$10$IEBpGId4cE.cO4BTA1kU5OryivyGApQbku2uK9taJgRhfEqizrKh.','1712531070_25897378-F9DF-4DCC-B321-89DAEF978E57.png',2,'2020-10-30 01:10:41','2020-10-30 03:44:17'),
(713,'1812521025','Dithatilottami@gmail.com','Putu Ditha Tilottami Upaningtyas',2,7,'$2y$10$0FVWPc9sRbl1SHBy.X2Z4.iPCfdlPYWKgqUokzIE440MfuBFKoNWW','1812521025_BAFA18C8-CD3D-4B72-8C76-16F0FD0ABA2B.png',2,'2020-10-30 01:11:07','2020-10-30 03:39:20'),
(714,'1812521004','Srivandayani3@gmail.com','Kadek Sri Vandayani',2,7,'$2y$10$wHZyVgjg/XDVigSlQk9eU.zRCLG2w2L0e.CWpAWy8UBO.x4cZVlSe','1812521004_DE891316-C3B9-4955-A2EA-836C8B47F228.png',2,'2020-10-30 01:12:21','2020-10-30 03:41:56'),
(715,'1912521022','sofiedian999@gmail.com','Sofie Dian Sari',2,8,'$2y$10$SXGTYQkUdl8OuOeJ98uxueBM4dIIy7zM8ZMKfXXpY4p69TqZWRWTe','1912521022_Screenshot_20201030-083710.jpg',2,'2020-10-30 01:37:57','2020-10-30 03:40:47'),
(716,'1812521028','theophylia.ms@gmail.com','Theophylia Magdalena Saartje',2,7,'$2y$10$BGXitmkCutYZvBcSSnEzcuvtjj86L2xlDuejyJLqabBw6VOhLPKPG','1812521028_2769DAF1-0F69-4A1C-A86A-C7592B64715E.png',2,'2020-10-30 01:40:59','2020-10-30 03:41:06'),
(717,'1812521054','Dayugayatri.dg.dg@gmail.com','Ida Ayu Gayatri Indah Puspa Sari',2,7,'$2y$10$q/xCQB1Rx.Wx4z6RMrEAI.256NnecXuGy3gRvSBvQZDOjY2m93UNK','1812521054_AECB5981-ECEF-4D34-97A7-6BA32DF39B71.png',2,'2020-10-30 01:46:52','2020-10-30 03:43:48'),
(718,'2012521078','chelleexm@gmail.com','Michelle Angel P',2,9,'$2y$10$gGSj/VTk0q2HQE45L5bND.u6vAVOAt7VZhkKlZPuR./gSfbL7bssi','2012521078_Screenshot_20201030-094908.jpg',2,'2020-10-30 01:49:37','2020-10-30 03:41:32'),
(719,'2012521012','putu.juniari85@gmail.com','Ni Putu Juniari',2,9,'$2y$10$Jf1GQd.eMXCZNW/nPSXIlO7rZv0fe4hSOKnsgx85lHAlH0h476ca6','2012521012_Screenshot_20201030-094926.jpg',2,'2020-10-30 01:50:19','2020-10-30 03:43:01'),
(720,'2012521047','zevanazavira@gmail.com','Zevana Zavira',2,9,'$2y$10$vKf2QKwIqtTdBo2KR3sW.uq4TRjnT4buNI9RCcFFmcK5gZrRRoFpK','2012521047_Screenshot_20201030_084948.jpg',2,'2020-10-30 01:50:38','2020-10-30 03:43:29'),
(721,'2012521019','erlinasta49@gmail.com','Ni Kadek Erlin Astadwita',2,9,'$2y$10$mxRPmw9t505lxODvq/r3ve3XavzgF1q0SFJh8yuarTr3.i84C3xou','2012521019_Screenshot_20201030-094954_Chrome.jpg',2,'2020-10-30 01:50:53','2020-10-30 03:44:39'),
(722,'2012521072','natasyap951@gmail.com','Ni Wayan Ari Natasya Putri',2,9,'$2y$10$wAlFhhnXXZoy6kWTB20bK.9N86P.j0IEQPo.qhrwu31J9Wo5umama','2012521072_89EB472D-7A34-4BDD-ADA3-BBAE800A73BE.png',2,'2020-10-30 01:52:04','2020-10-30 03:44:12'),
(723,'2012521075','Vanyasaraswati16@gmail.com','Vanya Saraswati',2,9,'$2y$10$WI/Bl8d6I/c/ym49WFrfzeaTZhikLj2ytFieRUJtL/KepGbY1qenO','2012521075_Screenshot_2020-10-30-09-52-15-72.jpg',2,'2020-10-30 01:53:49','2020-10-30 03:44:59'),
(724,'2012521041','riskamaelani05@gmail.com','Ni Wayan Riska Maelani',2,9,'$2y$10$5/6iVo.id2Uet9DWTmNIF.Hd70kuzbHfE3m1ajLaZIebpOwGtrJs2','2012521041_Screenshot_20201030-095651_Chrome.jpg',2,'2020-10-30 01:57:22','2020-10-30 03:40:23'),
(725,'2012521032','elysiajanice19@gmail.com','Janice Elysia',2,9,'$2y$10$/oyUUrKsPaFVWun7ul/QQebNMHBiOMCReMC7YWpm0BB0jgIowzdnO','2012521032_3B176A35-5439-4E53-8710-95FCCE92B146.png',2,'2020-10-30 02:05:13','2020-10-30 03:45:35'),
(726,'1912521038','manikachocs@gmail.com','Manika Sari',2,8,'$2y$10$oh1WHmUTz7UjEhlP1RYBJeoAOZx3muF1nV6V70anrERua4z4Yibea','1912521038_79D8D9EF-BF93-4F14-9389-C4EFDAC2A2D6.jpeg',2,'2020-10-30 02:06:23','2020-10-30 03:46:40'),
(727,'2012521045','omega.agnes0508@gmail.com','Agnes Omega',2,9,'$2y$10$zANDBM6e9YKHS6uRDFtRbeGHw1CCywSeWj0mF50n1D8pK8uho3w7G','2012521045_Screenshot_2020-10-30-09-02-18-63.png',2,'2020-10-30 02:06:37','2020-10-30 03:46:56'),
(728,'1912521005','kevin.jerkev1606@gmail.com','Jeremi Kevin Pangaribuan',2,8,'$2y$10$yXiZjgdoIUJwNyDC5D6b/evG2mtDPcHAb5eZuGVXJ08snkoLlETLq','1912521005_Screenshot_20201030-090413_Chrome.jpg',2,'2020-10-30 02:08:19','2020-10-30 03:47:13'),
(729,'1912521068','rastitiberliana366@gmail.com','Putu Nonin Rastiti Berlianasari',2,8,'$2y$10$neUwYtAaAaNbtNNfsTouauOk3wcwBZZmTdKbqXvVGPPL1p037umEu','1912521068_WhatsApp Image 2020-10-30 at 09.07.23.jpeg',2,'2020-10-30 02:08:20','2020-10-30 03:47:40'),
(730,'1912521042','komanglialestari@gmail.com','Ni Komang Lia Lestari',2,8,'$2y$10$lsLgqoUJNU5duAb7OZo/SedtpVk6JOwtAmoHe07lhrHavNzxmU0ju','1912521042_Screenshot_2020-10-30-10-11-02-083_com.android.chrome.jpg',2,'2020-10-30 02:09:15','2020-10-30 03:48:13'),
(731,'1912521021','hrafi10@gmail.com','Muzhaffar Hilal Rafi',2,8,'$2y$10$.XLY6y4lPoMr1x/wn8Gy1eUOW3vnkER5lYLA1SnYvxD.vAFECKlRq','1912521021_8F12E25F-817A-4796-875F-8E00D42800A2.png',2,'2020-10-30 02:10:53','2020-10-30 03:48:43'),
(732,'1912521014','rukia.kena@gmail.com','Siti rukia kena',2,8,'$2y$10$aw52Z0wSyp2y25mXG7aJaecOsD/SFSifjh2nm5H5SJLLONRev8OK2','1912521014_16B74A8B-B294-4CAE-ACCA-04B47C834D6C.png',2,'2020-10-30 02:11:05','2020-10-30 03:49:00'),
(733,'2012521077','jeklinkosamah23@gmail.com','Jeklin Kosamah',2,9,'$2y$10$akZ0K9yX55pFfaNDqv./FOcIJSv51vwQ4uN/Oyg025aD8yxkE/SkC','2012521077_WhatsApp Image 2020-10-30 at 09.09.18.jpeg',2,'2020-10-30 02:11:19','2020-10-30 03:49:18'),
(734,'2012521065','monap7994@gmail.com','Ni Made Mona Putri Amerta',2,9,'$2y$10$LDA3EAZDEXao/.Caby2Evekc2w9jURQIcb4fVip/Vdefwh9a2HDbm','2012521065_Bukti Keterangan Mahasiswa Aktif.jpeg',2,'2020-10-30 02:11:51','2020-10-30 03:49:40'),
(735,'1912521001','dayuintan1109@gmail.com','Ida Ayu Ngurah Intan Marlina',2,8,'$2y$10$U9pvbIDhDrtOmoEE.rmK4.ezH40oMeBX30bLRvzYBmeKQmw8M7l4e','1912521001_Screenshot_2020-10-30-10-24-58-88.jpg',2,'2020-10-30 02:25:46','2020-10-30 03:49:57'),
(736,'2012521007','yugeklaksmi07@gmail.com','Si Luh Made Laksmi Priya Dewi',2,9,'$2y$10$cmMmAOCC2RWE6lPKgu0Bd.3fDWuF6Fgxxmqs9k/QBC83q9blKv1LS','2012521007_686991E7-E1FF-4F30-91B5-7BECBA4642A2.png',2,'2020-10-30 02:26:32','2020-10-30 03:52:23'),
(737,'2012521010','gkusumayanti@gmail.com','Ni Made Gita Kusuma Yanti',2,9,'$2y$10$KS0SxfRnJUcFZu5GeQnM.uLH2fK7gfnAXnDZj/r/mC3.81jKSRZ4y','2012521010_557CF103-BB54-42A2-A858-E0595E9CB149.png',2,'2020-10-30 02:33:53','2020-10-30 03:52:36'),
(738,'2012521063','nademasprayudha@gmail.com','Putu Naran Ademas Prayudha',2,9,'$2y$10$zDgEypcwPMPPo4k0nK4BwOSYTFAPw6X2wftLmlgHfiUXOvyQxXET6','2012521063_Screenshot_2020-10-30-10-36-45-43.jpg',2,'2020-10-30 02:37:42','2020-10-30 03:53:06'),
(740,'1912521033','ibnuhafizh5@gmail.com','Ibnu Hafizh',2,8,'$2y$10$SKn4IK33G1q8f876Po8VbOeaU/i7X42WPhg179iLEf3HhLmRtFNGu','1912521033_Screenshot_2020-10-30-10-39-29-61.jpg',2,'2020-10-30 02:40:27','2020-10-30 03:53:42'),
(742,'1712531001','okisugiantara@gmail.com','I PUTU OKI SUGIANTARA',3,6,'$2y$10$Kg6slNJsnRfUgPCYdyoCgew5QUrxoCTqMz0v9ckRnXXfO3mAGdPTO','1712531001_Screenshot_20201030-105934_Chrome.jpg',2,'2020-10-30 02:59:52','2020-10-30 03:54:58'),
(743,'1812541053','gusadi142@gmail.com','agus adi sentana putra',4,7,'$2y$10$a3yjZEnHLsT32VbpwxUJmO0RX1eNcFw6W37hDkDeylSt7omDYxH6m','1812541053_62FEB9AF-00E1-4CEE-883B-4506A74CC397.png',2,'2020-10-30 03:07:38','2020-10-30 03:59:28'),
(744,'1712521027','femmyayu@gmail.com','Femmyoroi Mutiara Ayu',2,6,'$2y$10$cRLQ0WvkrKCYcwnUiVMtreFQMSUIfxnZ27XP2GgJdaApOmXe4UgU.','1712521027_IMG_20201030_100559.jpg',2,'2020-10-30 03:08:01','2020-10-30 03:54:25'),
(745,'1812541018','elysabethsigalingging28@gmail.com','Elysabeth Sigalingging',4,7,'$2y$10$aHMxzCgeCQJMHYFEpwO1WeUBYeHHVLQS0PNCWOANfWc0X4ld7QQ6C','1812541018_Screenshot_20201030_100703.jpg',2,'2020-10-30 03:08:48','2020-10-30 03:59:31'),
(746,'1812541003','rb.binsar@gmail.com','Ridoh Binsar',4,7,'$2y$10$hZQkEF.hUjaeAa9k71kyXOhj/f4X/G9fot/93duEMlOlQ/mVXa7B2','1812541003_Screenshot_20201030-100619.png',2,'2020-10-30 03:11:43','2020-10-30 03:59:35'),
(747,'1812541050','esrapelawi515@gmail.com','Esra Pelawi',4,7,'$2y$10$eE1e/nnRpPO03Q9TK6G5v.7Efbh9e8FQPdvAy8RTBbMCtMXlAh0Zm','1812541050_WhatsApp Image 2020-10-30 at 10.08.13 (1).jpeg',2,'2020-10-30 03:12:36','2020-10-30 03:59:39'),
(748,'1912521063','widaraditya563@gmail.com','Nyoman gede widaraditya giri pranata',2,8,'$2y$10$cuvWARht62mE6YzWoSHSqORR0tJWmKxf64dQ4rFHieX4IwRverMpO','1912521063_Screenshot_20201030_111212.jpg',2,'2020-10-30 03:14:06','2020-10-30 03:54:46'),
(749,'1812541005','mdp9500@gmail.com','Michael Dwi Putra',4,7,'$2y$10$XsJqYsOvZcvGjdZTBHflku21oMz4POeO7ul5XKUfl.cX0s8qT5g8.','1812541005_4EFAA857-A1E5-4BB5-BE6E-887AEE935408.png',2,'2020-10-30 03:15:24','2020-10-30 04:00:07'),
(750,'1812541011','purnama.sari99.ps@gmail.com','purnama sari',4,7,'$2y$10$z5OcVaBcCBbdZ30k6a1EGusb2WKL3nBQjUvo8qGNpITXlMI7Y7QmO','1812541011_8CCD7850-570A-47DA-8A56-1C826CEB8807.png',2,'2020-10-30 03:20:08','2020-10-30 04:00:15'),
(751,'2012521011','ningpadma123@gmail.com','Putu Stri Padmaning Saraswati',2,9,'$2y$10$bDhMdhciwG5aJ0eLq2cj8uLq0howXOjAxe7AuqBcG7PbtkzJmsGIq','2012521011_Screenshot_2020-10-30-11-18-21-98.png',2,'2020-10-30 03:21:18','2020-10-30 03:57:46'),
(752,'1812541021','aguswiryawan24@gmail.com','Agus Wiryawan',4,7,'$2y$10$8l7kAM9qXU1qdd82TCDrjeyE8Kjmh5AsPyzjUoYxGFpJT8faRfAcO','1812541021_5C086B6D-0558-49CE-AF1C-77A9BC78655A.png',2,'2020-10-30 03:37:00','2020-10-30 04:00:39'),
(753,'2012521057','husnulhtimah88@gmail.com','Husnul Hotimah',2,9,'$2y$10$iRJ8L4YdYi4RjMN8IstPcOlx/WyV0XlGFdS/6hHo6vDRVSymFPHdy','2012521057_9D8E2151-4EF7-403A-BAD1-FE8CDFF8EE20.png',2,'2020-10-30 03:55:00','2020-10-30 03:58:06'),
(754,'1912521004','cindysunari@gmail.com','Ni Wayan Cindy Sunari',2,8,'$2y$10$ZnWzqXni/CRynPmdyOK04OgUJDYznBXmYQqgFTs8eoc2AjZvI301W','1912521004_Screenshot (37).png',2,'2020-10-30 03:59:41','2020-10-30 04:00:09'),
(755,'1812521064','aldelashenika@gmail.com','Shenika Aldela',2,7,'$2y$10$OKVZknd0f75FHvUwVB8HLueFEvFkLJ08uUGgo2kk3vWLvAZ2XdXaC','1812521064_36EC0DD0-D939-4282-BC05-6E6C0B7D0682.png',2,'2020-10-30 04:07:58','2020-10-30 04:59:12'),
(756,'2012521064','Rakaragawa20@gmail.com','Ngurah Raka Ragawa',2,9,'$2y$10$ofaYBJjsp/wK31g2H6H4/.D3aKm1Zumc1AIfy/iF5wyAIxFKPj7C.','2012521064_D5D7AD40-B760-45F8-92D3-71396EC68722.png',2,'2020-10-30 04:14:32','2020-10-30 04:59:36'),
(757,'1712521023','dayushantika@gmail.com','Ida Ayu Alit Santika Dewi',2,6,'$2y$10$aRaQNgRm6ticZ0AOCaTbn.FmFSNsVRxRHH9u3L1Ubk42El/LGAmZa','1712521023_Screenshot_20201030_122245.jpg',2,'2020-10-30 04:24:29','2020-10-30 04:59:56'),
(758,'1812541041','mawarsharonterang@gmail.com','Mawar Sharon Terang',4,7,'$2y$10$4DSlbDn2c9jR2yXNH3YoUuAHzyIWnHNezXBBfWAd2LU/atkjldZo6','1812541041_657FAF45-D247-412B-9E6C-B27C5CF11083.png',2,'2020-10-30 05:32:54','2020-10-31 06:31:56'),
(759,'1912521032','ade.amayllya@gmail.com','Kadek Ade Amaylya Pramaswari Sripriana',2,8,'$2y$10$cHg6iRMadO46H1.1KIqKiuCuMUjm3v/Usl8.kfKL1bgn5QO1Qgm7S','1912521032_424D62C2-5BB5-4922-AD25-1B68F9D28152.png',2,'2020-10-30 05:46:03','2020-10-30 06:31:45'),
(760,'1912521013','wiendyriz15@gmail.com','Wendy rizdyanthi',2,8,'$2y$10$CGmadroX9ZJbTY48VirtSO0C2gnxdmrjiKVURb9M6xL.xXPzlV7.C','1912521013_Screenshot_20201030-134344_Chrome.jpg',2,'2020-10-30 05:46:03','2020-10-30 06:32:29'),
(761,'2012521028','tegarpradiawan@gmail.com','Putu Tegar Pradiawan',2,9,'$2y$10$8WdSzs96jPj8KAlu5fDfSe4wl/HMDHIkJ1AOnzieyYIeAyQ8XzDOK','2012521028_SS IMISSU.jpg',2,'2020-10-30 05:49:56','2020-10-30 06:32:59'),
(762,'1712521038','vivialvinaliu@gmail.com','Vivi Alvina',2,6,'$2y$10$AidSR4jYqRS0iqMdLD5X8.n89IA7mqQC3ZtA9uOcVNEcircM8H3ti','1712521038_D98865B5-BAC3-47EC-A61C-041F7A1730B9.png',2,'2020-10-30 06:12:23','2020-10-30 06:33:25'),
(763,'1712521046','adrisarthaputri90@gmail.com','Tjokorda Istri Adristy Arthaputri Swastika',2,6,'$2y$10$.1PqhI87WN8hEuRsayUAgen5xjPhQOiLTCP13svBcj0imX.9iEiei','1712521046_D0553FD4-825D-47C3-B123-C31AD2F5AEA9.png',2,'2020-10-30 06:14:33','2020-10-30 06:33:51'),
(764,'1712521058','julioandreasm@gmail.com','Julio Andreas Mamora',2,6,'$2y$10$Ca3gWd.yiobvrHa7YV62COQiKOHeGX1N8/zqTZ/IqiY4vo4AWQbSu','1712521058_Screenshot_20201030-141950.jpg',2,'2020-10-30 06:21:37','2020-10-30 06:34:17'),
(765,'1712521030','ruben.firman.rfa@gmail.com','Ruben Firman Ardiansyah',2,6,'$2y$10$5ndrbdlO8bRfoTZVoxOW6ettxKtxNkJfRgLYUOXzKwidYb9VLK1Tq','1712521030_Screenshot_20201030-142333.jpg',2,'2020-10-30 06:25:16','2020-10-30 06:34:37'),
(766,'1712521053','Ainasanggita13@gmail.com','Aina Sanggita Chandra',2,6,'$2y$10$94e06UOjRIWeWJrUgDJV2eu.rXZUyB62y/lLnYLYRKO5sDLW2pT4G','1712521053_Screenshot_20201030-143728_Chrome.jpg',2,'2020-10-30 06:38:19','2020-10-30 06:40:29'),
(767,'2012541067','wijayapartha342@gmail.com','partha',4,9,'$2y$10$CBlyJdp2cSmgQupsZbEGGesl4/cel4pzSvO9weyEmSZb5Ui/14fmm','2012541067_6451E01C-E9CB-44FB-8FCE-692BA508C27D.png',2,'2020-10-30 06:48:11','2020-10-31 06:31:59'),
(768,'1812541006','coknanta99@gmail.com','Cokorda Gde Ananta Wijaya',4,7,'$2y$10$uvfSBnZy1Ycu1bVIBQLeaeCPl/nHTLI.xwn5TyeLW5N1nriCnGYVS','1812541006_IMG_20201030_145736.jpg',2,'2020-10-30 06:51:10','2020-10-31 05:58:43'),
(769,'1912521054','luh.mang123@gmail.com','Luh Komang Ayuningtyas Sekar Kinari',2,8,'$2y$10$WNuNTx3Be6EakZrR/j7JPeOUhIlINsd78BG4ry8.X8Shm0kiOh0sy','1912521054_066925C1-018C-4006-B22A-4B25EB715E0D.png',2,'2020-10-30 07:07:36','2020-10-30 07:19:28'),
(770,'1712521024','shania_permata@ymail.com','Shania Indah Permata Sari',2,6,'$2y$10$pb6tT5I2.VuKYb8Vvcz9JupfNltj7ovQOj/LzcDextdV3KoFddusi','1712521024_36A2BBAB-7AB4-4BCD-B979-5883E443FB06.png',2,'2020-10-30 07:26:46','2020-10-30 07:42:18'),
(771,'1712521048','soniadindagayatri@gmail.com','ida ayu sonia dinda gayatri',2,6,'$2y$10$2pFuU2SW4Rt9Sc4cj8L2ZusZGjdnO8dEZcgxQLZ/yekhlOt3sUYbC','1712521048_93DFD89A-AF1A-4C08-9C38-E11062CAFEB4.png',2,'2020-10-30 07:35:17','2020-10-30 07:42:46'),
(772,'1712521014','juandharmansyah@gmail.com','Juan Dharmansyah',2,6,'$2y$10$Qhk49Yj0gJ7kgEp0GXmPFuWjChigtktlkTuulAo9USct1XnwUuRFS','1712521014_Screenshot_2020-10-30-15-41-57-200_com.android.chrome.png',2,'2020-10-30 07:42:14','2020-10-30 07:43:10'),
(773,'1712521061','andijuniarta@student.unud.ac.id','I Gede Andi Juniarta',2,6,'$2y$10$kgFI8JIcld.tgXTH/LJT8.GIS5sOXoTy/a6/qmCV2qC579P3/r1Ji','1712521061_A6DB89F1-C7AE-41D7-AD87-1EFAE5BA03A1.jpeg',2,'2020-10-30 07:45:31','2020-10-30 08:06:08'),
(774,'1912521040','yudhiswara1@gmail.com','I Gusti Agung Yudhiswara A.K.',2,8,'$2y$10$9D9zyeRnjxDZ9APkGUcm0OC0yLzhtMgf8UM/ZqIUR5zBHqNHckCW6','1912521040_Screenshot_2020-10-30-15-55-27-627_com.microsoft.emmx.jpg',2,'2020-10-30 07:56:52','2020-10-30 08:06:32'),
(775,'1812521027','angie.pattij@gmail.com','Angie Marsha Patty',2,7,'$2y$10$SGELkozDCLlV20HE1eTDeu9zcwZm.gEuwLbnihAnpplT6KZsSuMJm','1812521027_05B73B92-AF12-47C0-B2C7-90607415FE64.png',2,'2020-10-30 08:01:29','2020-10-30 08:06:50'),
(776,'2012521009','erlitasupriyadi@gmail.com','Erlita Supriyadi',2,9,'$2y$10$8LDMU9Bh/zMP9O5eIclQQ.FTzZTf.xdJCDlBc94Fj/WSeIFNYuwMS','2012521009_Screenshot_2020-10-30-16-11-50-75.jpg',2,'2020-10-30 08:13:21','2020-10-30 08:19:15'),
(777,'2012521062','rachel.ainaya8@gmail.com','Rachel Sweeney',2,9,'$2y$10$vVIJGOJf/sZES0jHtII0qelVgQYVBm7NZmhkOJ4vJK2HTgdscGxeO','2012521062_F5ECE658-CF29-4A27-9D15-145E4304B787.png',2,'2020-10-30 08:25:29','2020-10-30 08:30:59'),
(778,'1712521059','Lousiavidiana@gmail.com','Louisia Vidiana',2,6,'$2y$10$q7swWiPv38hJnjhdEtJc1eGkY/q/h5ZguKLPq34XE3Cz2JAm9Jyx2','1712521059_Screenshot_2020-10-30-16-33-28-074_com.android.chrome.jpg',2,'2020-10-30 08:34:02','2020-10-30 09:35:42'),
(779,'1912521044','victorinajessica@gmail.com','Jessica Victorina',2,8,'$2y$10$0CbduCZtZisSp8QLaAmjQeP.SccCd4qcU928Hk7fiYAeor8DP.CRm','1912521044_Screenshot_20201030-154049_Chrome.jpg',2,'2020-10-30 08:42:52','2020-10-30 09:36:37'),
(780,'1912521026','baruna.vivekananda@gmail.com','Visvanathan Gabriel Matrix Baruna Vivekananda',2,8,'$2y$10$fMIFWbhs8vb.MopPRdTGSev8ldb.s5RKOgsdxuk3IVcIGyKe4nWcW','1912521026_Screenshot_20201030-121001_Brave.png',2,'2020-10-30 08:44:37','2020-10-30 09:37:03'),
(781,'1912521048','nyomanyogimm@gmail.com','Nyoman Yogi Mahendra',2,8,'$2y$10$qgZ5wiSz1NCoejo0omvHL.BdaK9VBgaSGRPwIhxq0sNmzHnuh4uoi','1912521048_CC466A81-E2B1-4751-ACF4-4BC0F7F81C04.png',2,'2020-10-30 08:45:02','2020-10-30 09:37:26'),
(782,'1912521020','jasmine.shafa040601@gmail.com','Jasmine Shafa Dwian',2,8,'$2y$10$gSJIomDZqMH/0ipjz3AbFeljmcjcGyVtxzp/xpEIgOwMGfpFQklae','1912521020_BB921FC2-B883-43EA-8F30-9C1FA871BD05.png',2,'2020-10-30 08:54:30','2020-10-30 09:37:50'),
(783,'2012521024','triskaputri1110@gmail.com','Putu Triska Arintia Permata Putri',2,9,'$2y$10$IJzMv9HBbPZHsmpzbXd.Be4ZakcAF2t5JQIEqeeecnrZqyWUCb8fC','2012521024_Screenshot_20201030-165528.png',2,'2020-10-30 08:57:20','2020-10-30 09:38:14'),
(784,'1912521009','trapratam@gmail.com','I Kadek Putra Pratama',2,8,'$2y$10$d1KyQ5p0jZnydyvG9uai1O/8ujZj5I6jupcsN6N5esH0wsdrKgQNe','1912521009_Screenshot_2020-10-30-16-57-57-30.png',2,'2020-10-30 08:58:41','2020-10-30 09:38:33'),
(785,'1912521008','shndyfna@gmail.com','Shenndy Fadilah N A',2,8,'$2y$10$UzJaFXej5.LqxNWTTPQ4NeOLaq67BAAOKZuqgBTFOE4Kz0Mr3JZme','1912521008_BF385028-A80F-4E4A-87B8-770297F80A78.png',2,'2020-10-30 08:59:24','2020-10-30 09:38:52'),
(786,'1712521001','Budiayu641@gmail.com','Ni komang Budiayu',2,6,'$2y$10$0qs5VtnRs8gOiHEmyGLD2uMzuyG1CQUVizbcxUkqjFnWkkwNeC/CW','1712521001_516D92DA-266F-486A-B6A6-29186214317A.png',2,'2020-10-30 09:00:50','2020-10-30 09:39:13'),
(787,'2012521018','marcellino2803@gmail.com','Marcellino Adrian',2,9,'$2y$10$lyIVOvI8UzsQMHE9ObQwYOfXsLrObmRpMdh8tIQ/a1L3NJbyzMnUe','2012521018_Screenshot_20201030-171049_Chrome.jpg',2,'2020-10-30 09:15:24','2020-10-30 09:39:35'),
(788,'1912521034','Indrasawitri883@gmail.com','Yudek',2,8,'$2y$10$8YQDiTzBcDWjuFgA6/WSxelbzNk61TUvIAOqVyGYZPxfYaT8W5qLW','1912521034_53AB860B-8248-41E6-858A-A57DA14BACBE.png',2,'2020-10-30 09:33:44','2020-10-30 09:40:21'),
(789,'1712521007','ayulala1999@gmail.com','Ni Gusti Ayu Indah Sari',2,6,'$2y$10$v91uyfZGdUsClOxHXAk9ROlzeqZegFyKrhS/n8wBwAljIGri/lhT6','1712521007_Screenshot_20201030_174038.jpg',2,'2020-10-30 09:42:18','2020-10-30 09:55:55'),
(790,'1812521039','saniaanr19@gmail.com','Sania Nur Rahmadhani',2,7,'$2y$10$xARtkCjww3NyLSnnO9aKV.0fUN0MvXEtTeKFIOApy.75ZIwoi5Mfe','1812521039_Screenshot_2020-10-30-17-44-05-159_com.android.chrome.jpg',2,'2020-10-30 09:46:06','2020-10-30 09:56:15'),
(791,'1712521040','arirismayadewi@gmail.com','Ni Made Ari Rismaya Dewi',2,6,'$2y$10$ZNAiiQmJlmzrInFDRqw2FekOVDoFy7KdUOTqPIFVW3f97DXYe./Aa','1712521040_Screenshot_2020-10-30_175557.jpg',2,'2020-10-30 09:57:54','2020-10-30 10:11:46'),
(792,'1912521025','widiastarynessa@gmail.com','Ni Luh Manick Widiastary Nessa',2,8,'$2y$10$iuAnMkysu8Pl9PrUQ1XCjOz1r2unI7hjThwQtwjNJyGNDTovDHgCa','1912521025_WhatsApp Image 2020-10-30 at 6.10.50 PM.jpeg',2,'2020-10-30 10:11:37','2020-10-30 10:12:26'),
(793,'2012521001','Cintyadevi1608@gmail.com','Ni Luh Putu Cintya Devi',2,9,'$2y$10$DsNBMjsaq7W5QonGReB1x.en8IrleCWeq6Tb5asbUbxWsLtudaZ.6','2012521001_8ADB146A-2EB1-46ED-B197-4137E2C355AB.png',2,'2020-10-30 10:21:55','2020-10-30 10:22:36'),
(794,'2012521044','aprlfelton1222@gmail.com','Dwi Nur Aprilia Lestari',2,9,'$2b$10$Ti63PUYbsdd8BAYXsutBPu2SGvSFFBur0ZpoA318vVWAUpiAPhe0a','2012521044_Screenshot_2020-10-30-17-31-56-589_com.android.chrome.png',2,'2020-10-30 10:32:58','2020-10-30 10:39:27'),
(795,'2012521069','gusbram00@gmail.com','I Putu Bagus Brahmastra',2,9,'$2y$10$p/YiJxkapGFJ61b9x3rSnO9lhYqZuNBy4WpD5pkRPh1k7yxspICte','2012521069_imissu.png',2,'2020-10-30 10:34:02','2020-10-30 10:39:45'),
(796,'2012521066','prasantidharma@gmail.com','Prashanti',2,9,'$2y$10$7w3Vu70UmvGmkoQxUWHOxepTP5v2epiV530o/SoeuU5FnzcKnueya','2012521066_711B66EA-2908-4817-BBC7-311DDC2C6C6C.png',2,'2020-10-30 10:35:37','2020-10-30 10:40:04'),
(797,'2012541071','tyaputu.aryantini@gmail.com','Putu Tya Aryantini',4,9,'$2y$10$KgJShb9lXxXkLcJEk0XAmu3wZQeXRlh/Cj3n41IRQtfVUlJElcs.m','2012541071_687CB869-0010-4E12-9E59-110BF63151E8.png',2,'2020-10-30 10:38:38','2020-10-31 05:58:48'),
(798,'1912521015','vivianaputriorlanda@gmail.com','Viviana Putri Orlandawati',2,8,'$2y$10$emz57GeSpOgPaJJYL6DHpuNIVMF5wfC4.ZN.yE0HsTPh7gORRmUA.','1912521015_7B02689F-6EAF-4BE9-8EEE-1809856F1D39.png',2,'2020-10-30 10:38:53','2020-10-30 10:40:24'),
(799,'2012521058','pdwidanti@gmail.com','Putu Dharma Widanti',2,9,'$2y$10$exH0osbJe2t6e3mAq2Z0BeNcOMMO452H7czmX7pcZtr/53beROjyy','2012521058_2A93A1C5-29FC-46D0-AB2D-EE4FD1BDA42E.png',2,'2020-10-30 10:38:56','2020-10-30 10:40:49'),
(800,'1812521010','triyazzahra@gmail.com','Triya Azzahra',2,7,'$2y$10$JTltMIZCs1tK9uZAUKfOQeIhyUoMRc1rONEo63PP.XfzkT.r8Zzpi','1812521010_0F30027F-4FAA-4CA5-BA9D-7DC4286BE3A8.png',2,'2020-10-30 10:46:11','2020-10-30 10:53:35'),
(801,'2012521037','badildede110@gmail.com','I Gede Bagus Parama Artha',2,9,'$2y$10$dVAotNIqbdVDdF5C6YJyzu6sFr2khj73qUVP9XAl8xYylLE.GanUK','2012521037_Screenshot_20201030-184636_Chrome.jpg',2,'2020-10-30 10:47:05','2020-10-30 10:54:03'),
(802,'2012521046','wahyukamvret12@gmail.com','I Gede Putu Wahyu Gurnita',2,9,'$2y$10$6/0vRkBdHGB.mwn34m1l1ufTdsf5Ti37GJyIDwFbVAGo2AbbZsslO','2012521046_Screenshot_2020-10-30-19-16-53-86.jpg',2,'2020-10-30 11:17:19','2020-10-31 06:00:30'),
(803,'1812541023','MFurqon43@gmail.com','Muhammad Furqon',4,7,'$2y$10$DEBERcUgkSLap0L.4jX5FeUam4Nvj5U3YnXd1U7S5CKoujJbGcbc2','1812541023_Screenshot_20201030-192606_Samsung Internet.jpg',2,'2020-10-30 11:26:59','2020-10-31 05:58:52'),
(804,'2012521022','Mursid2001ali@gmail.com','Mursidul Alimah',2,9,'$2y$10$h81nFBrB2JC2WDc7FjoRAuu4TVjhh5IKVJVvl2FU7jy.qRX7PD85C','2012521022_Screenshot_2020-10-30-19-50-11-70.png',2,'2020-10-30 11:50:33','2020-10-31 06:00:35'),
(805,'2012521002','24langoday@gmail.com','Fransiska Muar Bayon',2,9,'$2y$10$/6vsefsEL.BDUEvKCD752O18AJ0dDPJK5/fZIi1nNtqZSwYTZ0/32','2012521002_Screenshot_2020-10-30-19-50-49.png',2,'2020-10-30 11:53:26','2020-10-31 06:00:41'),
(806,'1912531052','riofebriant69@gmail.com','Rio Febriant Rizaldy',3,8,'$2y$10$fiF6MKvsNR2hCh/Ly1z9s.D76Sxk8KEtbBR6keUmtIDRLoSytYNP.','1912531052_Screenshot_2020-10-30-18-52-44-073_com.android.chrome.jpg',2,'2020-10-30 11:53:45','2020-10-31 06:02:45'),
(807,'1912531044','wwijaya72066@gmail.com','I Ketut Wahyu Wijaya',3,8,'$2y$10$VFCeV2h9MghXkAbWSUnmb.5FSyAMx4isBsvt.rccIaPmk9E.Pg3ju','1912531044_Screenshot_2020-10-30-19-53-03-99.png',2,'2020-10-30 11:53:52','2020-10-31 06:02:49'),
(808,'2012521039','chintya830@gmail.com','Putu Chintya Oktaviani',2,9,'$2y$10$NadynldiRpPvqZIepon8N.Key2raeoVWwsh5nJT6gBrj.boTMByGa','2012521039_FC5C5E6D-B87C-4DBA-9DDE-B6114DDC78D7.png',2,'2020-10-30 11:54:39','2020-10-31 06:01:02'),
(809,'1912551023','gitadharmaaa@gmail.com','Gita',5,8,'$2y$10$L2ovOIiLwq1L5LT3vSIRsen8o.5p7jD7igUNCZZT.R.4zclxZz1LO','1912551023_7D5338CF-4744-4CD3-B491-4CC55EC27C2C.png',2,'2020-10-30 11:56:02','2020-10-31 06:04:38'),
(810,'1812531057','anindyadevi7@gmail.com','A A Sagung Mas Anindya Devi Kusumanata',3,7,'$2y$10$aaw7LZmVoCgGBUSEOXIusuTW2WksWnorfRIgjjIa4JVN.WwSuMhse','1812531057_22505.jpg',2,'2020-10-30 12:06:21','2020-10-31 06:02:58'),
(811,'1912511010','paweelen@gmail.com','Bergita Elnisa Sule',1,8,'$2y$10$R..b8I4Wa4bIsGhnH8RJAecxtZ8JNFa3Ao2SjVwDV.kqpIpwEiFZK','1912511010_Screenshot_20201030_200501.jpg',2,'2020-10-30 12:06:36','2020-10-31 06:07:21'),
(812,'1812541029','wulankrtk@yahoo.com','Ni Putu Wulan Kartika Sari',4,7,'$2y$10$ekPmqc9GpG8ZHnTNQAKJsOoz/zF1fmV1iuvIN8Y/69Ra4aSGNwBY.','1812541029_C8378A41-1104-494D-904C-5594D376522A.png',2,'2020-10-30 12:12:47','2020-10-31 06:08:27'),
(813,'1912551031','Saridewiaprilia@gmail.com','Ni kadek aprilia sari dewi',5,8,'$2y$10$PlFZ/pmSHKoFASPGeedKGuOiXUCkwXuX1xsUpcAVYLm1ONXVvvAoe','1912551031_FA8076A6-CB1E-43D4-8A25-37C5D5029EA0.png',2,'2020-10-30 12:13:56','2020-10-31 06:04:44'),
(814,'1912531006','nopiharianti2000@gmail.com','Nopi Harianti',3,8,'$2y$10$09lFE6Ds83fZ1BG0xGNW2urZsC0yAsqcFteyotGSyqPsDnZLDpZ/K','1912531006_Screenshot_20201030_195211.jpg',2,'2020-10-30 12:14:59','2020-10-31 06:09:43'),
(815,'1912511031','agusdwiadnyana2@gmail.com','Agus Dwi',1,8,'$2y$10$IgdOMlZkIxEEOrwlQ0L5ruvmAWQWSW3l/MgJ7FvlnkE5rJ2osE8/O','1912511031_WhatsApp Image 2020-10-30 at 8.13.36 PM.jpeg',2,'2020-10-30 12:15:12','2020-10-31 06:07:25'),
(816,'1912551041','fabiolagrace19@gmail.com','Ida Ayu Fabiola Grace',5,8,'$2y$10$FNjiqa9eHN0ZLlkzFZiI9uLSiIgFyfn8DLKCIBF9f3PWUYMNHav5y','1912551041_Screenshot_2020-10-30-20-16-46-061_com.android.chrome.jpg',2,'2020-10-30 12:17:51','2020-10-31 06:05:10'),
(817,'1912531024','gungkania04@gmail.com','Anak Agung Putri Kania Pratiwi',3,8,'$2y$10$NgB//sN/LmzgK6JMkPckXOG4OJ0HTJ.Orv776mHL9o24pzGtMNTIm','1912531024_2F969B70-4384-4C18-8A36-E56156E39A97.png',2,'2020-10-30 12:20:25','2020-10-31 06:09:49'),
(818,'1912531028','nia.ganiswari.ng@gmail.com','Ni Kadek Nia Ganiswari',3,8,'$2y$10$3LZwTvuNUR8Ujtg5I0fHXe2QzLfIZyZRC7vcUl8G9sY5/faYiUBYq','1912531028_Screenshot_20201030-202142_Samsung Internet.jpg',2,'2020-10-30 12:23:06','2020-10-31 06:09:54'),
(819,'ninoleonita@gmail.com','ninoleonita@gmail.com','gusti ayu nino leonita',5,6,'$2y$10$nA8UNUBT4MgYogyCsvNUb.jfpQJkY0sWmPH3spktvVywC4zNGtbFa','ninoleonita@gmail.com_Screenshot_20201030-203738_Chrome.jpg',2,'2020-10-30 12:40:16','2020-10-31 06:10:40'),
(820,'1912531047','arytribuana2110@gmail.com','Komang Ary Tribuana Sriastuti',3,8,'$2y$10$PnIJp3fnYrMs1dw5Bjij9.pQNKWUqujAXErtlm78Kp3jhsxBu2i3O','1912531047_081839BB-3A8A-428D-B070-A68AB6CE60F2.png',2,'2020-10-30 12:47:10','2020-10-31 06:10:10'),
(821,'1912521039','clarita.atalya@gmail.com','Atalya Clarita',2,8,'$2y$10$RRccz2p2CptwrXRkZ9dM0ua1ww5Wl1TaPSR7iUPOCehVohiDRvXgu','1912521039_Screenshot_20201030-205402_Chrome.jpg',2,'2020-10-30 12:55:00','2020-10-31 06:11:48'),
(822,'1712521021','novalmaggots@gmail.com','Naufalariq Rizqi Ramadhan',2,6,'$2y$10$9Ql7mK3FC3twCmg3uuad6erhQTVfor1TSOWSPxJmGgudSjPTMMgpa','1712521021_Screenshot_20201030-205847.png',2,'2020-10-30 12:59:35','2020-10-31 06:11:51'),
(823,'2012521076','aldiolajayaputra@gmail.com','Aldiola Jaya Putra',2,9,'$2y$10$9Ld.3Nu8R7MRcIvLH//DYOrDMM8zAyLWuOw80AoyPzfz83rzp9M7y','2012521076_6A51638D-675B-4B7D-B633-F99107C86ABC.png',2,'2020-10-30 13:00:35','2020-10-31 06:11:56'),
(824,'1812521007','Adedina2000@gmail.com','I Dewa Ayu Made Dina Dwipayani',2,7,'$2y$10$cV/bO.BLOJcTOFm5DOFTO.JZcYTzJFAV1wFEfbb2NdHCcgcMkkjJq','1812521007_928FC497-70F0-4C4D-A5AF-46AD07F5F9EA.png',2,'2020-10-30 13:01:43','2020-10-31 06:12:01'),
(825,'1912521035','Samanthafandy@gmail.com','Samantha Putri Fandy',2,8,'$2y$10$DaunpP8i17rl.c/qOV3OMe6wr2UOK9r5fRdWIIbfbQ0DmACzdjrDq','1912521035_Screenshot_2020-10-30-21-00-14-92.jpg',2,'2020-10-30 13:02:54','2020-10-31 06:13:26'),
(826,'1912521030','dewakarlover@gmail.com','Dewa Ayu Suri Artika Dewi',2,8,'$2y$10$ee1SzYhO/chseZ5EivlftOQ4AiUwcnU4bA0FUxhiqULPa5PvJap0e','1912521030_Riwayat keaktifan.jpg',2,'2020-10-30 13:03:29','2020-10-31 06:13:29'),
(827,'1912521064','jevanmabel1@gmail.com','Jevan Mabel',2,8,'$2y$10$jUUNylBE8oku1ewdPOooduu0mLK1lLhY.3Y0hbdaUbziNg5/rKGEu','1912521064_42D40DA1-F32F-48D4-9253-B939C5BF2F18 2.jpg',2,'2020-10-30 13:04:40','2020-10-31 06:13:31'),
(828,'1812551025','mrndmeyraa@gmail.com','Miranda sanna meyra',5,7,'$2y$10$xFlSjjmQl9Ovn3Z88Jp/AekHXuPdZFe2PtcUcyBgNuE5VIyZMibt.','1812551025_E8C5EEF2-70DD-4DC5-87CE-EE8BD445511C.png',2,'2020-10-30 13:05:38','2020-10-31 06:16:15'),
(829,'1912521052','nabilahajri24@gmail.com','Nabila',2,8,'$2y$10$PG8/N7WmvZ0ii9wqHT1OWei7xOmmewfQws.a2sSGaCsOo8p97.Ibu','1912521052_Screenshot_2020-10-30-21-04-43-15.png',2,'2020-10-30 13:05:56','2020-10-31 06:13:34'),
(830,'1712521037','meisyaanandira@rocketmail.com','Putu Ayu Meisya Anandira Erawan',2,6,'$2y$10$Pjoe4vFhoChrD1mew/QfuubYNdxq0yrbUaXsx30JalkOBUhLf03We','1712521037_Screenshot_20201030-210342_Samsung Internet.jpg',2,'2020-10-30 13:06:00','2020-10-31 06:13:37'),
(831,'1812551039','tejangakan@yahoo.com','Ngakan Putu Teja Kamertaya',5,7,'$2y$10$3YshJIiaWuD30iR2TaWdJe/V7E4exT4uXkkEa/0cBRx7veewGh5rW','1812551039_Screenshot_2020-10-30-21-09-00-62.jpg',2,'2020-10-30 13:07:38','2020-10-31 06:16:19'),
(832,'1812521059','bellafebriola23@gmail.com','Ni Putu Baby Febriola',2,7,'$2y$10$P.eavNXrjZEkp/BIjCOHtuPVmDzv5GLfe/ASpCT1fhtlDew1qIyT.','1812521059_A6911273-09EF-4884-A1A7-D56BD2BE4AC7.jpeg',2,'2020-10-30 13:08:19','2020-10-31 06:14:23'),
(833,'1812521056','aufasalsabila486@gmail.com','Aufa Salsabila Anwar',2,7,'$2y$10$GNU8xNqmBhidSDE0aP2ooecFY938i7H0Hrz4r8M9Zdnh0YYHiElPW','1812521056_Screenshot_20201030-211019_Chrome.jpg',2,'2020-10-30 13:11:46','2020-10-31 06:14:26'),
(834,'1812521024','ayumelinda0519@gmail.com','Pande Ayu Melinda Pebri',2,7,'$2y$10$CdGVb2ugHv1hTE2SqA6s0uzWP8l7NprbcFpI0YucpgyorKLFswXGW','1812521024_Screenshot_2020-10-30-21-13-55-59.jpg',2,'2020-10-30 13:15:06','2020-10-31 06:14:29'),
(835,'1912531057','antrasena1@gmail.com','I Putu Gede Antrasena',3,8,'$2y$10$EHcWxbea0k7oqh/4KW3VwOgW8LkC5Cu1m.wsQuhqK1vS0yG1sj5US','1912531057_Screenshot_2020-10-30-21-17-46-543_com.android.browser.jpg',2,'2020-10-30 13:18:17','2020-10-31 06:15:08'),
(836,'1812551030','sirajverwis66@gmail.com','Muhammad Siraj Verwis',5,7,'$2y$10$p/uIsf5q6vdVz0qc1PVIhOPgdUnskZts3910xr5eSH5wA5ZAguOsi','1812551030_5F1F736E-2B71-4593-B4A5-DA84CE49E05C.png',2,'2020-10-30 13:20:20','2020-10-31 06:16:24'),
(837,'1812521049','tugasaysha@gmail.com','Aysha Rahma',2,7,'$2y$10$UGJmlXSyABH3xc/8yrsVxO6su2KBJ.2crNFP36ewerOeT/IYqsUji','1812521049_Screenshot_2020-10-30-20-20-56-51.jpg',2,'2020-10-30 13:22:13','2020-10-31 06:14:47'),
(838,'1812521071','girikusuma@gmail.con','Giri kusuma',2,7,'$2y$10$gOoK8kmJEOe/moC2QrR0/uEARGipwDxPuXHdJVC2L3waxgpT3S.Pq','1812521071_9DA8910B-F4D1-43F4-B7A1-085742039E88.png',2,'2020-10-30 13:23:47','2020-10-31 06:15:36'),
(839,'1812521005','Aprima1101@gmail.com','Aditya Prima Mabruri',2,7,'$2y$10$XzuBTogDTuRSHb458XqTwOjObaIo67VkjXvL7vAglZSvF6gsnTpY6','1812521005_Screenshot_20201030-212343_Samsung Internet.jpg',2,'2020-10-30 13:24:58','2020-10-31 06:15:40'),
(840,'1712511062','dayuparamithaa@gmail.com','Dayu indah',1,6,'$2y$10$52nt78Vzh1qdlWEg6Wpv2edWWeFe/Tb9dnlY/zgcEsAJ86Nb4.iIS','1712511062_Screenshot_2020-10-30-21-24-03-82.png',2,'2020-10-30 13:25:03','2020-10-31 06:23:40'),
(841,'1812521063','Chiandewi10@gmail.com','Putu Jianing Chiandewi',2,7,'$2y$10$dyR3AYXTQZM6/kBQaPLpeuqWXkkv1lmmuV6yqwTWGmsX0QJPElVMW','1812521063_6A54F2AE-7F01-4D4F-A17F-352B5F01CEDD.png',2,'2020-10-30 13:27:03','2020-10-31 06:17:19'),
(842,'1912521029','firstlysula@gmail.com','Firstly Erzsa Maharanny Sula',2,8,'$2y$10$3U8IIYDpyKkbBOFp0z./LuAiF3BIO1Lnf91RfT.YFHl4njvf/zUhe','1912521029_Screenshot_2020-10-30-21-30-01-982_com.android.chrome.jpg',2,'2020-10-30 13:30:40','2020-10-31 06:17:22'),
(843,'1912521016','jenniferaviantara@yahoo.com','Jennifer Aviantara',2,8,'$2y$10$kQqSHDQeZeDAd9xriFLoyenkrB3cTBfWZ03EK7o63eMmGyoWbZBty','1912521016_Screenshot imissu.jpg',2,'2020-10-30 13:40:20','2020-10-31 06:17:26'),
(844,'2012521003','nilapricila9@gmail.com','Ni Made Nila Pricila Dewi',2,9,'$2y$10$vCo6pQ6XyevrrM3gmicnEOkHT/sRkbnW4V1aOkMxJsdcf9qhfPfkK','2012521003_IMG-20201030-WA0032.jpg',2,'2020-10-30 13:41:47','2020-10-31 06:17:29'),
(845,'2012521027','joshuakarouw@gmail.com','Joshua Amadeo Enzo Rivaldo Karouw',2,9,'$2y$10$JJ6SAY0zDST74QBHzwaxFeWf75EsiDdEcQPZtbKqThC9JkNs53Obm','2012521027_WhatsApp Image 2020-10-30 at 21.42.13.jpeg',2,'2020-10-30 13:44:01','2020-10-31 06:18:06'),
(846,'2012521023','lailaguterres17@gmail.com','Laila Maria Estefania Guterres Ximenes',2,9,'$2y$10$gLvHrr/iZ8eHddDeDFD5BuqPD/bUIdxbH/nKJCqU/l4.OmpFF1AYq','2012521023_20201030_230155.jpg',2,'2020-10-30 14:11:58','2020-10-31 06:18:18'),
(847,'1812521020','ekajulyantari68@gmail.com','Ni Luh Putu Eka Julyantari',2,7,'$2y$10$H5QWzprk/BpDY4h4GsPPsugrMpbjrAiXzqau57EkLQ3HXImj3M0FO','1812521020_Screenshot_2020-10-30-22-15-06-57.png',2,'2020-10-30 14:17:11','2020-10-31 06:18:28'),
(848,'1812541034','Clarenciamilka26@gmil.com','Clarencia milka',4,7,'$2y$10$7YzefifyQfztABe93IOrqO.EsC7zScjw6YksLJwoxdYBDuhezZ/US','1812541034_296FB22B-BEEB-418B-AE65-A25832064CA3.png',2,'2020-10-30 14:23:38','2020-10-31 06:21:01'),
(849,'1912521045','kanayamirasinka@gmail.com','Amira Kanaya Sinka',2,8,'$2y$10$aM5lPo8vMXC1/9tG.oJqguCw21TJo3k0gcgmAwOSeHEPqOW0smhQa','1912521045_F941F0A2-ABC3-459F-A34F-BB9F949C595E.png',2,'2020-10-30 14:30:51','2020-10-31 06:19:03'),
(850,'1812541051','Gederudi1998@gmail.com','I Gede Rudi',4,7,'$2y$10$aTRFKvZvyFoipVb.sbnM8.x7QRpt8m/OMlMtM0dA/8TkFHfccL4we','1812541051_9D9154E4-E345-44B0-98BC-F08820968991.jpeg',2,'2020-10-30 14:50:10','2020-10-31 06:21:07'),
(851,'1812521066','andika04baharirachmat@gmail.com','Andika Rachmat Bahari',2,7,'$2y$10$lD5z3psrevlYgOkmDCESMuSQ1YUxxI6zVf8PLZ3tzv4JBqTaTH9D6','1812521066_58B5E987-4F21-452A-B583-B512A03A99D3.jpeg',2,'2020-10-30 14:51:27','2020-10-31 06:19:32'),
(852,'1912521066','divandraprema@gmail.com','I Gusti Ngurah Divandra Prema Oktadhio',2,8,'$2y$10$MFXOrck.n11Kl95NKyN5DepUQl9rY1VfOkMeGPvxuoH7byIkE3332','1912521066_Screenshot_20201030_231923.png',2,'2020-10-30 15:20:22','2020-10-31 06:19:37'),
(853,'1712521004','tilsabtopue@gmail.com','Tilsa Batseba Topue',2,6,'$2y$10$RmLClQ5Nnt0Erwm9xcXLwu0/N58.jZzrviSvfDCxzff.1tSByD3Eq','1712521004_Screenshot_20201030-232445_Chrome.jpg',2,'2020-10-30 15:28:20','2020-10-31 06:19:54'),
(854,'1812511042','Baity1912@gmail.com','Baity nazihah',1,7,'$2y$10$BnGf5.YBRrehArax8WA8/.tQFAlif3o7hv79gCJTuQNQbLd45gBhK','1812511042_Screenshot_2020-10-30-23-11-17-18.jpg',2,'2020-10-30 16:11:41','2020-10-31 06:23:43'),
(855,'1812521050','ziasriandani.3694@gmail.com','zias riandani',2,7,'$2y$10$9OwNxwKQd9zAyCfg7tp3bufqLFFrwrfdfUjc.mPBsO81D6.Gj67Ai','1812521050_Screenshot_20201031-033837_Chrome.jpg',2,'2020-10-30 20:39:51','2020-10-31 06:20:11'),
(856,'1712521064','ratnanggana24@gmail.com','Putu Dea Ranudhara Ratnanggana',2,6,'$2y$10$wpYRHLWs9.DXdmg7fmZt4Oc/gbBcNE8yJCjmQ/014tE8FUWAdfykq','1712521064_A7FADA8C-821E-4659-9ECF-EFB8F145F22C.png',2,'2020-10-30 23:10:06','2020-10-31 06:20:30'),
(857,'1912531005','Ayupurnama0507@gmail.com','Made Ayu Purnama Sari',3,8,'$2y$10$TRTWBkLq7AY0Q4o6rBRkVucvyC8WTEiymIHtDwMeQjDk0rOl6D9Uu','1912531005_Screenshot_20201031_072200.jpg',2,'2020-10-30 23:23:30','2020-10-31 06:21:28'),
(858,'1912311010','phyantani@gmail.com','Alexia Sipian Tani',6,8,'$2y$10$YOYPorlhrWB7GAfEvomT0eRuXynMcR9PCN9GgE1yhju5TBs.QUN.6','1912311010_Screenshot_2020-10-31-07-22-06.png',2,'2020-10-30 23:29:13','2020-10-31 06:25:26'),
(859,'1912521010','donikurniaone01@gmail.com','I KOMANG DONI KURNIAWAN',2,8,'$2y$10$L2n8HWlRfsDTKdkKjNOSK.nAbW420oKzRIJNE.48xRgxyiFmfFdXW','1912521010_inbound600315947325326308.jpg',2,'2020-10-30 23:35:09','2020-10-31 06:21:46'),
(860,'1912511051','Ariwidhiarsaa@gmail.com','Kadek ari widhiarsa',1,8,'$2y$10$NNR.1wjKplE3tXmmTZCcz.ncIqEmTp7JfP.kU6oFAOo1ZnADr47Ei','1912511051_041398FC-8B04-4237-97EF-7BCFDE5098C3.png',2,'2020-10-30 23:46:22','2020-10-31 06:23:46'),
(861,'1712521032','agungkrisnadevi99@gmail.com','Anak Agung Ayu Krisna Devi',2,6,'$2y$10$Cq40CuzoAE3eQjDrP2KlHeHdA1VAs1S/GJysQVlax8bJoNT2Kzhje','1712521032_Screenshot_2020-10-31-08-37-55-63.png',2,'2020-10-31 00:39:29','2020-10-31 06:22:06'),
(862,'1912311011','nilacyntyawatii@gmail.com','Ni Ketut Nila Cyntyawati',6,8,'$2y$10$KtnkSCUzxOFbNs9O.gSopebLu4e8xIc9h.L5DZj8ye4qxGCMGTVZa','1912311011_Screenshot_2020-10-31-08-43-12-24.png',2,'2020-10-31 00:46:03','2020-10-31 06:25:29'),
(863,'1912311014','taristyapradnyan68@gmail.com','Kadek Taristya Pradnyan Putri',6,8,'$2y$10$fOmvTfEAp0TlpEflQLGu0eMXjWjuVTV/I1Mzup5FuMyqvrHOBm5r2','1912311014_Screenshot_2020-10-31-08-55-37-21.jpg',2,'2020-10-31 00:57:31','2020-10-31 06:25:32'),
(864,'1912311013','adeliaayuf1211@gmail.com','Ni Kadek Adelia Ayu Fransisca',6,8,'$2y$10$ChyztLkI6YTTs3vQEGGLMeGO4sq.wIP4sfLKLOJv4M2GU94TRwafu','1912311013_Screenshot_2020-10-31-09-02-10-858_com.android.chrome.png',2,'2020-10-31 01:04:30','2020-10-31 06:25:35'),
(865,'1912311008','miraadipratiwi17@gmail.com','Ni Putu Mira Adi Pratiwi',6,8,'$2y$10$2pFGH9D8LAQOVg0Gi1Utvu4PN1KzrN7WxlOznToZZELngfaNQ/w2a','1912311008_Screenshot_2020-10-31-09-03-37-24.png',2,'2020-10-31 01:07:29','2020-10-31 06:25:38'),
(866,'1912311006','Kadekrahayu201@gmail.com','Ni Kadek Rahayu Wulandari',6,8,'$2y$10$sknKc43Df.hFkC00lMWXP./VPlJRhQEvEpbw1/idE6ehxVDOl5GMO','1912311006_IMG_20201031_091943.jpg',2,'2020-10-31 01:20:38','2020-10-31 06:26:08'),
(867,'1812551033','zilazil27@yahoo.com','Zila',5,7,'$2y$10$ciXCfbuhSWUbedUNp7MKV.sqVNnvovB8Ht23FqSFQAzylA7lZsXKW','1812551033_IMG_7231.PNG',2,'2020-10-31 01:22:52','2020-10-31 06:26:44'),
(868,'1912511039','mangsrijul@gmail.com','Ni Komang Sri Juliantari',1,8,'$2y$10$fogn1y6zyvMoa2Is/MzpT.oCumW3Uc/G4h56XevoKbz7ngP/fdsTC','1912511039_Screenshot_20201031-092845_Chrome.jpg',2,'2020-10-31 01:28:23','2020-10-31 06:27:08'),
(869,'1912311001','pratamadeva999@gmail.com','I Gede Deva Wira Pratama',6,8,'$2y$10$rpcTWmDImX/rFNIuwxJAp.VEEns3CVHf9q9iqWlBlaNFhusAx5nyu','1912311001_IMG_20201031_094616.jpg',2,'2020-10-31 01:49:21','2020-10-31 06:26:12'),
(870,'1912521027','irmawatisiska2@gmail.com','Fransiska Irmawati Angkat',2,8,'$2y$10$Qeb8Y2CO7QK8qv8GKzl3C.fkl86KMkRE3TjmyYNxQmg8NHayOzb3W','1912521027_Screenshot_2020-10-31-09-54-26-386_com.android.chrome.png',2,'2020-10-31 01:57:31','2020-10-31 06:27:56'),
(871,'1812551036','mawar.ariestuti@gmail.com','Mawar Ariestuti',5,7,'$2y$10$6bEEwQHJ00.dwibsSyJueutiDxL06cLg1XNXdvMq5NDoqCIMbprt6','1812551036_Screenshot_2020-10-29-12-15-28-29.png',2,'2020-10-31 01:59:43','2020-10-31 06:26:48'),
(872,'1812521069','Mithasari378@gmail.com','Luh Mitha Sari Anggreni',2,7,'$2y$10$UjGt/mVKNTgsApqy.zfvsuqt0shA9bCt/CjcQ1wrs4ZtIpcft2f9a','1812521069_D08B20C4-4D42-4833-9207-CE94E5FD45D4.png',2,'2020-10-31 02:00:14','2020-10-31 06:27:58'),
(873,'1712524020','gilbertleonardw6@gmail.com','Gilbert Leonard W',2,6,'$2y$10$zvT64MN1Ltb4.QjAfypPie1VbeNqXo33Ut9AlQe90P/hhpYxIW0Hq','1712524020_1604109470038.jpg',2,'2020-10-31 02:03:03','2020-10-31 06:28:01'),
(874,'1912311012','darmayudaswwk@gmail.com','Kadek Darmayuda Satryawibawa',6,8,'$2y$10$ssRbGBRhtTh9O.9645JtvujEKIXWUEFMz2HTeSQi18iX9kO597ZhS','1912311012_Screenshot_20201031-100327_Samsung Internet.jpg',2,'2020-10-31 02:03:57','2020-10-31 06:30:07'),
(875,'1912311002','ayulaksmidevi2001@gmail.com','Ni Putu Ayu Laksmi Devi',6,8,'$2y$10$xIBNnooHYwMKfHP4DRtc6uwxex7.wCbGa1h7eOfUwCUOvcdgqfL7O','1912311002_Screenshot_2020-10-31-09-59-43-473_com.android.chrome.png',2,'2020-10-31 02:27:55','2020-10-31 06:30:10'),
(876,'1812521062','Pradinatha97@gmail.com','Kadek ari sumadi dwipradinatha',2,7,'$2y$10$V.N35nrMihWEv.z0lhYxgeqDt6Ic3YN26um7jQpo6jskg8tNLfhUW','1812521062_B53B454D-35A2-46C9-AEDD-122CF0C9C9A0.png',2,'2020-10-31 02:29:49','2020-10-31 06:28:23'),
(877,'1912551020','jesikadamayanti211@gmail.com','Jesika Damayanti',5,8,'$2y$10$crQ94FC5FfyDubjZGtcymeltF.U.coebUlkt5twM6.iucJKBKgGwe','1912551020_IMG_7931.PNG',2,'2020-10-31 03:03:23','2020-10-31 06:29:13'),
(878,'1912311005','prtwidhiani22@gmail.com','Ni Putu Eka Pertiwi Widhiani',6,8,'$2y$10$doZmD6AgfBlzx0JyY2/QrewKOV0GZRYFOnxeFLiW/OimN9e0qKy0G','1912311005_IMG_20201031_110325.jpg',2,'2020-10-31 03:03:58','2020-10-31 06:30:13'),
(879,'1812521022','bbprass24@gmail.com','Ahmad Fajril Muharam',2,7,'$2y$10$.mA0hQtV3Sx16vWye418Iuf4Jb90jdvoRCRXn4X4xDl3bR1RWSN96','1812521022_Screenshot_2020-10-31-11-50-22-90_4641ebc0df1485bf6b47ebd018b5ee76.jpg',2,'2020-10-31 03:52:15','2020-10-31 06:28:42'),
(880,'1812511005','dewimarpaung200@gmail.com','Dewi Marpaung',1,7,'$2y$10$Yiip8LID6M.a08Bu/kjyre3YjTyym60YygGOYHdXlHvdd.ongpDMS','1812511005_2E6742B8-9060-4113-B3AE-4EF0DFA252BC.png',2,'2020-10-31 04:31:47','2020-10-31 06:30:38'),
(881,'1812531029','srimarhaenikadek@gmail.com','Kadek Sri Marhaeni',3,7,'$2y$10$KJI3quhkg0uUBQAjM0.KuOfO8KjB8QjvuXFwmMMaf/TL49Ge5KRzC','1812531029_7E2D7B68-38D4-4665-B461-D37E7354B64F.png',2,'2020-10-31 04:37:54','2020-10-31 06:31:11'),
(882,'1812541030','fmrbn19@gmail.com','Felix',4,7,'$2y$10$32LKILWLyTUqDtcK6YbuwenL37D.MW0rMYXsMDBbD7poMCTfXpQTW','1812541030_Screenshot_2020-10-31-12-53-45-940_com.android.chrome.jpg',2,'2020-10-31 04:54:37','2020-10-31 06:31:51'),
(883,'1912531035','angginachandr120@gmail.com','Ni Putu Anggina Chandra Dewi',3,8,'$2y$10$BE8o/FOwP75oB4agiksMu.UBxJf3JMgNTr/i3YMOoQ0nNrqxDmNcq','1912531035_Screenshot_2020-10-31-14-02-25-83.jpg',2,'2020-10-31 06:02:52','2020-10-31 06:31:15'),
(884,'1912311003','kadekmeysi20@gmail.com','Meysi Anggiyani',6,8,'$2y$10$4Hbl6SXOQuVR.aUhujlG7O3jqZ4eecajtKU6XS9iqFBIg5vLB9fje','1912311003_61FF2770-B483-4CCA-B201-6539D738AADB.png',2,'2020-10-31 06:26:10','2020-10-31 06:32:50'),
(885,'1912311007','desaksukma9@gmail.com','Desak Sukma',6,8,'$2y$10$5N702AY/LG/y2AIGpihtyuJIuxTKeryMgWZW1GqmqEJeTVLWLIp0W','1912311007_0C97DF01-990D-4F73-8374-4286042D5DF9.png',2,'2020-10-31 06:28:13','2020-10-31 06:32:52'),
(886,'2012311003','Tegarwiguna1708@gmail.com','Kadek tegar satua dharma wiguna',6,9,'$2y$10$O5hpCCLs.C6k6GvDNiw/uu8Gv/eQPTnPVSn5BgS32OEE.TeZ7EEMe','2012311003_81836A60-9BB3-4505-A4B5-C8E5AEB9EA14.png',2,'2020-10-31 07:34:35','2020-10-31 14:53:07'),
(887,'2012311001','febrydiastari7@gmail.com','Ni Putu Febry Diastari',6,9,'$2y$10$wuCtvcfjdvgYIgOiP4aneOx3pBMpbufaQ2rbJ/0VJPvAuJRW5ijii','2012311001_inbound2127415985850213047.jpg',2,'2020-10-31 07:39:14','2020-10-31 14:53:11'),
(888,'2012311005','Dewiekasari73@gmail.com','Ni luh dewi ekasari',6,9,'$2y$10$Q3W9/TmoAgoCpfBEESGCreMT6XhkVDKKSyIsfN4CB9atcD5nAlh/K','2012311005_EDE8DCCC-2511-437C-8C6F-02E1323EA528.png',2,'2020-10-31 07:51:00','2020-10-31 14:53:19'),
(889,'2012311006','windakana28@gmail.com','Ni Putu Winda Rahayu Srikana',6,9,'$2y$10$Rq2zk/ckvnyBOLjNclKgquH5wIVZCl4WEpzaGAhpRJ1LOFAULIHwG','2012311006_FBC16EE2-794C-4180-8416-12EDCC2DA000.png',2,'2020-10-31 08:46:35','2020-10-31 14:53:27'),
(890,'2012311007','diskafebryana16@gmail.com','ADISKA RIZKY PUTERI FEBRYANA',6,9,'$2y$10$DhcG6Zp5xGj1XLNWOpoLJuyjTTk6.B62Yqby.bR7q3gF6JHdq6YRK','2012311007_Screenshot_2020-10-31-16-55-26-07.png',2,'2020-10-31 08:56:25','2020-10-31 14:53:39'),
(891,'1912521050','sawitridewi2001@gmail.com','Ni Putu Ari Sawitri Dewi',2,8,'$2y$10$K62PbQgSgWrf9wBklFZNHOJo2AzEjPSZP72Sx9119i9KrjjKUsMKi','1912521050_0E137B78-388B-4682-B87B-36B2579F5068.png',2,'2020-10-31 10:48:26','2020-10-31 14:56:17'),
(892,'1912311009','diandwinanda2@gmail.com','Kadek Dian Dwinanda Puspita',6,8,'$2y$10$cFGswG11hCvWTmp4OGhkqO/Hklnb2MsJEHTPF00x/fbOIEuNXo5li','1912311009_FD4C1CD2-F195-4982-9CED-25671FA60238.png',2,'2020-10-31 12:42:25','2020-10-31 14:54:51'),
(893,'1612511019','putrianasevty@gmail.com','Putriana Sevty',1,5,'$2y$10$zLdLVre/CJBxKLlcu1EWDucrTXM8I4hwx7krfKRGAJ833g0yof5.y','1612511019_134B3813-3E38-4EF2-95BB-27F333F27FC6.png',2,'2020-10-31 12:51:28','2020-10-31 14:56:24'),
(894,'1812551038','yonatamcfc@gmail.com','Putu Yonata Udawananda',5,7,'$2y$10$Hphuwlv.GGGy7hjk/hcc2ujKTCJOrEVU0WEvFg71TfeZrera19cvi','1812551038_IMG_20201031_214612.jpg',2,'2020-10-31 13:46:34','2020-10-31 14:56:32'),
(895,'1912521043','jacinda.pielivia@gmail.com','Jacinda',2,8,'$2y$10$AE4izq3jmwYwWjz5Kfvu8OkQJWKCmCYuJyU.sWpB8WgQx7oQUwRTe','1912521043_48522F22-895A-43AC-8E68-7B09B92923AA.jpeg',2,'2020-10-31 17:34:59','2020-11-01 03:43:00'),
(896,'1712521012','pututrisnadewi5@gmail.com','NI PUTU TRISNA DEWI',2,6,'$2y$10$OT9DeUeCQUm6EL6/36Hj/OzTBLRtiMhePHIiW5TzSQkdhX2qVygdO','1712521012_597A3D6E-EF09-4CE6-86C8-16125B560646.jpeg',2,'2020-10-31 23:30:13','2020-11-01 03:43:05'),
(897,'1712521015','elyasafitri.elya@gmail.com','NI LUH ELYA SAFITRI',2,6,'$2y$10$3hA4s9QdizhXF0eUBsVDKO8P0piH606bGi/.wuT2Rld1YIQP0d8B6','1712521015_4C40A3BD-6997-47F5-828C-8D42C00802D9.png',2,'2020-10-31 23:30:49','2020-11-01 03:43:08'),
(898,'1812311006','Noviasatya4@gmail.Com','Novia',6,7,'$2y$10$OELEOQglHE/16eE4EThajO063.AH9mfK8pWgAA7B1ewDA3EWnpFMa','1812311006_Screenshot_2020-11-01-07-31-16-25.png',2,'2020-10-31 23:32:20','2020-11-01 03:43:12'),
(899,'2012511042','ravedaadinda@gmail.com','Kadek Raveda Adinda Paramitha',1,9,'$2y$10$XS/zfeNYog12S5YjnM/Tg.TTPZFaSUEl8jMfAyHG6KqlXhLI6o5pO','2012511042_B0C958E9-13BA-412F-B569-ED9595057C41.png',2,'2020-11-01 00:06:36','2020-11-01 03:44:41'),
(900,'2012511048','sry.sinaga123@gmail.com','Sry Rahayu Sinaga',1,9,'$2y$10$9CDh/c90t/bXdkW.tO2ZKO8Mkqa9G0Dlegb//JKa5WLgDYBTntsiC','2012511048_8EBFAC15-A627-4806-A454-DDBAA7896D26.png',2,'2020-11-01 00:21:38','2020-11-01 03:44:46'),
(901,'2012511041','febryantari002@gmail.com','febri yantari',1,9,'$2y$10$ND5yhjIBdOEb/ILGrYoFbepbw4tVLzwWlSQjekh4Hushfro964BUS','2012511041_3E976C15-807A-4BAD-A0DD-E2B01CEAD2A7.png',2,'2020-11-01 01:22:17','2020-11-01 03:44:50'),
(902,'1812541031','rahmahany.f9e@gmail.com','Rahmah hany',4,7,'$2y$10$VxDamwZ1ZKBpMmzNBsWjce8dRSuWODyhxs9uNGKww5nLVVfRqKkkK','1812541031_Screenshot_20201101-084140_Chrome.jpg',2,'2020-11-01 01:43:17','2020-11-01 03:44:53'),
(903,'1712521017','Ayusuwari@gmail.com','Ni Wayan Ayu Suwari',2,6,'$2y$10$TzXkHF9585tlsfNAjmnMOeX7gQSpbZZ3Je5AA7rRTQvW/WtQG6QpC','1712521017_Screenshot_20201101-094314.png',2,'2020-11-01 01:45:12','2020-11-01 03:45:50'),
(904,'1812541013','adewahyupratiwi@gmail.com','Ade Wahyu listia pratiwi',4,7,'$2y$10$sjahaMnym5SmBSg1PCIIFuLwG34chmvePlvt1Vfg6jiSYTv9TAVoS','1812541013_Screenshot_20201101_094518.jpg',2,'2020-11-01 01:46:09','2020-11-01 03:45:54'),
(905,'2012541069','gussunu899@gmail.com','Ida Bagus Gede Bayu Sunu',4,9,'$2y$10$sgVEta5hWn397.G4jJKFWeD3kFvL3Hq1x/CmuYZ.vIrbRKrtMQXm6','2012541069_F1D3463F-7395-4472-8D3B-598BD797DC08.png',2,'2020-11-01 01:52:40','2020-11-01 03:45:57'),
(906,'2012541033','saskopermadi@gmail.com','Daffa Saskoro',4,9,'$2y$10$L1Xzz0KRBIFaFXwOqK5TyerQt/G999Jbv12a8sOwRZkLoLjkgu/EG','2012541033_F5DD5DCE-4275-4D47-92EF-7D606D91C662.png',2,'2020-11-01 01:54:44','2020-11-01 03:46:00'),
(907,'1812541010','delphyginting@gmail.com','delphy embarina ginting',4,7,'$2y$10$.mMwuM/5TkBjL61cSpnUVe/MLfAQ.hGRPpkn7FpUSr.KxLI1ZEUnO','1812541010_Screenshot_2020-11-01-08-51-43-17.png',2,'2020-11-01 01:55:20','2020-11-01 03:46:43'),
(908,'1712541022','Eltitto17@gmail.com','Zaitul ikhlas',4,6,'$2y$10$medIeWzvHbgpDZrWcIH7au.PSh5u0D1Z.sLbdvzC1.C5qyaxaGYqq','1712541022_Screenshot_2020-11-01-09-55-34-945_com.android.chrome.jpg',2,'2020-11-01 01:55:49','2020-11-01 03:46:47'),
(909,'1712541031','aquaclub16@gmail.com','Nicholas Edieth J. Enrico Sinaga',4,6,'$2y$10$Q95CGwpNC1LXHSEBlbvHGOJHAaA19C2.noH.EBkptrG/6QG8ADTyK','1712541031_Screenshot_20201101-095631_Samsung Internet.jpg',2,'2020-11-01 01:56:50','2020-11-01 03:46:50'),
(910,'2012541056','satrialiabidzar@gmail.com','Abidzar Satriali',4,9,'$2y$10$MCUrJGZoWypRPQIS3WKHD.cAmFzkYh02OSEWcqb573rBkeu1BciF6','2012541056_Screenshot_20201101_085845.jpg',2,'2020-11-01 01:59:10','2020-11-01 03:46:55'),
(911,'1912541013','monicacahyani20@gmail.com','Ni Kadek Monica Cahyani',4,8,'$2y$10$EQVbHKLmyAQSLowQKjBQM.ga6tlWSGFfy3xCBR2v3zSckWj3PgLki','1912541013_C94786DE-1EAD-43E7-B8FA-F681B428CFA5.png',2,'2020-11-01 02:01:19','2020-11-01 03:47:41'),
(912,'2012541023','ditawidi2@gmail.com','Ni Nyoman Dita Widi Adnyani',4,9,'$2y$10$fG7nPzFnASYs4ezOf2uWo.FHIAcWB0hAis295ERcvmclBtGl0uwHG','2012541023_Screenshot_20201027-132332_Chrome.jpg',2,'2020-11-01 02:02:03','2020-11-01 03:47:44'),
(913,'1812551059','rammmsss12@gmail.com','I Gede Ketut Adhi Rama Rejeki',5,7,'$2y$10$WouE2dTzieqkx5Tt6OWVgOuz8rOaye/RArcrvJtQBvdC6.n7cZMmy','1812551059_Screenshot_20201101-100052_Chrome.png',2,'2020-11-01 02:03:14','2020-11-01 03:47:47'),
(914,'1712541060','dadang_arisandi52@gmail.com','Dadang Arisandi',4,6,'$2y$10$.WLbwXrMxMfl3MuXNuUEJ.975XSSh8btlDsvD1Q/CVFyVcXIc/k1.','1712541060_Screenshot_2020-11-01-10-01-52-935_com.android.chrome.jpg',2,'2020-11-01 02:03:30','2020-11-01 03:47:51'),
(915,'1712531023','heysisi13@gmail.com','Ni Putu Sisilia Tresnawati',3,6,'$2y$10$1LXo1H0MNf.ksrFpmfuyD.PQiQeP/VGLJSZeCYhpoWWV.9fnDj61C','1712531023_488024AF-C975-42D5-AF24-E1FEA5A1D022.png',2,'2020-11-01 02:05:57','2020-11-01 03:48:34'),
(916,'1912541040','yurikachyntia@gmail.com','Chyntia Yurika',4,8,'$2y$10$b7v86Kz35nGdjnOf/p86OOuKoKBq0NrkfzxKB8f2IuQ.iMNjbFMmq','1912541040_36DCA3D2-661B-4A13-9339-471A1BC919BF.png',2,'2020-11-01 02:12:49','2020-11-01 03:48:37'),
(917,'1912541015','williamjodi21@gmail.com','Jodi William Sembiring',4,8,'$2y$10$dJWOoQIha1BT1fMoa2NKdO77Jl3gVPf8Pw0z2nlqaGDminb9ta4t.','1912541015_Screenshot_20201101_085913.png',2,'2020-11-01 02:14:03','2020-11-01 03:48:41'),
(918,'1712531005','nitipradnya99@gmail.com','Ni putu niti pradnya suari',3,6,'$2y$10$cM1leQO0FvsXAqCY.1HhVetLs./2DPr20cWS.EJq9u77SCHxGqvKe','1712531005_Screenshot.jpg',2,'2020-11-01 02:15:07','2020-11-01 03:48:47'),
(919,'1812551016','larasindriyanti9@gmail.com','Laras Indriyanti',5,7,'$2y$10$AnjOe82WCBlJ8KpVwqqPS.VM0RljX3tdebA3.F6uCOgZsh6QdvBXG','1812551016_Screenshot_2020-11-01-10-14-20-545_com.android.chrome.jpg',2,'2020-11-01 02:15:12','2020-11-01 03:49:40'),
(920,'1812541016','madeputrawijaya2016@gmail.com','I Made Putra Wijaya',4,7,'$2y$10$qZK59LLQqeKWF7XDJy5fXOpbXMSp/eNYF/xf/XIfXOe0cllpf7qo.','1812541016_Screenshot_2020-11-01-10-13-40-502_com.android.chrome.jpg',2,'2020-11-01 02:18:26','2020-11-01 03:49:44'),
(921,'1712541002','Bvirginia24199@gmail.com','Virginia',4,6,'$2y$10$N.widFWI8SSjQ7YMEDypC.UaSatiy9hRTJuJ19BmCK0Z/Od71TLwu','1712541002_Screenshot_20201101-102051_Chrome.jpg',2,'2020-11-01 02:21:16','2020-11-01 03:49:46'),
(922,'1712541041','itaapriliani59@gmail.con','Desak Gede Ita Apriliani',4,6,'$2y$10$UYFePgicYafqEnObDEg64.S7exjOJOPQx1QXJV/JKhU3m/FcxANve','1712541041_Screenshot_2020-11-01-10-18-36-97.png',2,'2020-11-01 02:21:34','2020-11-01 03:49:50'),
(923,'1912541027','komangm6@gmail.com','i komang mahendra kusuma',4,8,'$2y$10$koKOBalHBLDkwvykXnc2..HteLssT87OFbzyWPHjUTWWWuNB1abOu','1912541027_IMG_20201101_102016.jpg',2,'2020-11-01 02:24:47','2020-11-01 03:50:29'),
(924,'2012541012','boymulana58@gmail.com','Boy Mulana Saragih',4,9,'$2y$10$I0SMSo2oGSnFxIlg35zImOtVZqaMqsCSjxHwKFQgtQDtQlje5I7u2','2012541012_Screenshot_2020-11-01-09-25-44-10.jpg',2,'2020-11-01 02:26:05','2020-11-01 03:50:32'),
(925,'2012541073','gungmasyogistari@gmail.com','Gungmas Yogistari',4,9,'$2y$10$GZg2SCTzaHys3m/.H3PbLeOlIPlhjwRVQgx4.I0xkLdsT9Wcnch2G','2012541073_93D5FA76-AD24-4838-9ED8-659C14F8D745.png',2,'2020-11-01 02:28:19','2020-11-01 03:50:35'),
(926,'1812551007','diniayulestari28@gmail.com','Dini Ayu Lestari',5,7,'$2y$10$ox/J.dAi4ahtcxzY5m30nuWqhBtT19oFCVn6I/P4BB1ub.hwvNI0G','1812551007_Screenshot_2020-11-01-09-13-09-65.png',2,'2020-11-01 02:33:06','2020-11-01 03:50:39'),
(927,'1812551024','Auroramaharanipt@gmail.com','Aurora maharani',5,7,'$2y$10$3Odt1i4opqpOlBlKYqibUuN1pxUS9WV2BApQgD6dUmI/6xgOrrVJa','1812551024_Screenshot_20201027-151428.png',2,'2020-11-01 02:37:32','2020-11-01 03:52:08'),
(928,'1712541023','doddybahars@gmail.com','doddy syamsul danny bahar',4,6,'$2y$10$ToDWvhMSOXwBS.MVURlEFOdo5YS1LQ9l6iiueIt6hLiGxdmBbG9Z6','1712541023_Screenshot_20201101-093547_Samsung Internet.jpg',2,'2020-11-01 02:37:41','2020-11-01 03:52:12'),
(929,'1812551058','joannaully223@gmail.com','Alethea Joanna Ully',5,7,'$2y$10$VXMjQACxY.DrnG0pJ9BTOO3kFQqZl97WWT2yHLT6NzWBHdjBCp4L2','1812551058_FECC66EF-C1D4-4035-B47D-076FF23A292D.png',2,'2020-11-01 02:41:41','2020-11-01 03:52:16'),
(930,'2012541050','nzdnal@gmail.com','Rinaldi',4,9,'$2y$10$zKluoKk2yA9.j9ksk0Ok8.q1LgXqAo4TJi1LwQOpY4aV018cr0SGC','2012541050_Screenshot_20201101-094801_Chrome.jpg',2,'2020-11-01 02:49:06','2020-11-01 03:52:21'),
(931,'1712541030','Rosyadi204@yahoo.com','Roesyandi adi susilo',4,6,'$2y$10$EGPf5h.I.nV.dyEjYHGdeuugMFFWf4odJE4xRW1FgW2Vp2Xw9acAO','1712541030_Screenshot_2020-11-01-10-48-52-879_com.android.chrome.jpg',2,'2020-11-01 02:49:29','2020-11-01 03:53:03'),
(932,'1912541035','giovannapramudita@student.unud.ac.id','Giovanna Pramudita Pawestri',4,8,'$2y$10$1QUcPx7btKoLjAY8jIrEkubrq3bp/uXO09f/pNvC1GQlqgtpS/J3i','1912541035_4AA1D1B5-637F-4B1B-9600-9BC368C47EF0.png',2,'2020-11-01 02:50:53','2020-11-01 03:53:06'),
(933,'1712521002','ririnpram03@gmail.com','I Gusti Ayu Ririn Pramesswari',2,6,'$2y$10$HfExl/3iJlrGJ9PzNNJPSOF9TqRDQ.KvRx9.Cw3uRQvXC2nPPAzxy','1712521002_Screenshot_20201101-110204_Chrome.jpg',2,'2020-11-01 03:03:03','2020-11-01 03:53:10'),
(934,'1712541032','Marzshaarawy@gmail.com','Umar Abdurrahman Raharja',4,6,'$2y$10$GXuzq4045//6VaINRxux2eEBefUdnPVY.dasPI743UIj2BrWLkn4K','1712541032_Screenshot_2020-11-01-10-06-30-751_com.mi.globalbrowser.jpg',2,'2020-11-01 03:07:16','2020-11-01 03:53:19'),
(935,'1712531065','fransema12@gmail.com','Fransiskus Triananda Gangga Sembiring',3,6,'$2y$10$A8xQ2q/eC0rrSAUU1fy5S.gbpCRyP1nsfoTQqD5XvYaCDmAGw7Ohm','1712531065_Screenshot_2020-11-01-10-07-00-896_com.android.chrome.jpg',2,'2020-11-01 03:07:34','2020-11-01 03:54:17'),
(936,'1712521010','athenrose8@gmail.com','Putri Metta',2,6,'$2y$10$kOBGOBTBurWTWLzWIC4DL.Fd83RSVMjxHWWhx1ankEl6AMcqvIuXO','1712521010_Screenshot_20201101-110903.png',2,'2020-11-01 03:09:48','2020-11-01 03:54:22'),
(937,'1712521029','velincatrisha99@gmail.com','Velinca Trisha',2,6,'$2y$10$PgE/3LQXHxm98A3SHwq5Uuvg7MOC7rfEkmilspULVH99GY4qsvFDq','1712521029_1CBEE69F-B03C-46EF-B9CD-59BC9986C2AC.png',2,'2020-11-01 03:20:46','2020-11-01 03:54:24'),
(938,'1812311008','nptyenisuantari@gmail.com','Ni Putu Yeni Suantari',6,7,'$2y$10$QyKCQKzPEDEzD83QOUg0PuDp1jETFIqOjHb9XvSw9jmRScWgZXUqS','1812311008_746DB9B2-3F44-4B3D-99C1-FA30C1767DF1.png',2,'2020-11-01 03:35:47','2020-11-01 03:54:27'),
(939,'1812541046','ditojonathan18@gmail.com','Dito Dominggus Jonathan',4,7,'$2y$10$PgebwHjUa0RMCjwZJCQEheDnyAww8vdLHouY2Sv/NXybh74ctO21q','1812541046_Screenshot_20201101_113423.png',2,'2020-11-01 03:37:46','2020-11-01 03:54:54'),
(940,'1812541008','Asuprianta437@gmail.com','I made agus suprianta',4,7,'$2y$10$8ihWQQCzAkPfRjbYY8t5CeEiAvZdKVKxNwTaf86hzvGPv5Z4YKszq','1812541008_318DA834-3FBA-4F2C-B1AB-3253F0D1763B.png',2,'2020-11-01 03:38:15','2020-11-01 03:54:52'),
(941,'2012551075','cyntiaariprameswari@gmail.com','Made Cyntia Ari Prameswari',5,9,'$2y$10$ZclfS6Ww9yGtve90ZmCI..vq6HHetr31k/D91v.9LHWO0iXYOritC','2012551075_A3B6EBE5-E5CB-417B-8F8E-02A40E88F395.jpeg',2,'2020-11-01 03:55:21','2020-11-01 14:53:09'),
(942,'1812311011','pebipalentini716@gmail.com','Ni Kadek Pebi Palentini',6,7,'$2y$10$a7LUdI9Kf3mpp2U4cgmP1.fGf.8VN0L0TB0nq5IiDCRzY2sB/KjSG','1812311011_Screenshot_2020-11-01-12-54-00-74.png',2,'2020-11-01 04:50:23','2020-11-01 14:53:17'),
(943,'2012541021','ravaelx186@gmail.com','Simson Ravael Nababan',4,9,'$2y$10$QZQTmDeVTyc2cqAc9pSwKenWemNWXumfDfplW.QWsYVimQKlYJCzu','2012541021_Screenshot_2020-11-01-12-01-03-427_com.android.chrome.jpg',2,'2020-11-01 05:04:21','2020-11-01 14:53:21'),
(944,'2012511035','bdsaputra94@gmail.com','Bagus Dwi Saputra',1,9,'$2y$10$/kyLpnolGNvrLua01NyIruwmlHGaHYzIQC5HLe1nIOFKXCY3QFr1G','2012511035_45DC4221-EC6B-4119-860A-F5385C95DBE3.png',2,'2020-11-01 05:18:05','2020-11-01 14:53:26'),
(945,'1812541032','jessicasetyadii@gmail.com','Anastasia Jessica',4,7,'$2y$10$6ACp3KheGMFVJDK7o7dFx.0TreeoItdvICmjS/E44Fh9aobKgLWA.','1812541032_095157E7-8F02-412D-A367-A88CFEC0F1E1.png',2,'2020-11-01 05:29:06','2020-11-01 14:53:30'),
(946,'1812541039','Yoyikannamidori31@gmail.com','Yoyik anna',4,7,'$2y$10$12.XIge4YSHg3vatmBJq5.gYvdIDxQ62mHSqQEEK5gefTQbR6BsJ2','1812541039_Screenshot_20201101-133007.jpg',2,'2020-11-01 05:31:12','2020-11-01 14:54:51'),
(947,'1812541004','euginiamar@gmail.com','Euginia',4,7,'$2y$10$nXMUyj9QHVY48iojyiiTo.E8Jr64Vc1NuKVOG3jVr6dNENviLdavy','1812541004_Screenshot_20201101_123048.jpg',2,'2020-11-01 05:32:45','2020-11-01 14:54:55'),
(948,'1712531064','allensabadtian87@gmail.com','Zaren azary sabadtian',3,6,'$2y$10$jeB4fdXDAoKmw7OkdplMPe0gNmvnRWNZhwa4LXvef0F40Rfh7oSIW','1712531064_79B5F096-9007-4C91-ACA9-6762C6D90CEE.png',2,'2020-11-01 06:44:56','2020-11-01 14:55:01'),
(949,'1912521023','ayupusputri@gmail.com','Putri Ayu Puspitasari',2,8,'$2y$10$VdpmjPmHedW40D2u21Ze4.zDZ.vf2KnRtseEGMJALiwM6jhbWZAnW','1912521023_D5F1C82F-D025-47A9-B769-4609F5702131.jpeg',2,'2020-11-01 06:46:59','2020-11-01 14:55:05'),
(950,'1712521047','cindyrahita79@gmail.com','PUTU CINDY RAHITA QUEENELYA',2,6,'$2y$10$AQJG.YJC7COYialyo9.yMe6PmLpGPio0XXhngSEpUWHzKzmexFgsi','1712521047_Screenshot_20201101-152434_Chrome.jpg',2,'2020-11-01 07:26:56','2020-11-01 14:55:08'),
(951,'1812541049','adindaaryap@gmail.com','Adinda Arya Putri',4,7,'$2y$10$A51yXmCT6fhAtmA5MQxukuyU0UzNE331Z38PJI6009X2jVRvCy2um','1812541049_61BE7DCA-4A5C-4AB6-A221-F4F97AF964C2.png',2,'2020-11-01 08:45:56','2020-11-01 14:56:25'),
(952,'1712541024','suardewi7399@gmail.com','Ayu Suar Dewi',4,6,'$2y$10$Tw.tTMoc8YcdrudhArxvwOzupqeY8pkISW3Ct39t1FyZMXzTAldAi','1712541024_Screenshot_20201101-165042.png',2,'2020-11-01 08:46:03','2020-11-01 14:56:28'),
(953,'2012541059','Adysuluh@gmail.com','I Putu Suluh Pradipta Suwangsa',4,9,'$2y$10$ZtYe05Ah8VSQPkzr9R1/auFK9JUZalflk2f9xF1VcL6QVCeD6GYfi','2012541059_974CB4F4-1EDA-4853-B5E5-6F166E62BCB4.png',2,'2020-11-01 08:49:34','2020-11-01 14:56:32'),
(954,'1812511044','galuhsriwedari27@gmail.com','Galuh Sri Wedari',1,7,'$2y$10$fDVFY5txTElBYljH4/IYCuKXursA55/k.QdeA8FgXwY5CmsIxdYzO','1812511044_20201101_171850.jpg',2,'2020-11-01 09:43:08','2020-11-01 14:56:35'),
(955,'1912541063','rodeorodeo05@gmail.com','Bagus Brahmeshwara',4,8,'$2y$10$dOWA7HSIw5r5PkmKBNbjW.k9HS9RWl8MSKfAzPJPaZqJafIVTnJ46','1912541063_Screenshot_20201101-180527_Chrome.jpg',2,'2020-11-01 10:07:51','2020-11-01 14:56:40'),
(956,'1912541058','Dewipristyaaa@gmail.com','Dewi pristya budi ayu',4,8,'$2y$10$ObRGz8OWQhJNkKdkFLjs8er227eZ52/I.IIDp4l3vSYulSL3bC9Jq','1912541058_IMG_3611.png',2,'2020-11-01 10:18:57','2020-11-01 14:57:41'),
(957,'2012551078','melyanandapu3@gmail.com','Putu Melyananda Putri Maharani',5,9,'$2y$10$a7fkSgn8UR4HXuRaHJDS3ehlwbxP1.UT6Bts8Xf380SOsCWZfU4..','2012551078_Screen Shot 2020-11-01 at 6.39.22 PM.png',2,'2020-11-01 10:27:05','2020-11-01 14:57:44'),
(958,'1912541044','reynineviari@gmail.com','Reyni Nevi',4,8,'$2y$10$y4Zp75.7Q.FpM8SDiad3DOa5Ja3xEB6JJLp1eBsXPg/haH2eG2STC','1912541044_1912541044_Reyni Neviari Bening.jpg.jpg',2,'2020-11-01 10:39:27','2020-11-01 14:57:48'),
(959,'1912541007','Niawinrana22@gmail.com','Ni putu wintana milenia',4,8,'$2y$10$2Oh9yE0ZjRqGvlviJljPq.BBFxp0xVh4dm6v9dHyLdf3faezv180K','1912541007_Screenshot_2020-11-01-18-41-35-91.png',2,'2020-11-01 10:45:54','2020-11-01 14:57:51'),
(960,'1912541024','Wisnuputrawibawa06@gmail.com','I Made Wisnu Putra Wibawa',4,8,'$2y$10$kC536VKLZrKRsQsiWvFVd.BlzQFwQHRCJvC0VRke4DxFmDsg3AiRq','1912541024_Screenshot_20201101-183702_Chrome.jpg',2,'2020-11-01 10:49:49','2020-11-01 14:57:55'),
(961,'1912531053','naratamaglxprime@gmail.com','Putu Naratama Nugraha',3,8,'$2y$10$qLGOX8EK.N8OydM9.I5JxOfuh45iK5O.8E46VzrfQqYtc27W6BFPu','1912531053_Screenshot_2020-11-01-19-08-25-82.jpg',2,'2020-11-01 11:09:25','2020-11-01 14:57:58'),
(962,'1812551061','bulanmelania9@gmail.com','Bulan Melania',5,7,'$2y$10$JnbM/75JFZn4zXa3/DPeO.mVg3WUsLSL2oKhHCTLJ08r0Vkgip5DW','1812551061_93FB7CC5-88C0-4C81-A097-05E02E3BAD80.png',2,'2020-11-01 11:53:36','2020-11-01 14:58:17'),
(963,'1912541060','rachelkoinoniaa@gmail.com','Rachel Koinonia Agape',4,8,'$2y$10$onqSoNrTWOdupz/NDk2NSOX1c574SNDCxzXBsCyOmqJRBNb4r4z8C','1912541060_Screenshot_20201102-004702_Chrome.jpg',2,'2020-11-01 16:47:58','2020-11-02 00:45:15'),
(964,'1912511014','ardijayapratama2001@gmail.com','Ardijaya Pratama',1,8,'$2y$10$iny68IWQohJvHRgJpZtEpOKKOdV1.L0PD0dtxpZbmnU5yZ2fdivb6','1912511014_4EEEDF14-836E-43BE-9686-F4134A7810D1.png',2,'2020-11-01 23:51:36','2020-11-02 00:45:50'),
(965,'1912541053','agnes.as@student.unud.ac.id','Agnes Aprillia Sari',4,8,'$2y$10$M9jADOH3ZCaDdMskbZ86K.IjtJKLeFlRmiXwCr0Ew3ozmSxxqE5E.','1912541053_Screenshot_2020-11-02-07-23-50-68.png',2,'2020-11-02 00:25:44','2020-11-02 00:46:15'),
(966,'1912541031','intanpramiswari01@gmail.com','Intan Pramiswari',4,8,'$2y$10$onRUSCDiSuGoeXOG/iHLI.ivBx2zN6T8ioMYg12JULAyPMEn9pvxG','1912541031_FF766A6B-5B1A-48B4-B13A-0B77C78925A3.png',2,'2020-11-02 00:34:36','2020-11-02 00:46:30'),
(967,'1812551060','gusagung2603@gmail.com','satia',5,7,'$2y$10$yRt9dq4KWjbCOdY82PBzreMvCSBRV.R5ZwyLVV1fzHdp9I4U7NL9S','1812551060_85FCA9BB-76BA-41DD-8555-7E1EB0D9B833.png',2,'2020-11-02 00:42:23','2020-11-02 00:46:54'),
(968,'1912541032','sjfirdann@gmail.com','Ahmad Firdan Sjf',4,8,'$2y$10$EtyjMvVWSpsRqcVxB.oh0ONIYNly80.blhMtfHMvtwq7cyLVjpOxi','1912541032_images (1).png',2,'2020-11-02 00:54:39','2020-11-02 00:58:51'),
(969,'1912511012','ayuwinadi@gmail.com','I Nyoman Ayu Sri Winadi',1,8,'$2y$10$hCSKZrV.ynFNUP.2yqvpveY4dxRc7KstAAZt6rM8fXuHrddQi3HUm','1912511012_WhatsApp Image 2020-11-01 at 16.52.09.jpeg',2,'2020-11-02 00:58:09','2020-11-02 00:59:18'),
(970,'1912551066','wandaerika28@gmail.com','Wanda Erika Maharani',5,8,'$2y$10$fTVegmFZcCXGyvkNZjwaB.CbRV7.SfKzSD50P2Hp.HRO3zAqsGw5i','1912551066_B039E8D4-641D-41D7-8D41-A2D29B24869E.png',2,'2020-11-02 01:15:05','2020-11-02 01:16:23'),
(971,'1812521042','rickymahendra220@gmail.com','Gede Ricky Mahendra Putra Supartha',2,7,'$2y$10$o/lELMbWokqcNFG87Fq4yefe9RSI5CK1qymTiDnvfUYv4sFZEVx2C','1812521042_Screenshot (41).png',2,'2020-11-02 01:27:20','2020-11-02 01:40:18'),
(972,'1812521036','ollariry99@gmail.com','Yolansya L. G. Riry',2,7,'$2y$10$eYw379bAX49eAKi/3tPC8eA4A7f6ssZV0GCkRqoDhDUCgNG8Y3ypK','1812521036_IMG_20201102_094552.jpg',2,'2020-11-02 01:46:51','2020-11-02 02:05:49'),
(973,'2012541020','anitatheresa6481@gmail.com','ANITA THERESA PUTRIYANTO SIRAIT',4,9,'$2y$10$vJlJFZQwupn46XRCV0dZYuXedb3mFWDX5BtEhZXL3ofR03RWdBKFu','2012541020_Screenshot_2020-11-02-09-08-59-550_com.android.browser.png',2,'2020-11-02 02:12:15','2020-11-02 02:14:49'),
(974,'1812541045','ayumasdindapramesti@gmail.com','Desak ayu mas dinda pramesti',4,7,'$2y$10$kfbgxpBcLonbzevygwdwZ.MrAks0A5.X1ayITuMyubPFZC4QTgFfq','1812541045_6FDAC218-6D5F-468E-8E74-F217FF3C8D9B.png',2,'2020-11-02 02:37:49','2020-11-02 02:40:09'),
(975,'1912521002','sarah.adisurya@gmail.com','Sarah Widda Amara',2,8,'$2y$10$BPpnu78RcVn06hSflb7ADeQKXcw0j/F/zVlCzc5LnuNCthkgO9Ini','1912521002_Screenshot_20201102-104718_Samsung Internet.jpg',2,'2020-11-02 02:47:37','2020-11-02 02:54:30'),
(976,'1912521003','wulantrisna9@gmail.com','Ni Putu Wulan Trisna',2,8,'$2y$10$/WpVCsqgFnUQxw6B94tQpOEq8Zj8f.CuUyBjIbdVYDAa0FxXIgD5u','1912521003_Screenshot (117).png',2,'2020-11-02 02:50:25','2020-11-02 02:56:12'),
(977,'1912541037','chansyapm23@gmail.com','Komang Chansya Prabahesty Mahesuari',4,8,'$2y$10$n5L5ZGun5gN1sOJVulo6wevQr0uA2AcRJl375Jc6XqHtaa1epz1nK','1912541037_FFC85BC9-565F-4723-9B58-E5D881F55827.jpg',2,'2020-11-02 03:18:03','2020-11-02 03:33:29'),
(978,'1812541042','melisajoris03@gmail.com','Melisa joris',4,7,'$2y$10$kvHcEtZcLc/uw8LhgdSwVuwchI2AtPyOq3kiuVdKbV2lD.OQi/03a','1812541042_968FA05D-776B-4428-A6AA-9189DD2B6406.png',2,'2020-11-02 03:49:46','2020-11-02 03:51:27'),
(979,'1712511031','adityajrasa30@gmail.com','Wasu Aditya',1,6,'$2y$10$Uuz1hMW.Za.wHerOg.486OaJjXi4oTVOQD4.wiT765qkEZPAZk.GO','1712511031_Screenshot_2020-11-02-12-19-14-92.jpg',2,'2020-11-02 04:19:34','2020-11-02 04:21:55'),
(980,'2012521079','yudhaprayoga048@gmail.com','Anak Agung Ngurah Yudha Prayoga',2,9,'$2y$10$2GSmskAZw7oYe173VaqcU.j8gvwFbhlrE.8XKLsFfuHT2K6SjlMhu','2012521079_Screenshot_20201102-122246_Firefox.jpg',2,'2020-11-02 04:23:08','2020-11-02 04:28:49'),
(981,'1812531052','gitapurnama615@gmail.com','Gita purnamasari',3,7,'$2y$10$Syy0M3tbOkmFJUUYRFuIteHZB1At7elLnWcwilpXa/N7reA4447We','1812531052_Screenshot_2020-11-02-14-25-23-126_com.android.chrome.png',2,'2020-11-02 06:26:38','2020-11-02 07:08:15'),
(982,'1712541034','yuniatulihere0@gmail.com','YUNIA OKTAFIANA TULIHERE',4,6,'$2y$10$Ny.AygohoF4rzIPXRDOrlOe09r79MSHS9E68gwTl/yXQIRJWpCLWq','1712541034_Screenshot_2020-11-02-15-46-22.png',1,'2020-11-02 07:52:25','2020-11-02 07:52:25'),
(983,'2012541060','mastejaabhi@gmail.com','Ida Bagus Mas Teja Abhirama',4,9,'$2y$10$C0s3MMo9U4VEB0bw7Gte1.vTduNTvwUzdvXWqyvfuvU7nkqrfCDV2','2012541060_Screenshot_2020-11-01-10-38-27.png',1,'2020-11-02 09:20:46','2020-11-02 09:20:46'),
(984,'1812521046','Pujalaksana5@gmail.com','Surya pujalaksana',2,7,'$2b$10$bbBeVNBD4IIHxG/mjdBpZueEfOdg8YHVbSvbOqQ0uDJv6MetI.Cie','1812521046_0188C722-83FD-4F10-B155-BD606E0C49EE.png',1,'2020-11-02 10:38:20','2020-11-02 10:38:20');

/*Table structure for table `prodis` */

DROP TABLE IF EXISTS `prodis`;

CREATE TABLE `prodis` (
  `id` int(11) NOT NULL AUTO_INCREMENT,
  `prodi` varchar(30) COLLATE utf8mb4_unicode_ci DEFAULT NULL,
  `created_at` timestamp NULL DEFAULT NULL,
  `updtaed_at` timestamp NULL DEFAULT NULL,
  PRIMARY KEY (`id`)
) ENGINE=InnoDB AUTO_INCREMENT=7 DEFAULT CHARSET=utf8mb4 COLLATE=utf8mb4_unicode_ci;

/*Data for the table `prodis` */

insert  into `prodis`(`id`,`prodi`,`created_at`,`updtaed_at`) values 
(1,'Sosiologi','2020-09-29 00:40:18','2020-09-29 00:40:20'),
(2,'Hubungan Internasional','2020-09-29 00:40:22','2020-09-29 00:40:24'),
(3,'Administrasi Negara','2020-09-29 00:40:26','2020-09-29 00:40:28'),
(4,'Ilmu Politik','2020-09-29 00:40:30','2020-09-29 00:40:31'),
(5,'Ilmu Komunikasi','2020-09-29 00:40:33','2020-09-29 00:40:34'),
(6,'D3 Perpustakaan','2020-09-29 00:40:36','2020-09-29 00:40:38');

/*Table structure for table `setting_waktus` */

DROP TABLE IF EXISTS `setting_waktus`;

CREATE TABLE `setting_waktus` (
  `id` bigint(20) unsigned NOT NULL AUTO_INCREMENT,
  `waktu_awal` datetime NOT NULL,
  `waktu_akhir` datetime NOT NULL,
  `created_at` timestamp NULL DEFAULT NULL,
  `updated_at` timestamp NULL DEFAULT NULL,
  PRIMARY KEY (`id`)
) ENGINE=InnoDB AUTO_INCREMENT=3 DEFAULT CHARSET=utf8mb4 COLLATE=utf8mb4_unicode_ci;

/*Data for the table `setting_waktus` */

insert  into `setting_waktus`(`id`,`waktu_awal`,`waktu_akhir`,`created_at`,`updated_at`) values 
(1,'2020-11-01 08:34:00','2020-11-02 19:00:00',NULL,NULL);

/*Table structure for table `users` */

DROP TABLE IF EXISTS `users`;

CREATE TABLE `users` (
  `id` bigint(20) unsigned NOT NULL AUTO_INCREMENT,
  `username` varchar(255) COLLATE utf8mb4_unicode_ci NOT NULL,
  `password` varchar(255) COLLATE utf8mb4_unicode_ci NOT NULL,
  `created_at` timestamp NULL DEFAULT NULL,
  `updated_at` timestamp NULL DEFAULT NULL,
  PRIMARY KEY (`id`)
) ENGINE=InnoDB AUTO_INCREMENT=3 DEFAULT CHARSET=utf8mb4 COLLATE=utf8mb4_unicode_ci;

/*Data for the table `users` */

insert  into `users`(`id`,`username`,`password`,`created_at`,`updated_at`) values 
(1,'admin','adminkprm2020','2020-09-18 23:49:45','2020-09-18 23:49:48');

/*!40101 SET SQL_MODE=@OLD_SQL_MODE */;
/*!40014 SET FOREIGN_KEY_CHECKS=@OLD_FOREIGN_KEY_CHECKS */;
/*!40014 SET UNIQUE_CHECKS=@OLD_UNIQUE_CHECKS */;
/*!40111 SET SQL_NOTES=@OLD_SQL_NOTES */;
